Sensor CG 

300g,600g,900g,1200g,1500g,2000g

Test1:
643373,0,0,10
643474,0,0,18
643574,0,0,40
643675,0,0,19
643776,0,0,31
643877,1,0,11
643978,1,0,16
644079,1,0,16
644179,0,0,15
644279,0,0,19
644380,1,0,16
644481,0,0,14
644581,1,0,11
644681,0,0,11
644782,0,0,16
644883,1,0,32
644983,1,0,26
645083,1,0,31
645184,0,0,16
645284,0,0,34
645384,0,0,34
645485,1,0,13
645585,0,0,13
645685,1,0,11
645785,1,0,25
645886,1,0,18
645987,1,0,27
646088,1,0,25
646188,0,0,20
646288,1,0,32
646388,1,0,19
646488,0,0,10
646588,0,0,10
646689,0,0,19
646790,0,0,19
646890,0,0,35
646990,0,0,26
647091,1,0,11
647192,0,0,19
647293,1,0,22
647393,1,0,11
647493,0,0,19
647594,0,0,19
647695,1,0,17
647796,1,0,29
647897,0,0,39
647998,0,0,23
648098,0,0,30
648198,1,0,20
648298,0,0,22
648399,0,0,19
648500,0,0,28
648600,1,0,29
648701,0,0,25
648801,0,0,30
648901,0,0,10
649002,0,0,25
649103,0,0,22
649204,0,0,24
649305,0,0,14
649405,1,0,24
649505,0,0,13
649605,1,0,16
649706,1,0,11
649807,0,0,12
649908,1,0,27
650009,0,0,25
650110,1,0,25
650211,1,0,19
650312,1,0,15
650412,0,0,20
650513,0,0,17
650613,0,0,17
650714,0,0,13
650815,0,0,24
650916,1,0,14
651017,0,0,27
651117,0,0,19
651218,0,0,14
651319,0,0,21
651419,1,0,11
651520,0,0,21
651621,1,0,25
651721,0,0,10
651822,0,0,22
651923,0,0,16
652024,0,0,19
652125,1,0,18
652226,0,0,10
652327,1,0,38
652428,1,0,14
652529,1,0,17
652629,0,0,24
652730,1,0,33
652830,1,0,38
652931,0,0,19
653031,1,0,27
653131,0,0,10
653231,0,0,10
653331,1,0,34
653431,0,0,10
653531,0,0,10
653631,1,0,27
653732,0,0,18
653832,1,0,29
653933,0,0,10
654034,1,0,24
654135,0,0,10
654236,0,0,23
654337,0,0,10
654437,0,0,25
654538,0,0,10
654639,1,0,18
654739,1,0,21
654839,0,0,18
654940,0,0,38
655040,1,0,18
655140,1,0,19
655240,1,0,32
655340,1,0,19
655441,1,0,23
655542,0,0,10
655643,1,0,18
655744,1,0,18
655844,0,0,20
655944,0,0,18
656045,1,0,33
656146,0,0,15
656247,0,0,25
656347,0,0,19
656448,0,0,34
656548,0,0,21
656649,0,0,22
656750,0,0,10
656851,0,0,10
656952,0,0,11
657052,0,0,21
657153,0,0,10
657254,0,0,10
657355,1,0,17
657456,1,0,38
657557,1,0,14
657658,0,0,18
657759,0,0,18
657859,0,0,35
657959,0,0,32
658059,1,0,33
658159,0,0,13
658260,0,0,10
658361,0,0,18
658461,0,0,27
658561,0,0,27
658662,0,0,18
658762,1,0,20
658862,1,0,16
658963,8,0,45
659064,14,0,51
659164,26,0,71
659264,35,1,83
659365,42,19,85
659466,52,25,81
659566,56,2,84
659667,66,25,100
659768,66,9,105
659869,74,39,114
659969,72,33,110
660070,70,30,102
660170,68,28,105
660271,69,29,97
660372,67,34,97
660473,65,27,87
660573,64,24,96
660674,64,19,104
660774,63,37,103
660875,65,36,95
660976,64,35,102
661077,63,15,91
661177,64,27,105
661278,66,24,102
661378,67,40,103
661478,69,25,116
661579,67,19,100
661679,66,28,109
661780,65,17,107
661881,66,32,119
661982,65,36,97
662082,66,29,79
662182,64,26,89
662282,64,31,91
662383,63,22,108
662483,64,22,104
662583,62,19,108
662683,64,13,100
662783,67,31,112
662884,65,20,103
662984,64,24,107
663084,65,29,108
663184,68,38,109
663284,68,33,101
663384,68,27,95
663485,68,32,98
663586,68,32,101
663687,63,26,97
663787,59,20,108
663888,62,26,89
663989,61,24,98
664090,61,22,107
664191,64,36,120
664291,67,23,106
664392,66,19,119
664493,66,18,97
664593,63,38,95
664694,66,39,115
664794,65,32,96
664894,61,32,107
664994,60,17,101
665095,58,31,93
665196,60,30,82
665297,60,16,86
665398,60,16,105
665499,59,7,100
665599,55,11,90
665700,57,16,107
665801,57,19,107
665901,59,22,93
666001,59,17,92
666102,61,33,102
666203,61,35,81
666303,66,40,107
666403,65,21,113
666503,65,33,107
666604,67,34,106
666705,71,30,107
666805,80,37,114
666905,92,33,127
667005,103,85,135
667105,119,80,163
667206,132,93,158
667306,140,98,172
667407,147,112,185
667507,156,113,193
667608,156,128,190
667708,155,105,199
667809,152,122,186
667909,149,110,196
668010,150,103,170
668111,148,93,184
668212,146,109,185
668312,146,117,177
668413,145,112,194
668514,144,96,193
668614,145,124,191
668714,144,95,174
668815,143,99,201
668915,141,104,180
669015,141,103,190
669116,141,97,171
669217,141,105,175
669318,143,100,166
669418,142,103,165
669519,142,95,172
669620,143,109,193
669720,142,106,184
669821,141,102,178
669921,142,100,177
670022,141,106,175
670122,141,99,172
670222,140,99,176
670323,140,100,176
670423,139,87,174
670524,139,93,180
670624,140,101,186
670724,140,103,172
670825,139,97,157
670926,139,99,191
671027,140,105,170
671128,159,125,197
671229,181,138,226
671329,203,159,245
671429,223,191,257
671530,231,183,269
671630,225,193,261
671731,226,182,263
671832,225,186,277
671933,223,186,270
672033,225,185,262
672133,224,192,255
672233,224,190,266
672333,222,182,261
672434,221,184,263
672535,221,176,256
672636,222,196,269
672737,220,193,254
672838,218,168,254
672939,219,167,247
673040,220,192,263
673141,220,174,257
673242,219,185,253
673342,217,175,260
673443,217,199,252
673543,220,174,252
673644,216,183,261
673744,217,162,254
673844,220,186,243
673945,221,186,277
674046,220,174,245
674147,223,186,245
674248,219,167,259
674349,218,186,258
674449,219,176,264
674550,221,175,260
674651,220,183,256
674751,222,175,274
674852,224,192,266
674953,220,186,253
675053,219,181,265
675154,220,184,268
675254,223,178,262
675354,223,182,263
675455,226,195,265
675556,226,179,264
675657,228,194,275
675757,225,190,263
675858,223,178,249
675959,223,188,262
676059,222,179,258
676160,224,193,265
676260,227,166,253
676360,227,192,264
676461,226,181,251
676562,226,186,265
676662,225,187,271
676763,227,188,260
676864,231,184,270
676965,233,193,270
677066,233,175,278
677167,234,184,291
677268,234,201,278
677369,233,194,265
677470,235,189,274
677571,235,204,271
677672,238,202,265
677773,242,211,285
677873,240,197,298
677974,237,192,274
678075,236,205,280
678176,236,201,282
678277,234,196,263
678377,237,198,281
678478,241,180,289
678578,238,192,274
678678,240,187,279
678779,234,198,272
678880,234,202,276
678980,233,186,273
679080,236,199,271
679181,238,199,273
679282,239,202,278
679383,245,210,274
679483,250,212,278
679584,256,220,307
679684,267,215,310
679784,280,233,325
679885,290,246,338
679986,300,285,347
680087,300,285,335
680187,306,280,339
680288,322,282,344
680389,320,280,355
680489,318,274,365
680589,314,266,343
680689,312,282,362
680789,312,267,348
680890,310,274,343
680990,310,278,338
681091,308,285,337
681192,304,270,351
681293,302,263,337
681394,302,276,337
681495,301,277,339
681595,301,250,343
681696,301,258,348
681796,302,271,350
681896,303,253,345
681996,301,243,325
682097,302,273,338
682198,301,265,331
682298,302,263,334
682399,302,270,347
682500,302,267,328
682601,301,261,345
682702,303,272,347
682802,304,259,350
682903,304,257,349
683004,302,250,335
683105,302,276,343
683206,300,266,346
683307,298,258,340
683407,301,262,336
683508,301,262,350
683608,302,271,338
683709,307,275,359
683810,330,287,368
683910,354,304,405
684010,376,338,399
684111,386,353,432
684212,404,358,448
684313,399,361,449
684414,392,340,428
684515,396,361,436
684616,395,374,445
684716,395,350,438
684816,391,354,424
684916,393,356,435
685017,392,347,433
685118,384,342,422
685219,382,349,417
685320,379,356,422
685421,381,342,408
685522,379,357,409
685623,376,342,418
685724,376,324,403
685825,379,345,421
685926,380,340,404
686026,380,355,412
686127,380,336,413
686228,380,360,416
686329,378,343,417
686429,378,335,427
686530,382,357,413
686630,382,338,416
686730,386,350,417
686831,386,356,424
686932,384,347,424
687032,386,348,426
687133,381,352,419
687233,382,340,417
687333,380,337,405
687434,381,339,416
687534,375,355,415
687635,372,345,404
687735,376,326,430
687835,380,330,414
687936,379,334,424
688037,377,337,417
688137,375,343,402
688238,374,339,430
688338,377,342,412
688439,376,325,417
688540,381,348,425
688641,392,356,430
688742,403,373,428
688842,425,375,463
688943,438,391,482
689043,455,424,494
689144,476,455,504
689244,480,452,514
689345,492,446,524
689446,504,480,547
689546,503,474,537
689647,502,461,535
689748,496,470,536
689849,495,454,526
689949,494,456,540
690049,492,445,513
690150,490,446,529
690250,499,451,543
690350,498,468,535
690450,501,453,540
690550,498,454,534
690651,494,445,514
690751,499,458,551
690851,498,464,538
690952,495,450,544
691052,493,451,526
691153,492,463,516
691254,491,444,528
691354,494,456,528
691455,493,452,526
691555,492,450,545
691655,491,459,517
691756,489,457,536
691856,484,455,507
691957,480,439,530
692057,480,432,515
692158,480,452,502
692259,478,431,505
692360,481,434,516
692461,477,456,535
692562,475,444,531
692663,478,437,511
692764,476,444,516
692865,477,432,524
692965,481,439,504
693066,484,438,516
693166,485,436,523
693266,475,432,519
693367,483,453,505
693467,480,450,521
693567,479,447,521
693667,483,440,515
693767,482,444,536
693868,484,438,514
693969,485,452,526
694070,488,462,536
694170,358,333,398
694271,143,101,188
694371,25,0,69
694471,3,0,17
694571,0,0,29
694671,0,0,16
694772,1,0,23
694872,1,0,17
694973,1,0,31
695074,1,0,25
695175,1,0,27
695275,1,0,19
695375,0,0,14
695476,0,0,15
695576,1,0,30
695676,1,0,21
695776,0,0,10
695876,0,0,31
695977,1,0,27
696078,1,0,13
696179,1,0,18
696280,1,0,20
696381,1,0,31
696482,0,0,24
696582,0,0,22
696683,0,0,13
696783,1,0,26
696884,0,0,13
696985,1,0,27
697085,1,0,13
697186,0,0,25

Test2:
774797,0,0,10
774897,0,0,26
774997,1,0,12
775097,1,0,25
775198,1,0,22
775298,0,0,14
775398,1,0,29
775498,1,0,11
775598,0,0,18
775699,1,0,11
775800,1,0,19
775900,1,0,21
776000,0,0,20
776100,1,0,18
776200,0,0,10
776301,1,0,33
776401,1,0,35
776501,1,0,28
776601,1,0,21
776701,1,0,21
776801,1,0,33
776902,1,0,23
777003,1,0,37
777103,0,0,12
777203,0,0,20
777304,0,0,10
777405,1,0,33
777505,1,0,25
777606,1,0,24
777706,0,0,10
777806,1,0,22
777907,0,0,10
778007,0,0,10
778107,0,0,27
778207,0,0,24
778308,1,0,23
778408,0,0,24
778508,1,0,16
778609,0,0,18
778709,1,0,31
778809,0,0,19
778910,1,0,29
779011,1,0,24
779111,1,0,29
779211,0,0,10
779312,1,0,29
779413,0,0,18
779514,1,0,22
779614,1,0,21
779715,0,0,10
779815,1,0,13
779915,1,0,17
780015,1,0,20
780116,1,0,11
780216,0,0,26
780316,0,0,19
780417,0,0,11
780517,1,0,37
780617,0,0,30
780718,1,0,24
780819,0,0,36
780919,1,0,31
781020,0,0,10
781121,0,0,25
781222,0,0,10
781322,0,0,15
781423,0,0,37
781523,1,0,14
781623,1,0,25
781724,1,0,26
781825,1,0,11
781926,1,0,20
782027,0,0,19
782128,0,0,10
782228,1,0,12
782328,0,0,15
782429,0,0,32
782530,1,0,15
782631,1,0,25
782731,1,0,11
782831,0,0,34
782932,0,0,25
783032,1,0,11
783133,1,0,25
783234,1,0,17
783335,1,0,13
783435,0,0,10
783535,1,0,21
783636,1,0,17
783736,1,0,26
783837,0,0,10
783937,1,0,36
784038,0,0,23
784138,1,0,35
784239,1,0,18
784340,0,0,16
784441,1,0,25
784541,0,0,27
784641,1,0,35
784742,1,0,16
784842,1,0,14
784942,1,0,13
785043,1,0,25
785144,1,0,19
785245,0,0,10
785345,0,0,10
785446,1,0,14
785546,0,0,15
785646,1,0,18
785747,1,0,25
785847,0,0,18
785947,1,0,11
786048,1,0,23
786148,1,0,37
786249,0,0,25
786350,1,0,18
786451,1,0,37
786552,0,0,10
786653,1,0,11
786754,1,0,11
786855,1,0,11
786956,0,0,22
787057,0,0,28
787158,1,0,49
787259,1,0,26
787360,0,0,28
787461,0,0,30
787562,0,0,24
787662,0,0,34
787762,0,0,24
787863,1,0,14
787964,1,0,18
788065,0,0,14
788165,4,0,33
788265,12,0,59
788365,23,0,57
788466,37,0,66
788567,49,11,83
788667,55,12,93
788768,58,24,91
788868,58,15,99
788968,57,21,107
789069,57,0,107
789170,56,22,103
789270,56,16,91
789371,56,26,89
789472,56,5,90
789572,55,24,88
789672,55,23,90
789773,55,24,99
789874,55,15,84
789975,54,25,81
790076,54,25,92
790176,55,7,96
790277,55,18,81
790377,53,25,86
790477,53,10,94
790578,53,19,80
790679,55,18,87
790779,54,20,87
790880,55,17,91
790981,56,11,96
791081,58,12,86
791182,59,29,85
791283,60,34,86
791384,60,46,105
791484,59,7,82
791584,60,24,86
791684,61,19,91
791785,61,32,99
791885,61,37,103
791986,60,25,105
792087,58,12,112
792187,60,16,81
792287,63,31,90
792387,62,23,102
792488,62,19,93
792589,62,18,107
792689,62,19,97
792789,63,19,88
792890,62,34,111
792990,63,16,114
793091,65,21,105
793191,76,47,121
793292,91,52,138
793393,105,55,144
793494,122,78,153
793594,138,104,173
793695,148,103,185
793796,150,105,186
793896,158,108,181
793996,157,133,200
794097,157,114,207
794198,153,109,184
794298,150,90,202
794399,153,121,183
794499,153,120,198
794599,151,107,177
794700,149,125,188
794801,154,105,192
794901,153,123,176
795001,156,106,194
795102,155,109,195
795202,151,104,188
795303,161,125,209
795403,161,124,186
795504,161,121,191
795604,162,127,210
795704,163,132,202
795805,158,137,195
795905,153,106,221
796006,152,101,193
796106,155,119,188
796206,155,117,193
796307,157,120,178
796408,153,118,184
796509,151,106,181
796609,151,112,177
796710,148,108,192
796810,146,109,181
796911,145,118,186
797012,147,122,182
797113,146,108,180
797214,148,125,193
797315,152,102,193
797416,150,106,185
797517,156,126,194
797618,149,122,182
797718,147,110,191
797819,150,95,176
797920,146,101,181
798021,145,117,175
798122,143,104,170
798223,140,89,178
798324,136,104,189
798425,136,97,167
798526,139,89,195
798627,140,102,193
798728,139,109,175
798829,138,94,174
798930,143,112,179
799031,143,109,185
799131,145,100,188
799232,146,106,181
799332,143,106,171
799432,143,95,181
799533,142,112,183
799633,141,122,182
799733,133,105,176
799834,131,100,166
799935,136,94,186
800036,136,90,194
800137,137,95,179
800237,140,106,192
800338,144,103,184
800438,147,112,185
800539,147,119,175
800639,145,109,199
800740,145,99,188
800840,141,95,179
800940,141,91,188
801040,139,95,185
801140,142,94,185
801240,142,96,194
801341,143,113,187
801442,141,108,189
801543,150,98,184
801644,153,113,216
801744,167,133,212
801845,184,141,218
801945,197,179,232
802046,212,183,225
802147,219,182,269
802248,228,189,275
802348,215,172,261
802449,212,193,242
802550,209,168,248
802651,209,171,258
802752,212,170,261
802853,213,178,245
802953,213,169,253
803054,217,182,269
803154,220,185,265
803255,217,191,251
803356,216,178,257
803457,215,171,254
803558,214,174,245
803659,214,166,241
803759,216,188,267
803859,216,179,247
803960,220,177,247
804060,219,174,269
804160,220,189,259
804260,220,183,250
804361,217,174,268
804462,217,184,262
804563,216,173,260
804664,219,185,257
804764,219,165,237
804864,219,174,257
804965,221,194,254
805066,220,175,247
805166,220,173,253
805267,221,183,268
805368,222,171,257
805468,222,181,271
805568,224,181,256
805669,224,166,263
805770,223,190,251
805870,223,184,254
805971,222,180,267
806072,222,184,261
806172,221,188,258
806273,220,183,258
806374,219,178,258
806475,217,182,257
806575,217,166,247
806676,218,188,255
806777,218,188,246
806878,220,179,276
806979,220,182,260
807080,220,192,252
807180,220,187,249
807280,221,175,266
807380,220,187,248
807481,220,181,249
807582,223,178,252
807682,225,187,267
807783,225,184,266
807884,226,205,267
807985,228,198,261
808086,229,183,265
808186,227,193,255
808287,227,188,260
808388,227,195,272
808488,229,202,245
808588,229,183,286
808688,226,191,277
808789,226,184,272
808890,231,188,264
808991,230,193,271
809091,228,175,277
809192,226,182,253
809293,228,186,267
809393,227,186,253
809494,227,184,266
809595,229,184,272
809696,235,194,268
809796,241,202,297
809897,254,216,289
809998,269,230,301
810098,279,235,314
810199,291,249,332
810300,301,262,346
810401,299,263,331
810502,300,276,333
810603,297,249,342
810703,293,241,342
810804,292,254,328
810905,290,261,341
811006,289,256,343
811106,289,260,307
811207,287,240,329
811308,289,244,327
811409,291,245,323
811510,293,259,343
811610,292,263,327
811710,292,248,316
811811,290,235,323
811912,290,253,335
812012,293,250,341
812112,290,249,327
812212,291,251,338
812313,292,253,315
812414,294,258,310
812514,298,267,322
812615,298,252,335
812716,300,253,342
812817,299,256,343
812917,300,273,339
813017,298,251,331
813117,297,264,333
813217,297,255,341
813318,300,262,340
813418,302,262,334
813519,303,262,342
813620,302,260,357
813721,301,265,326
813821,303,253,347
813921,302,268,321
814022,302,266,344
814123,306,263,352
814224,306,270,343
814325,307,265,353
814426,306,256,324
814527,306,263,344
814628,306,263,333
814728,305,278,333
814828,305,266,338
814928,305,246,335
815029,304,281,328
815129,304,265,350
815230,302,265,338
815330,302,252,332
815430,301,261,352
815530,300,264,345
815630,300,249,340
815730,300,255,335
815831,301,260,339
815931,304,252,342
816031,305,262,344
816132,304,265,331
816233,305,271,340
816334,307,262,339
816435,306,262,350
816536,306,271,346
816636,308,265,340
816737,309,265,346
816837,311,263,344
816938,308,272,344
817039,309,264,362
817139,309,267,351
817239,309,271,333
817340,310,263,345
817440,309,276,352
817541,310,268,345
817642,307,272,347
817742,307,277,337
817842,308,276,339
817942,308,271,356
818042,313,272,347
818142,327,278,358
818243,345,298,378
818343,363,326,413
818444,376,348,421
818545,380,356,427
818645,398,362,433
818745,396,356,433
818846,397,348,440
818947,396,349,431
819048,397,342,429
819149,396,357,429
819249,395,359,426
819349,393,355,420
819450,392,352,414
819550,386,340,432
819650,382,338,422
819751,379,353,414
819851,379,336,418
819951,379,350,428
820051,380,343,422
820152,374,338,419
820252,373,321,419
820353,373,337,433
820454,376,331,426
820554,374,350,412
820654,377,341,403
820755,377,338,419
820856,377,331,407
820957,377,338,401
821058,377,337,413
821158,378,329,413
821259,380,349,429
821359,380,336,418
821459,380,332,414
821559,377,347,410
821660,377,341,429
821760,376,348,409
821861,376,347,415
821961,376,332,400
822062,378,330,425
822162,378,344,428
822263,379,335,428
822363,378,339,409
822464,381,351,421
822565,381,330,414
822666,383,338,396
822766,382,340,434
822867,383,345,425
822968,380,349,415
823068,379,339,414
823169,379,343,420
823269,378,342,411
823370,374,344,431
823471,377,328,397
823571,379,338,410
823672,373,323,399
823773,372,345,418
823873,369,328,421
823973,371,325,406
824074,371,336,425
824174,369,321,405
824275,365,329,411
824376,363,317,405
824477,361,329,392
824578,360,309,385
824679,357,310,383
824780,361,323,414
824881,358,313,384
824981,358,317,393
825082,362,323,408
825182,361,335,411
825283,362,325,400
825383,362,310,404
825484,363,342,405
825584,367,340,408
825684,367,328,401
825784,366,315,384
825884,364,324,414
825985,363,327,388
826085,361,339,396
826185,366,334,398
826286,390,350,427
826386,416,360,465
826486,440,398,473
826587,468,443,503
826687,491,467,519
826788,496,460,540
826889,479,446,519
826989,479,434,526
827090,478,443,504
827191,481,445,517
827292,482,436,523
827392,482,432,516
827493,481,435,526
827594,483,435,514
827695,481,443,510
827796,475,442,523
827896,472,434,522
827996,474,436,517
828096,472,422,523
828196,475,444,513
828297,479,444,527
828398,483,435,533
828499,482,450,525
828600,487,454,506
828701,486,445,515
828802,488,468,522
828902,486,446,509
829003,485,462,520
829103,487,438,525
829204,492,451,543
829304,492,449,525
829404,494,443,527
829505,491,458,545
829605,493,462,521
829705,493,454,509
829805,493,467,530
829905,495,448,522
830005,493,454,532
830106,491,451,521
830207,494,438,534
830307,493,447,515
830408,492,458,542
830508,491,448,525
830609,492,447,519
830709,494,458,535
830810,495,446,542
830911,492,454,531
831011,497,463,527
831111,499,470,528
831212,499,472,527
831312,499,458,557
831412,497,449,536
831512,500,456,543
831613,502,449,535
831713,505,468,549
831813,508,474,549
831914,502,458,544
832015,507,473,555
832116,504,467,539
832216,507,457,561
832316,509,474,545
832416,510,463,548
832517,512,471,542
832618,516,481,547
832718,519,474,550
832818,523,485,558
832919,524,484,584
833019,521,469,566
833119,517,488,550
833219,515,482,540
833319,510,466,548
833419,514,470,545
833520,510,467,547
833621,511,468,539
833722,513,462,550
833822,508,471,547
833923,513,476,559
834023,510,471,542
834123,506,464,544
834223,511,490,533
834324,512,462,542
834425,512,472,542
834525,511,485,558
834626,511,467,554
834727,511,470,556
834828,509,459,542
834929,390,349,424
835030,123,80,160
835131,19,0,51
835231,3,0,13
835332,1,0,24
835432,1,0,23
835532,0,0,12
835633,1,0,23
835733,1,0,13
835833,1,0,11
835934,0,0,19
836035,1,0,27
836136,1,0,18
836237,1,0,21
836337,1,0,22
836437,1,0,13
836537,1,0,11
836637,1,0,29
836738,1,0,12
836838,1,0,32
836939,0,0,25
837039,1,0,19
837140,1,0,11
837241,1,0,21
837342,1,0,11
837442,1,0,32
837542,0,0,25
837643,1,0,11
837744,1,0,24
837845,1,0,32
837946,1,0,19
838047,1,0,37
838147,1,0,34
838248,0,0,24
838348,0,0,15
838449,1,0,11
838550,1,0,18
838651,1,0,13

Test3:
1011780,0,0,14
1011881,0,0,18
1011981,1,0,35
1012082,0,0,18
1012183,0,0,24
1012283,1,0,20
1012383,0,0,15
1012483,0,0,12
1012583,1,0,21
1012684,0,0,10
1012784,1,0,25
1012884,0,0,17
1012985,0,0,17
1013085,0,0,22
1013185,0,0,10
1013285,0,0,12
1013386,1,0,17
1013486,0,0,15
1013587,0,0,12
1013687,0,0,10
1013787,0,0,11
1013888,0,0,17
1013988,0,0,10
1014088,1,0,14
1014189,1,0,14
1014290,0,0,35
1014390,0,0,21
1014491,0,0,23
1014592,0,0,15
1014692,1,0,11
1014793,0,0,24
1014893,0,0,12
1014994,0,0,20
1015095,0,0,16
1015196,1,0,11
1015297,0,0,17
1015398,0,0,11
1015499,0,0,19
1015599,1,0,17
1015700,0,0,18
1015800,0,0,20
1015901,0,0,10
1016002,0,0,20
1016102,1,0,11
1016202,1,0,32
1016302,0,0,25
1016402,0,0,10
1016502,0,0,14
1016603,0,0,23
1016704,0,0,14
1016804,0,0,20
1016905,0,0,27
1017005,0,0,16
1017105,0,0,20
1017205,0,0,26
1017305,0,0,10
1017405,0,0,18
1017505,0,0,29
1017606,0,0,33
1017707,0,0,26
1017808,0,0,22
1017909,1,0,20
1018010,1,0,11
1018111,0,0,16
1018211,0,0,11
1018312,1,0,22
1018412,0,0,10
1018512,0,0,28
1018613,0,0,21
1018714,0,0,30
1018815,0,0,22
1018916,0,0,24
1019016,0,0,12
1019116,0,0,15
1019217,1,0,13
1019318,0,0,13
1019419,0,0,29
1019519,1,0,19
1019620,0,0,19
1019721,0,0,14
1019822,0,0,27
1019923,7,0,24
1020024,17,0,53
1020124,27,0,56
1020225,42,9,73
1020325,60,21,100
1020425,64,36,102
1020525,68,27,108
1020625,61,40,110
1020725,61,30,102
1020825,58,14,104
1020925,57,17,93
1021025,57,22,78
1021125,57,19,91
1021226,58,38,94
1021327,61,22,94
1021428,63,25,110
1021529,61,23,106
1021630,61,27,106
1021730,62,25,95
1021830,61,20,114
1021931,62,34,99
1022032,62,27,104
1022132,63,16,97
1022232,64,21,102
1022333,65,31,106
1022434,64,31,96
1022534,66,21,106
1022634,66,38,107
1022735,66,34,99
1022835,65,31,83
1022936,68,28,115
1023036,66,26,108
1023137,66,26,104
1023237,67,26,101
1023338,67,23,93
1023438,66,33,84
1023538,66,27,100
1023638,68,27,99
1023738,68,40,105
1023839,70,37,103
1023939,69,23,97
1024040,73,32,99
1024140,72,18,112
1024241,72,30,96
1024341,71,44,98
1024442,71,30,104
1024542,71,29,101
1024642,73,18,113
1024743,71,33,109
1024844,71,30,118
1024945,72,40,110
1025045,73,46,121
1025145,74,34,93
1025245,72,22,109
1025345,73,23,103
1025446,72,26,114
1025547,75,30,120
1025647,76,49,111
1025747,78,34,101
1025847,78,37,116
1025948,79,54,109
1026048,79,41,120
1026148,79,43,125
1026249,82,42,107
1026350,89,51,121
1026451,99,53,140
1026552,110,78,141
1026652,117,84,149
1026752,130,118,160
1026852,137,96,194
1026953,141,95,167
1027054,133,97,186
1027155,135,94,162
1027256,136,102,171
1027357,135,104,168
1027457,137,103,178
1027557,137,105,172
1027658,137,91,174
1027758,139,109,183
1027859,137,108,162
1027960,136,101,169
1028061,137,107,181
1028162,135,96,176
1028263,136,92,168
1028364,137,102,184
1028465,139,103,175
1028565,140,110,197
1028666,139,110,185
1028766,140,104,164
1028867,141,95,182
1028968,141,98,160
1029068,141,105,192
1029169,140,103,193
1029270,139,102,172
1029370,139,105,187
1029470,138,106,188
1029570,141,100,171
1029670,140,115,203
1029771,141,87,175
1029872,143,103,172
1029973,143,107,194
1030074,144,127,195
1030174,143,94,179
1030275,142,100,174
1030375,141,92,177
1030475,140,106,194
1030576,141,92,176
1030677,140,98,180
1030778,141,101,174
1030879,143,107,183
1030980,145,102,176
1031081,145,115,186
1031181,146,118,183
1031281,147,124,173
1031382,147,116,180
1031482,147,112,184
1031583,146,109,180
1031684,147,118,184
1031785,148,114,192
1031885,149,110,183
1031986,148,115,164
1032087,149,105,194
1032188,150,101,204
1032289,150,100,185
1032390,150,117,184
1032490,149,104,176
1032591,150,115,194
1032691,150,98,185
1032792,157,109,192
1032893,176,135,224
1032994,190,148,228
1033094,211,162,271
1033195,217,193,264
1033296,230,200,254
1033397,228,185,265
1033498,228,196,269
1033598,227,187,277
1033698,229,205,269
1033798,229,178,266
1033899,230,179,276
1034000,229,197,261
1034100,227,192,254
1034200,226,193,272
1034300,226,190,255
1034401,228,200,273
1034501,229,192,248
1034602,228,200,268
1034702,226,174,256
1034803,226,165,271
1034904,225,185,265
1035005,220,187,252
1035105,222,177,260
1035206,223,187,256
1035306,219,175,263
1035407,215,190,254
1035507,214,181,253
1035608,216,167,242
1035709,219,182,256
1035810,217,188,262
1035910,216,176,252
1036010,215,158,251
1036111,214,194,252
1036211,214,178,242
1036312,212,168,244
1036413,213,186,248
1036514,211,182,242
1036615,214,186,257
1036716,222,176,254
1036817,244,204,294
1036918,264,228,315
1037018,280,249,307
1037118,294,258,341
1037219,292,254,335
1037319,304,269,333
1037419,303,259,337
1037519,301,250,332
1037619,301,264,344
1037719,299,258,356
1037819,297,249,346
1037919,298,257,340
1038019,299,263,315
1038119,298,250,336
1038219,296,257,331
1038319,295,253,336
1038420,296,257,343
1038521,295,253,333
1038622,295,255,324
1038722,295,253,338
1038823,294,264,340
1038924,295,254,336
1039025,296,265,339
1039126,295,260,338
1039226,295,251,338
1039327,294,266,323
1039427,292,254,335
1039528,292,244,339
1039629,292,234,351
1039730,290,248,334
1039831,290,249,327
1039931,292,253,322
1040032,291,262,328
1040132,293,251,322
1040232,292,261,339
1040332,290,248,336
1040433,289,258,316
1040533,289,246,327
1040634,293,251,331
1040735,297,244,347
1040835,309,260,356
1040936,321,291,353
1041036,339,294,359
1041137,346,316,388
1041237,358,319,403
1041338,373,342,418
1041438,379,340,433
1041538,383,347,427
1041639,373,345,411
1041740,376,325,416
1041840,375,338,400
1041941,373,339,399
1042042,375,341,414
1042143,378,341,423
1042243,382,353,433
1042343,385,344,425
1042444,383,347,433
1042544,386,349,430
1042645,383,352,416
1042746,381,347,425
1042847,380,337,425
1042948,378,333,414
1043048,379,323,428
1043149,377,335,421
1043250,379,352,416
1043351,381,341,426
1043452,377,338,423
1043552,378,341,416
1043653,380,338,418
1043754,377,337,423
1043855,373,337,405
1043956,371,325,410
1044057,372,335,410
1044157,372,319,418
1044257,373,340,418
1044357,373,330,405
1044457,373,342,405
1044557,376,344,397
1044658,376,351,427
1044758,375,328,416
1044859,374,327,418
1044960,378,341,416
1045061,382,349,425
1045162,379,351,423
1045262,382,346,423
1045362,381,351,419
1045462,380,350,422
1045563,382,351,416
1045664,386,344,434
1045764,385,347,422
1045864,386,341,432
1045965,387,344,410
1046066,387,345,436
1046167,385,345,439
1046267,384,339,416
1046368,384,330,444
1046469,388,340,435
1046570,388,348,438
1046671,387,346,424
1046772,390,353,434
1046873,391,334,433
1046973,388,342,425
1047074,390,363,415
1047175,387,335,435
1047276,387,356,437
1047377,386,337,409
1047477,381,343,414
1047578,383,318,422
1047679,383,348,416
1047780,384,333,407
1047880,384,340,419
1047981,382,335,435
1048082,383,340,430
1048182,384,341,422
1048283,386,356,426
1048383,384,334,431
1048484,387,360,407
1048584,390,346,426
1048684,391,344,425
1048784,390,371,423
1048885,390,349,426
1048986,393,354,431
1049087,401,367,455
1049187,413,379,468
1049288,422,381,474
1049388,443,414,480
1049488,462,429,514
1049588,480,440,525
1049689,488,452,523
1049790,497,438,537
1049890,493,465,545
1049990,512,460,534
1050091,511,462,540
1050192,512,486,551
1050293,509,471,539
1050394,514,479,555
1050494,515,473,553
1050595,513,459,565
1050695,511,478,550
1050795,508,476,548
1050895,505,481,532
1050996,501,462,546
1051096,495,469,531
1051196,500,466,528
1051297,501,450,551
1051397,494,456,535
1051497,494,446,524
1051597,489,460,533
1051697,489,447,534
1051798,486,434,526
1051898,486,439,514
1051999,487,457,526
1052099,489,444,545
1052200,487,447,513
1052300,487,438,535
1052401,491,466,546
1052501,494,460,527
1052602,495,463,526
1052703,499,455,555
1052804,496,443,539
1052905,495,455,538
1053005,494,454,545
1053105,491,437,527
1053205,490,437,512
1053306,486,435,529
1053406,487,433,526
1053506,483,445,531
1053606,485,431,508
1053706,485,451,532
1053807,484,450,523
1053908,486,458,520
1054009,486,454,536
1054109,484,445,518
1054210,489,436,523
1054310,495,442,527
1054411,496,457,538
1054512,494,454,530
1054612,494,452,532
1054713,495,457,531
1054813,496,444,537
1054913,492,442,534
1055013,492,439,534
1055114,493,454,543
1055214,495,454,531
1055315,496,450,550
1055415,496,447,523
1055516,494,444,524
1055617,494,460,530
1055718,494,456,526
1055819,494,461,541
1055920,490,445,524
1056021,492,443,540
1056122,489,447,538
1056223,487,456,522
1056323,486,455,527
1056423,491,440,530
1056524,487,438,519
1056624,486,433,535
1056725,475,432,514
1056825,473,449,520
1056926,296,261,314
1057026,125,87,171
1057126,20,0,46
1057227,3,0,29
1057327,0,0,21
1057428,1,0,19
1057529,1,0,25
1057630,0,0,10
1057730,0,0,31
1057830,1,0,30
1057930,1,0,15
1058030,1,0,19
1058130,0,0,10
1058230,1,0,30
1058331,0,0,18
1058432,0,0,21
1058532,0,0,17
1058633,1,0,11
1058734,1,0,31
1058835,0,0,12
1058935,0,0,10
1059036,1,0,15
1059137,1,0,11
1059238,0,0,20
1059339,0,0,19
1059440,1,0,22
1059541,1,0,17
1059642,1,0,32
1059742,1,0,20
1059843,1,0,23
1059943,0,0,23

Test4:
1151133,1,0,14
1151234,0,0,24
1151334,1,0,28
1151434,0,0,20
1151535,0,0,14
1151635,1,0,31
1151736,0,0,30
1151836,1,0,30
1151936,1,0,32
1152037,0,0,17
1152137,1,0,13
1152238,0,0,10
1152338,1,0,37
1152439,0,0,10
1152540,1,0,34
1152641,0,0,11
1152742,1,0,33
1152842,1,0,19
1152942,0,0,10
1153042,0,0,15
1153143,0,0,10
1153244,0,0,12
1153344,1,0,31
1153445,1,0,12
1153546,1,0,11
1153646,1,0,14
1153747,0,0,28
1153847,1,0,11
1153948,0,0,10
1154048,0,0,24
1154149,0,0,14
1154250,1,0,13
1154351,1,0,21
1154452,0,0,20
1154552,1,0,15
1154653,1,0,11
1154754,0,0,10
1154854,1,0,25
1154955,1,0,28
1155056,1,0,21
1155157,1,0,26
1155257,1,0,18
1155357,0,0,10
1155458,1,0,11
1155559,1,0,26
1155660,1,0,20
1155761,0,0,18
1155861,0,0,27
1155961,1,0,18
1156062,1,0,21
1156163,0,0,10
1156263,1,0,32
1156363,1,0,24
1156464,1,0,14
1156565,0,0,18
1156666,1,0,27
1156766,1,0,29
1156867,1,0,13
1156967,1,0,25
1157067,0,0,33
1157167,0,0,19
1157268,0,0,10
1157368,0,0,11
1157469,0,0,35
1157569,1,0,15
1157670,0,0,29
1157770,0,0,16
1157871,1,0,23
1157971,0,0,36
1158071,1,0,12
1158171,1,0,20
1158271,1,0,17
1158371,0,0,10
1158471,1,0,11
1158572,0,0,37
1158673,1,0,13
1158774,0,0,20
1158875,1,0,11
1158976,1,0,36
1159077,1,0,11
1159177,1,0,11
1159277,1,0,38
1159377,0,0,16
1159478,0,0,10
1159578,1,0,28
1159679,0,0,21
1159779,0,0,31
1159880,1,0,30
1159980,0,0,14
1160080,0,0,24
1160180,0,0,31
1160280,1,0,21
1160380,0,0,16
1160481,0,0,33
1160582,1,0,19
1160682,0,0,10
1160783,0,0,30
1160883,0,0,10
1160984,0,0,27
1161084,1,0,25
1161184,0,0,10
1161285,0,0,21
1161385,1,0,19
1161486,1,0,17
1161587,1,0,15
1161687,1,0,11
1161787,0,0,27
1161887,0,0,19
1161988,0,0,13
1162088,0,0,22
1162188,1,0,23
1162288,0,0,25
1162389,1,0,16
1162490,0,0,13
1162590,1,0,20
1162691,0,0,16
1162791,0,0,25
1162891,1,0,21
1162992,0,0,27
1163092,0,0,26
1163193,0,0,13
1163293,1,0,23
1163393,0,0,10
1163494,0,0,27
1163595,0,0,18
1163695,1,0,11
1163796,1,0,11
1163896,1,0,11
1163997,1,0,23
1164098,1,0,14
1164199,1,0,13
1164300,1,0,30
1164400,1,0,16
1164501,0,0,22
1164602,1,0,26
1164703,1,0,14
1164804,1,0,14
1164905,0,0,30
1165005,0,0,10
1165106,0,0,25
1165207,1,0,17
1165307,1,0,18
1165408,1,0,16
1165508,1,0,27
1165609,0,0,15
1165709,1,0,24
1165810,1,0,11
1165911,1,0,23
1166011,0,0,19
1166112,1,0,18
1166213,0,0,23
1166313,0,0,22
1166413,0,0,53
1166514,1,0,23
1166614,0,0,19
1166715,2,0,27
1166815,9,0,44
1166916,13,0,43
1167016,23,0,48
1167116,33,0,76
1167217,41,0,89
1167317,48,5,77
1167418,44,15,86
1167518,56,26,102
1167618,55,32,98
1167718,53,27,91
1167818,52,11,103
1167919,53,39,86
1168019,51,33,85
1168120,52,0,102
1168220,48,0,81
1168321,52,20,101
1168422,53,12,85
1168523,55,21,90
1168624,55,29,107
1168725,55,20,92
1168825,53,25,79
1168926,54,9,88
1169027,51,12,83
1169128,51,18,90
1169228,51,11,93
1169328,49,11,73
1169429,48,13,100
1169529,49,19,78
1169630,48,16,85
1169731,47,3,81
1169832,46,14,66
1169933,46,12,72
1170034,45,12,98
1170134,47,20,85
1170235,47,6,80
1170335,46,0,88
1170436,45,16,73
1170536,46,12,77
1170637,46,0,76
1170738,45,9,79
1170838,46,6,74
1170938,47,12,81
1171038,45,0,76
1171138,46,23,88
1171239,44,4,80
1171340,46,3,80
1171441,48,1,85
1171542,48,1,87
1171642,48,17,95
1171743,48,4,81
1171844,50,13,86
1171944,49,15,74
1172045,48,26,70
1172146,46,22,81
1172246,45,20,81
1172347,43,6,92
1172447,42,8,75
1172548,41,10,89
1172649,42,0,81
1172750,40,0,72
1172851,40,12,74
1172951,40,1,70
1173051,40,16,64
1173152,43,0,67
1173253,50,13,81
1173354,61,11,79
1173455,79,35,121
1173556,93,55,135
1173656,105,59,128
1173757,115,74,146
1173857,121,76,167
1173958,124,88,169
1174058,128,71,173
1174158,129,74,184
1174259,129,74,169
1174360,126,92,170
1174460,128,88,174
1174561,128,102,165
1174661,130,90,172
1174761,125,84,180
1174861,122,87,153
1174962,117,78,153
1175062,119,83,158
1175162,118,79,145
1175263,120,81,148
1175364,120,78,170
1175465,118,85,159
1175565,119,77,158
1175665,121,79,156
1175765,121,61,143
1175865,117,89,160
1175966,125,95,151
1176067,118,80,165
1176167,117,67,157
1176268,115,73,153
1176368,122,83,146
1176468,119,81,147
1176568,124,91,160
1176668,129,85,166
1176769,119,80,160
1176869,117,78,138
1176969,119,83,153
1177070,127,99,170
1177171,130,92,168
1177271,128,92,170
1177372,127,84,153
1177472,120,72,166
1177572,128,85,153
1177672,129,86,175
1177772,124,86,140
1177873,125,67,148
1177973,123,82,154
1178074,130,83,172
1178174,138,99,169
1178275,150,110,174
1178376,165,115,206
1178476,183,125,232
1178576,190,151,227
1178677,194,153,225
1178778,187,143,235
1178879,187,153,242
1178979,185,148,223
1179080,186,148,219
1179180,185,139,224
1179280,185,141,230
1179380,186,149,221
1179481,187,154,228
1179581,187,157,232
1179682,185,145,201
1179783,183,137,203
1179884,186,141,229
1179985,189,158,236
1180086,191,142,232
1180186,189,138,235
1180287,188,139,219
1180387,190,147,225
1180488,190,155,233
1180589,190,135,239
1180689,193,166,212
1180789,197,154,237
1180889,198,153,236
1180990,195,175,243
1181090,198,155,217
1181190,201,169,236
1181290,200,164,245
1181390,198,167,247
1181491,197,169,233
1181591,199,159,231
1181692,200,165,253
1181792,199,163,235
1181892,201,174,224
1181993,204,173,232
1182093,219,183,258
1182193,230,190,276
1182293,240,212,284
1182394,248,213,284
1182494,253,209,296
1182594,258,223,290
1182695,266,216,294
1182796,267,233,309
1182896,267,234,308
1182997,264,229,308
1183098,264,230,309
1183198,265,234,296
1183299,266,226,303
1183400,267,222,314
1183501,265,223,298
1183601,263,213,306
1183701,262,224,305
1183802,262,225,303
1183903,263,232,305
1184003,262,217,298
1184103,261,205,298
1184204,261,218,290
1184305,260,220,308
1184405,261,217,300
1184505,261,213,303
1184605,260,226,292
1184705,261,214,295
1184805,260,226,307
1184905,260,217,296
1185005,262,216,294
1185105,262,219,283
1185206,261,227,295
1185307,262,216,298
1185407,261,204,292
1185508,261,229,287
1185608,264,218,300
1185709,264,219,296
1185809,262,224,310
1185909,262,216,299
1186010,258,210,291
1186111,258,217,295
1186212,260,221,291
1186313,258,224,308
1186414,257,206,313
1186514,257,217,297
1186615,255,202,305
1186716,255,210,282
1186817,253,208,288
1186917,255,226,286
1187018,256,208,287
1187119,253,208,289
1187220,256,222,297
1187320,254,205,294
1187421,255,208,276
1187521,256,220,282
1187621,254,220,294
1187721,253,211,292
1187822,253,223,291
1187922,252,207,296
1188023,252,210,310
1188124,252,203,287
1188224,252,216,283
1188325,251,204,283
1188425,250,212,287
1188525,251,209,295
1188625,251,205,293
1188726,250,224,286
1188827,252,199,286
1188927,252,199,303
1189028,251,212,285
1189128,250,215,282
1189229,250,211,305
1189330,249,199,291
1189430,250,203,276
1189530,250,199,296
1189630,253,216,294
1189730,252,211,291
1189830,250,218,281
1189931,250,207,273
1190031,250,212,292
1190132,248,211,288
1190233,251,209,290
1190333,250,208,286
1190433,252,209,302
1190534,254,212,295
1190635,257,213,290
1190736,278,241,300
1190836,299,268,342
1190936,315,274,353
1191036,326,286,360
1191137,314,277,345
1191237,314,278,367
1191337,313,270,362
1191437,313,271,345
1191538,313,265,351
1191638,315,271,354
1191739,314,264,342
1191839,311,270,345
1191940,314,279,341
1192041,317,272,355
1192141,318,286,363
1192241,319,269,344
1192341,318,266,363
1192442,319,274,366
1192543,319,284,364
1192644,322,284,368
1192744,323,280,366
1192844,322,281,364
1192944,326,295,370
1193045,321,285,361
1193146,322,271,370
1193247,324,275,369
1193347,323,279,363
1193447,324,292,361
1193548,325,282,368
1193648,322,288,361
1193749,322,278,373
1193850,325,293,369
1193951,320,279,360
1194051,321,290,370
1194151,323,291,361
1194252,322,283,369
1194353,320,284,367
1194453,319,279,370
1194554,321,279,358
1194655,316,268,341
1194756,320,291,336
1194856,320,276,367
1194957,317,273,355
1195057,318,280,366
1195157,320,278,362
1195257,320,271,364
1195357,323,288,354
1195458,325,290,363
1195559,325,272,358
1195660,325,283,379
1195760,328,289,369
1195861,327,293,357
1195962,328,285,367
1196063,323,291,379
1196164,323,292,376
1196265,324,286,369
1196365,321,280,363
1196465,321,276,365
1196566,320,263,360
1196666,323,285,352
1196767,322,294,357
1196867,324,296,367
1196968,328,286,363
1197068,330,292,374
1197169,325,283,365
1197269,325,285,359
1197370,325,300,362
1197470,326,287,367
1197570,322,287,369
1197670,324,305,368
1197771,324,290,372
1197871,327,268,358
1197971,326,279,368
1198071,326,285,361
1198172,327,286,372
1198272,329,270,368
1198373,327,274,361
1198474,325,296,358
1198574,323,279,358
1198675,326,287,370
1198775,330,288,374
1198876,332,291,369
1198976,331,280,372
1199077,332,290,356
1199177,339,308,368
1199277,352,317,377
1199378,376,338,396
1199479,395,356,429
1199579,415,381,460
1199680,419,374,475
1199781,434,394,466
1199882,430,383,470
1199983,429,409,479
1200084,433,396,465
1200185,434,403,479
1200285,421,377,464
1200386,420,368,454
1200486,417,377,441
1200586,414,374,440
1200686,417,381,454
1200786,412,377,456
1200886,416,372,458
1200986,422,387,450
1201087,422,393,463
1201188,424,391,465
1201289,418,383,465
1201390,418,378,445
1201491,411,385,457
1201592,407,371,449
1201693,406,368,457
1201794,410,378,451
1201895,400,364,443
1201995,409,371,450
1202096,417,362,471
1202196,425,380,472
1202296,430,386,478
1202396,435,387,465
1202497,433,406,468
1202597,435,398,489
1202698,436,385,458
1202799,269,230,308
1202900,75,44,134
1203001,33,1,68
1203102,3,0,26
1203202,1,0,24
1203302,0,0,21
1203402,1,0,28
1203502,0,0,24
1203602,0,0,33
1203702,1,0,15
1203803,0,0,20
1203903,0,0,27
1204003,1,0,11
1204103,0,0,21
1204203,0,0,31
1204303,0,0,22
1204404,1,0,11
1204505,0,0,37
1204606,1,0,22
1204707,1,0,27
1204808,1,0,19
1204908,1,0,27
1205009,0,0,10
1205109,0,0,31
1205210,0,0,28
1205310,1,0,15
1205411,0,0,22
1205512,1,0,28
1205612,0,0,11
1205712,1,0,11
1205812,1,0,32
1205913,0,0,33
1206014,0,0,18
1206115,0,0,10
1206215,1,0,34
1206316,1,0,25
1206417,1,0,27
1206518,0,0,19
1206618,0,0,33
1206719,1,0,40
1206820,0,0,11
1206921,1,0,28
1207021,1,0,24
1207122,1,0,25
1207222,1,0,16
1207322,1,0,25
1207422,0,0,10

Test5:
1298361,0,0,28
1298461,0,0,26
1298562,0,0,10
1298662,0,0,13
1298762,0,0,10
1298863,0,0,30
1298963,0,0,26
1299063,0,0,12
1299164,0,0,32
1299264,0,0,10
1299364,0,0,41
1299465,1,0,22
1299566,0,0,23
1299667,0,0,24
1299767,0,0,25
1299868,0,0,25
1299969,1,0,20
1300069,0,0,18
1300169,0,0,22
1300269,0,0,10
1300370,0,0,10
1300471,0,0,13
1300571,0,0,11
1300671,0,0,10
1300771,0,0,14
1300871,0,0,29
1300972,0,0,22
1301072,0,0,10
1301173,0,0,10
1301274,1,0,21
1301375,0,0,13
1301475,0,0,10
1301576,0,0,10
1301676,0,0,12
1301776,0,0,11
1301876,0,0,17
1301977,0,0,11
1302078,0,0,27
1302179,1,0,31
1302280,0,0,19
1302381,0,0,22
1302482,0,0,12
1302582,0,0,14
1302683,0,0,22
1302784,0,0,20
1302884,0,0,13
1302985,0,0,12
1303085,0,0,23
1303186,0,0,21
1303287,0,0,14
1303388,0,0,21
1303489,0,0,14
1303590,0,0,19
1303691,0,0,19
1303791,0,0,30
1303892,0,0,14
1303993,0,0,28
1304094,0,0,31
1304195,0,0,17
1304296,0,0,18
1304396,0,0,15
1304496,0,0,16
1304597,0,0,15
1304698,1,0,15
1304798,0,0,10
1304899,0,0,19
1305000,1,0,13
1305100,1,0,23
1305200,0,0,40
1305301,0,0,14
1305402,1,0,20
1305502,1,0,34
1305603,0,0,29
1305704,1,0,28
1305804,0,0,10
1305905,0,0,12
1306006,0,0,20
1306106,1,0,17
1306207,0,0,20
1306308,0,0,18
1306409,0,0,14
1306510,0,0,26
1306611,0,0,10
1306711,0,0,30
1306811,1,0,21
1306911,0,0,21
1307011,0,0,19
1307111,0,0,12
1307212,1,0,20
1307313,0,0,14
1307413,0,0,24
1307513,1,0,26
1307614,0,0,22
1307715,0,0,13
1307816,0,0,26
1307917,0,0,16
1308017,0,0,10
1308117,0,0,33
1308218,0,0,10
1308318,0,0,24
1308418,0,0,19
1308518,0,0,21
1308619,1,0,20
1308719,0,0,28
1308820,0,0,26
1308920,0,0,14
1309021,0,0,23
1309121,0,0,21
1309222,0,0,25
1309322,0,0,20
1309423,0,0,14
1309524,0,0,22
1309624,0,0,12
1309724,1,0,18
1309824,0,0,10
1309925,1,0,11
1310026,0,0,19
1310126,1,0,31
1310226,0,0,15
1310327,0,0,17
1310428,0,0,15
1310529,0,0,28
1310630,0,0,10
1310731,0,0,10
1310832,0,0,22
1310933,1,0,28
1311033,0,0,14
1311133,0,0,18
1311234,0,0,12
1311335,0,0,13
1311436,0,0,25
1311536,1,0,22
1311637,0,0,11
1311737,0,0,25
1311838,1,0,14
1311938,0,0,15
1312039,1,0,19
1312140,1,0,20
1312241,0,0,21
1312342,0,0,22
1312442,0,0,10
1312543,0,0,10
1312643,0,0,18
1312744,1,0,18
1312845,1,0,11
1312945,1,0,39
1313045,0,0,22
1313146,0,0,39
1313247,0,0,11
1313347,0,0,19
1313448,0,0,23
1313548,0,0,18
1313648,0,0,19
1313748,0,0,10
1313848,0,0,26
1313949,0,0,28
1314050,4,0,33
1314150,8,0,33
1314250,18,0,45
1314351,25,0,61
1314452,35,0,76
1314553,41,16,93
1314653,50,14,78
1314754,55,25,99
1314855,56,19,90
1314955,60,33,84
1315056,54,8,96
1315157,52,11,97
1315258,50,2,97
1315359,54,27,74
1315460,55,24,90
1315561,54,24,88
1315661,52,24,88
1315761,53,0,85
1315861,53,19,92
1315961,53,19,91
1316062,54,20,81
1316163,55,10,89
1316264,56,21,96
1316365,54,17,80
1316465,53,16,97
1316565,52,18,115
1316665,53,12,87
1316766,54,18,100
1316867,56,19,98
1316968,56,18,98
1317068,55,12,93
1317169,57,15,69
1317270,58,9,96
1317371,58,24,96
1317471,55,17,86
1317572,55,21,92
1317673,53,23,90
1317773,52,12,83
1317873,53,14,100
1317973,51,13,97
1318074,50,18,102
1318175,52,6,95
1318275,54,18,91
1318376,54,24,82
1318476,53,17,85
1318577,55,10,95
1318678,56,13,78
1318778,58,10,95
1318879,57,22,105
1318979,58,14,90
1319079,61,10,94
1319180,60,20,85
1319281,62,34,93
1319382,61,24,102
1319483,63,24,114
1319584,64,24,109
1319685,65,18,95
1319786,64,39,91
1319887,63,27,99
1319988,63,41,111
1320089,64,25,102
1320190,59,13,106
1320291,62,15,92
1320391,63,23,106
1320491,63,21,83
1320592,63,26,92
1320692,66,21,94
1320793,67,29,101
1320893,67,31,104
1320994,69,22,107
1321094,71,36,110
1321195,70,27,119
1321296,71,34,108
1321397,73,38,105
1321498,73,35,119
1321598,73,37,105
1321699,78,33,128
1321800,79,36,102
1321901,87,43,129
1322001,94,38,128
1322101,107,73,150
1322202,114,66,151
1322302,125,90,175
1322403,135,90,163
1322503,144,113,186
1322603,149,114,180
1322704,148,109,182
1322804,150,116,199
1322904,148,101,190
1323004,150,109,182
1323105,147,103,202
1323205,146,102,185
1323305,143,100,176
1323406,146,110,182
1323506,146,107,178
1323606,140,96,184
1323706,144,103,182
1323807,145,100,174
1323907,148,109,174
1324008,143,106,187
1324108,145,95,193
1324209,144,107,182
1324310,146,106,182
1324411,145,107,180
1324512,150,107,187
1324612,151,101,175
1324713,149,112,201
1324814,149,113,190
1324915,145,114,185
1325015,142,103,192
1325115,142,97,181
1325216,142,106,161
1325317,144,113,169
1325417,150,112,174
1325518,148,94,187
1325619,147,106,192
1325720,145,98,182
1325820,151,108,191
1325920,151,124,189
1326021,156,124,201
1326122,155,103,208
1326223,149,120,210
1326324,156,119,186
1326424,157,109,196
1326524,156,112,191
1326625,156,131,202
1326726,158,115,197
1326827,158,131,195
1326928,159,120,194
1327029,167,126,217
1327129,172,132,217
1327229,184,158,225
1327330,192,157,211
1327431,206,166,246
1327532,214,166,247
1327633,219,195,240
1327734,224,191,265
1327835,232,191,269
1327935,230,205,260
1328036,225,187,263
1328137,226,175,261
1328237,227,192,260
1328337,229,196,271
1328438,228,194,272
1328538,229,199,272
1328639,228,197,259
1328739,223,184,262
1328840,222,175,250
1328941,222,190,252
1329041,221,184,263
1329142,222,180,271
1329242,226,194,269
1329342,222,178,265
1329443,222,190,256
1329543,225,186,262
1329644,221,177,266
1329744,218,180,252
1329844,221,178,269
1329945,224,173,264
1330045,223,183,256
1330146,225,197,278
1330246,225,185,257
1330346,220,188,281
1330447,221,158,237
1330547,223,180,251
1330648,222,179,268
1330749,218,176,238
1330849,219,167,255
1330949,219,193,249
1331050,221,181,250
1331151,218,178,253
1331251,217,173,255
1331352,216,164,248
1331453,218,170,269
1331554,216,177,276
1331655,215,176,234
1331756,220,173,242
1331857,232,187,270
1331958,240,194,269
1332059,261,211,294
1332160,272,228,299
1332261,287,248,330
1332362,296,258,352
1332463,293,249,330
1332564,308,278,343
1332664,307,270,354
1332764,306,262,340
1332865,303,272,347
1332965,302,262,345
1333065,302,273,343
1333166,301,256,343
1333266,299,269,334
1333367,300,234,356
1333468,300,254,340
1333569,299,254,331
1333670,300,260,335
1333770,299,252,323
1333871,299,260,327
1333971,301,278,347
1334071,299,256,351
1334171,298,255,342
1334272,299,264,333
1334372,299,259,327
1334473,299,260,342
1334573,298,263,348
1334673,299,258,349
1334774,298,253,336
1334874,297,242,342
1334975,296,250,333
1335075,296,259,330
1335175,296,263,327
1335275,294,254,318
1335375,296,250,337
1335476,296,253,342
1335576,297,245,343
1335677,296,256,325
1335777,296,257,331
1335878,297,249,347
1335979,296,248,331
1336080,294,257,337
1336181,293,255,318
1336282,292,250,339
1336382,291,260,343
1336483,293,245,327
1336584,292,250,318
1336685,291,261,327
1336785,291,259,340
1336885,290,245,331
1336985,291,256,332
1337085,292,255,332
1337186,291,249,334
1337287,291,251,320
1337388,298,259,326
1337488,311,280,351
1337588,319,277,349
1337688,333,302,373
1337789,341,299,376
1337890,353,335,403
1337990,365,336,411
1338091,369,333,402
1338191,370,328,413
1338292,360,305,400
1338392,360,320,396
1338492,359,322,405
1338592,356,303,402
1338692,359,313,396
1338792,360,323,416
1338893,362,327,409
1338993,360,313,391
1339093,362,328,409
1339194,363,311,397
1339295,360,335,378
1339396,361,324,390
1339496,363,330,402
1339596,364,316,405
1339697,366,311,409
1339798,365,315,403
1339898,369,326,394
1339998,368,340,404
1340099,366,334,395
1340199,372,337,418
1340300,371,347,406
1340401,371,333,419
1340502,371,330,412
1340603,368,335,403
1340703,371,330,410
1340803,373,354,405
1340903,376,346,426
1341004,374,338,421
1341105,377,332,423
1341205,377,341,422
1341306,379,342,418
1341407,380,338,418
1341508,383,337,422
1341608,388,347,422
1341708,385,336,438
1341808,390,345,429
1341909,400,364,448
1342010,411,363,452
1342110,422,372,461
1342210,433,393,482
1342310,452,414,488
1342411,458,416,490
1342512,476,434,514
1342613,485,433,521
1342713,495,440,550
1342814,499,452,554
1342915,490,456,528
1343015,494,455,544
1343116,493,451,534
1343216,488,448,514
1343317,487,452,529
1343417,485,436,522
1343518,483,441,518
1343619,485,449,530
1343719,485,442,521
1343819,484,453,528
1343920,488,444,523
1344020,487,451,531
1344120,488,469,520
1344221,486,448,532
1344321,486,447,527
1344422,486,447,527
1344522,483,446,513
1344622,484,447,523
1344723,493,444,511
1344823,490,427,528
1344924,493,466,528
1345025,492,456,529
1345126,495,461,541
1345227,494,456,537
1345327,493,455,552
1345427,497,456,540
1345527,501,472,537
1345627,503,447,561
1345728,502,470,545
1345828,499,449,534
1345929,495,468,538
1346029,498,468,528
1346129,500,459,539
1346229,501,452,547
1346330,499,447,537
1346431,501,451,536
1346531,501,453,534
1346632,504,457,549
1346733,506,475,539
1346834,506,448,540
1346934,508,481,555
1347034,506,476,533
1347135,509,464,551
1347235,512,479,556
1347335,511,486,558
1347435,508,455,537
1347536,509,464,538
1347637,511,468,551
1347738,513,465,546
1347839,512,467,559
1347939,509,449,556
1348040,508,472,560
1348141,509,465,545
1348242,511,481,548
1348343,512,460,543
1348444,509,470,547
1348545,510,471,565
1348645,512,460,546
1348746,517,485,541
1348846,518,480,565
1348947,519,476,550
1349047,521,464,546
1349148,520,478,560
1349248,518,468,553
1349349,521,470,569
1349450,520,485,563
1349551,517,462,554
1349652,515,484,543
1349753,515,464,562
1349854,519,469,550
1349954,519,471,573
1350054,383,328,421
1350155,84,51,117
1350255,29,0,71
1350355,3,0,20
1350455,1,0,11
1350555,1,0,23
1350656,1,0,31
1350756,1,0,26
1350857,1,0,24
1350958,1,0,16
1351058,1,0,35
1351159,1,0,12
1351260,0,0,20
1351361,1,0,34
1351461,1,0,28
1351562,1,0,14
1351663,1,0,18
1351764,1,0,41
1351864,1,0,37
1351965,1,0,22
1352066,1,0,12
1352166,1,0,18
1352266,0,0,22
1352366,1,0,28
1352466,0,0,20
1352567,0,0,36
1352667,0,0,23
1352768,0,0,22
1352868,1,0,23
1352968,0,0,10
1353068,1,0,13
1353169,1,0,17
1353269,1,0,28
1353369,0,0,23
1353469,1,0,25

Test6:
1495113,1,0,15
1495213,1,0,19
1495314,1,0,19
1495414,1,0,32
1495514,1,0,11
1495615,0,0,15
1495715,0,0,10
1495816,1,0,11
1495916,1,0,19
1496016,1,0,11
1496116,0,0,36
1496216,1,0,15
1496317,1,0,27
1496418,0,0,25
1496518,1,0,18
1496619,0,0,21
1496720,1,0,19
1496820,1,0,29
1496921,0,0,18
1497021,1,0,11
1497122,0,0,14
1497222,1,0,24
1497322,1,0,20
1497423,1,0,23
1497523,1,0,27
1497624,1,0,37
1497724,1,0,23
1497824,1,0,25
1497925,1,0,11
1498025,1,0,34
1498125,0,0,14
1498225,1,0,26
1498326,1,0,18
1498427,1,0,33
1498528,1,0,17
1498628,0,0,41
1498728,1,0,30
1498829,1,0,34
1498929,1,0,38
1499030,1,0,26
1499130,1,0,11
1499231,1,0,25
1499332,0,0,22
1499433,1,0,11
1499534,1,0,24
1499635,1,0,12
1499735,1,0,11
1499836,1,0,32
1499937,1,0,26
1500038,1,0,39
1500139,1,0,22
1500240,0,0,28
1500341,1,0,18
1500442,0,0,26
1500543,0,0,22
1500644,1,0,22
1500745,1,0,12
1500846,1,0,15
1500946,1,0,19
1501046,1,0,31
1501147,1,0,11
1501248,1,0,32
1501348,0,0,20
1501449,1,0,19
1501549,1,0,15
1501649,1,0,18
1501749,1,0,16
1501849,1,0,23
1501949,1,0,16
1502050,1,0,44
1502151,1,0,18
1502251,1,0,18
1502352,0,0,12
1502452,1,0,21
1502553,1,0,18
1502654,1,0,20
1502755,1,0,24
1502856,0,0,21
1502957,1,0,11
1503057,1,0,15
1503157,0,0,22
1503258,1,0,21
1503358,0,0,14
1503458,1,0,13
1503559,1,0,28
1503660,0,0,34
1503760,1,0,11
1503860,0,0,27
1503960,1,0,11
1504060,1,0,27
1504161,1,0,34
1504262,0,0,23
1504362,1,0,11
1504462,0,0,15
1504563,1,0,35
1504663,1,0,23
1504764,1,0,32
1504865,1,0,19
1504966,1,0,11
1505067,0,0,19
1505168,0,0,24
1505269,1,0,11
1505370,0,0,10
1505471,0,0,16
1505572,1,0,18
1505673,0,0,22
1505773,1,0,24
1505873,1,0,21
1505974,1,0,23
1506074,1,0,39
1506174,0,0,10
1506274,0,0,20
1506375,1,0,34
1506476,1,0,34
1506577,1,0,34
1506677,1,0,17
1506778,0,0,28
1506879,1,0,34
1506979,1,0,11
1507080,1,0,35
1507181,0,0,12
1507282,1,0,28
1507383,1,0,18
1507484,1,0,16
1507585,1,0,11
1507685,0,0,14
1507786,1,0,27
1507886,1,0,22
1507987,0,0,17
1508087,1,0,17
1508188,0,0,19
1508288,1,0,26
1508389,1,0,30
1508490,1,0,25
1508590,0,0,14
1508691,1,0,17
1508792,1,0,34
1508892,1,0,27
1508992,0,0,21
1509093,0,0,15
1509194,1,0,17
1509295,1,0,17
1509395,0,0,11
1509495,0,0,16
1509595,1,0,23
1509696,0,0,14
1509796,1,0,15
1509897,1,0,16
1509998,1,0,11
1510098,1,0,17
1510199,1,0,17
1510299,2,0,12
1510400,9,0,49
1510500,19,0,56
1510600,24,2,57
1510701,35,7,54
1510801,44,0,66
1510902,52,12,94
1511002,55,23,102
1511102,61,34,104
1511202,73,38,98
1511302,73,42,108
1511402,72,27,111
1511502,72,36,102
1511603,70,43,103
1511703,70,39,108
1511803,68,32,98
1511903,67,23,116
1512003,63,30,96
1512104,61,20,100
1512204,62,22,102
1512305,65,24,99
1512405,66,34,106
1512505,65,35,94
1512606,66,48,106
1512706,64,17,100
1512807,63,25,89
1512908,63,26,93
1513009,61,9,85
1513109,60,34,91
1513210,59,15,88
1513311,59,28,99
1513411,60,28,99
1513512,59,18,96
1513613,59,22,93
1513713,58,33,94
1513813,59,21,98
1513913,57,17,103
1514014,56,16,91
1514115,56,10,96
1514215,58,4,110
1514316,58,30,88
1514417,58,18,100
1514518,58,11,89
1514619,58,28,86
1514720,56,6,96
1514821,56,10,98
1514922,56,12,78
1515022,55,18,93
1515122,54,7,90
1515222,53,5,99
1515323,51,11,91
1515423,52,23,72
1515524,52,21,97
1515625,53,26,100
1515726,53,6,84
1515826,50,0,73
1515926,53,15,94
1516026,54,23,87
1516127,54,16,94
1516227,56,11,94
1516327,56,13,101
1516427,56,24,93
1516528,57,32,88
1516628,55,14,93
1516729,56,4,90
1516830,54,0,88
1516930,63,28,96
1517030,79,49,110
1517131,87,41,137
1517231,105,86,133
1517331,113,80,161
1517432,124,88,180
1517532,137,104,170
1517633,146,121,204
1517733,144,109,187
1517833,139,93,187
1517934,139,107,169
1518035,138,108,186
1518136,140,107,177
1518237,140,95,190
1518338,141,103,180
1518438,142,107,202
1518539,145,109,181
1518639,146,117,188
1518740,149,117,204
1518840,148,102,189
1518940,149,111,200
1519041,145,113,181
1519141,143,115,191
1519242,143,105,170
1519342,140,87,165
1519442,140,108,165
1519542,139,114,190
1519643,142,108,180
1519744,143,100,194
1519845,142,98,175
1519945,144,108,186
1520046,143,93,172
1520147,143,94,179
1520247,147,129,187
1520348,148,118,192
1520449,147,115,174
1520550,148,95,176
1520651,146,107,174
1520752,147,118,173
1520853,150,104,167
1520954,151,105,192
1521055,150,116,191
1521155,153,114,189
1521256,155,125,183
1521356,158,111,189
1521457,157,121,196
1521558,159,108,198
1521659,159,117,204
1521759,165,131,197
1521859,168,118,197
1521960,183,136,221
1522060,196,161,229
1522160,203,174,247
1522260,217,174,259
1522360,229,189,269
1522461,225,184,250
1522561,241,205,279
1522662,250,216,285
1522763,246,197,278
1522864,246,212,287
1522965,242,197,278
1523065,239,198,289
1523166,238,207,284
1523266,240,194,278
1523367,239,202,278
1523467,233,193,279
1523568,235,207,272
1523669,234,196,281
1523769,235,190,265
1523869,232,194,271
1523969,232,189,270
1524069,235,189,262
1524170,234,189,275
1524270,233,197,276
1524370,231,193,267
1524471,232,199,272
1524571,236,205,274
1524671,238,206,272
1524772,239,217,255
1524872,242,204,256
1524972,240,202,288
1525072,242,206,287
1525173,240,197,295
1525274,239,180,273
1525375,235,201,268
1525476,236,199,273
1525577,233,193,274
1525678,231,197,275
1525778,232,191,273
1525878,231,189,267
1525979,230,187,261
1526079,227,184,259
1526179,227,194,264
1526280,226,189,255
1526381,225,185,261
1526481,223,184,260
1526581,228,179,274
1526682,230,184,272
1526783,228,189,264
1526884,226,189,255
1526985,223,173,265
1527085,224,181,262
1527186,225,187,263
1527287,225,184,253
1527388,222,175,265
1527489,221,174,286
1527589,222,180,260
1527689,220,181,270
1527789,218,174,268
1527889,215,195,248
1527989,215,163,246
1528089,216,182,268
1528189,217,178,246
1528289,216,169,251
1528390,215,188,268
1528491,220,177,256
1528592,219,180,260
1528693,220,168,256
1528793,218,183,262
1528893,215,172,252
1528993,211,150,242
1529094,212,181,243
1529195,216,172,259
1529295,217,184,249
1529395,217,185,263
1529495,218,171,249
1529596,220,180,266
1529697,223,188,253
1529797,225,183,255
1529897,225,178,283
1529997,233,173,284
1530098,243,205,286
1530198,249,216,288
1530298,257,216,309
1530398,271,219,308
1530499,283,251,333
1530600,287,256,342
1530700,292,247,335
1530800,292,251,340
1530900,293,253,335
1531001,292,248,329
1531101,293,248,327
1531201,290,235,314
1531302,292,256,342
1531402,294,249,333
1531502,296,248,331
1531603,298,257,332
1531704,297,268,340
1531805,299,250,336
1531906,297,252,341
1532007,294,240,334
1532107,293,251,326
1532207,292,263,324
1532308,291,253,321
1532409,291,234,339
1532509,294,254,317
1532609,297,254,343
1532709,296,239,327
1532810,296,265,340
1532911,298,261,351
1533012,294,250,316
1533113,293,263,342
1533214,293,259,322
1533315,296,266,328
1533415,295,258,337
1533515,296,258,336
1533615,294,263,340
1533716,290,250,338
1533816,291,237,321
1533916,287,234,318
1534016,291,248,315
1534117,292,247,331
1534217,288,256,323
1534318,288,259,313
1534418,290,239,331
1534518,290,246,331
1534619,295,244,339
1534719,294,255,341
1534820,295,249,339
1534920,295,249,343
1535021,294,257,346
1535122,295,249,327
1535223,296,249,337
1535324,297,262,323
1535425,294,256,325
1535526,298,261,333
1535627,302,270,342
1535727,304,254,343
1535828,303,272,342
1535928,303,270,349
1536029,303,269,342
1536129,300,270,334
1536229,298,251,338
1536329,299,264,341
1536430,299,263,335
1536530,300,257,323
1536630,298,245,344
1536731,297,255,333
1536831,294,270,337
1536931,297,253,341
1537031,293,237,342
1537131,293,251,318
1537232,300,254,346
1537332,308,268,347
1537432,323,290,373
1537533,333,280,370
1537633,342,300,387
1537734,360,312,403
1537834,365,328,407
1537935,363,323,400
1538035,350,324,402
1538136,350,321,407
1538237,345,304,380
1538338,349,324,382
1538438,349,310,394
1538539,350,309,386
1538639,352,313,400
1538739,351,323,403
1538840,352,312,406
1538940,355,303,391
1539040,356,325,394
1539140,360,329,393
1539240,359,313,387
1539340,358,325,388
1539440,361,334,395
1539541,359,307,418
1539642,358,316,403
1539743,356,308,397
1539843,358,309,397
1539944,362,323,409
1540045,368,309,393
1540146,367,340,395
1540246,370,332,396
1540347,369,326,410
1540447,371,335,415
1540548,372,341,410
1540649,373,329,407
1540750,374,336,416
1540850,374,337,414
1540951,371,334,406
1541052,366,339,387
1541153,369,337,396
1541254,364,328,410
1541354,361,321,395
1541455,362,322,411
1541556,365,330,403
1541657,361,319,403
1541758,363,305,411
1541859,362,325,400
1541960,362,337,398
1542061,368,330,394
1542161,368,337,431
1542261,367,313,417
1542362,366,342,403
1542462,365,354,395
1542562,365,335,406
1542662,363,329,395
1542762,363,320,407
1542862,364,321,400
1542963,364,320,393
1543064,365,327,402
1543165,368,326,399
1543266,368,326,414
1543367,373,314,419
1543468,369,332,405
1543569,374,326,393
1543669,372,344,409
1543770,374,326,415
1543871,369,331,399
1543971,371,332,417
1544072,372,322,399
1544173,376,328,404
1544273,378,336,417
1544373,380,346,431
1544473,376,327,400
1544574,379,353,428
1544675,378,331,407
1544776,381,329,407
1544876,386,350,421
1544976,384,346,422
1545077,390,343,448
1545178,393,347,415
1545278,397,359,437
1545379,396,360,438
1545480,389,353,426
1545580,392,355,423
1545681,391,350,438
1545781,385,350,427
1545882,394,356,446
1545982,402,358,426
1546083,415,381,444
1546184,434,397,479
1546285,445,394,469
1546385,464,421,514
1546486,476,426,500
1546587,491,440,533
1546688,493,462,533
1546788,483,438,516
1546888,482,428,518
1546988,480,436,517
1547088,481,433,523
1547189,480,435,508
1547290,483,449,529
1547390,482,446,524
1547490,479,447,523
1547591,480,451,517
1547691,484,452,527
1547792,479,423,512
1547892,477,451,514
1547992,483,440,527
1548092,488,452,515
1548192,484,441,521
1548292,487,448,521
1548392,490,442,527
1548493,488,438,535
1548594,494,455,518
1548695,499,463,540
1548796,502,462,543
1548896,504,449,538
1548997,503,458,558
1549098,502,460,541
1549199,503,452,547
1549299,508,463,541
1549400,510,473,550
1549501,513,465,553
1549602,512,465,554
1549702,511,464,556
1549802,519,494,558
1549903,517,469,566
1550004,340,293,385
1550105,151,107,185
1550206,38,0,76
1550307,3,0,24
1550407,1,0,41
1550507,1,0,14
1550608,1,0,20
1550709,0,0,27
1550810,1,0,11
1550910,1,0,20
1551010,0,0,26
1551111,1,0,29
1551212,1,0,11
1551313,1,0,37
1551414,1,0,15
1551515,1,0,16
1551615,0,0,10
1551716,0,0,20
1551816,1,0,14
1551917,1,0,20
1552017,0,0,17
1552118,1,0,23
1552219,1,0,26
1552320,1,0,28
1552420,0,0,14
1552521,0,0,20
1552622,1,0,29
1552723,1,0,16
1552823,1,0,19
1552923,0,0,10
1553023,1,0,19
1553124,1,0,18

Test7:
1717108,1,0,31
1717208,1,0,41
1717309,1,0,11
1717409,1,0,16
1717510,1,0,13
1717610,1,0,31
1717711,1,0,32
1717812,1,0,23
1717912,1,0,18
1718013,1,0,24
1718113,1,0,30
1718213,0,0,38
1718313,1,0,21
1718413,1,0,22
1718513,1,0,31
1718614,1,0,33
1718715,0,0,20
1718816,1,0,11
1718917,1,0,24
1719018,1,0,25
1719119,0,0,29
1719219,0,0,25
1719320,1,0,24
1719421,1,0,20
1719522,0,0,22
1719623,1,0,16
1719723,0,0,29
1719824,1,0,20
1719925,0,0,17
1720026,0,0,24
1720127,0,0,29
1720228,1,0,11
1720329,0,0,13
1720430,0,0,12
1720530,1,0,19
1720631,1,0,17
1720731,1,0,31
1720832,0,0,24
1720933,1,0,22
1721034,1,0,19
1721134,1,0,15
1721235,1,0,25
1721335,1,0,19
1721436,1,0,20
1721537,1,0,18
1721638,1,0,13
1721738,1,0,25
1721838,1,0,15
1721939,0,0,17
1722039,0,0,14
1722140,1,0,25
1722240,0,0,21
1722340,1,0,27
1722440,1,0,17
1722540,1,0,18
1722640,1,0,11
1722740,1,0,17
1722841,1,0,29
1722941,0,0,10
1723041,1,0,16
1723142,0,0,27
1723242,1,0,18
1723343,0,0,10
1723443,1,0,17
1723544,1,0,16
1723644,1,0,22
1723745,0,0,10
1723846,1,0,11
1723947,1,0,13
1724047,1,0,11
1724147,0,0,22
1724248,1,0,35
1724349,1,0,34
1724449,1,0,15
1724550,0,0,10
1724650,0,0,10
1724750,0,0,19
1724851,0,0,10
1724951,1,0,29
1725051,1,0,25
1725151,1,0,29
1725252,1,0,25
1725352,1,0,31
1725453,1,0,29
1725554,1,0,11
1725654,0,0,27
1725754,1,0,25
1725854,1,0,11
1725954,0,0,23
1726054,1,0,34
1726154,1,0,14
1726254,1,0,18
1726354,0,0,11
1726455,1,0,34
1726556,0,0,10
1726656,0,0,18
1726757,0,0,10
1726858,0,0,10
1726958,1,0,18
1727058,1,0,30
1727159,1,0,23
1727260,0,0,14
1727360,1,0,17
1727460,1,0,34
1727561,1,0,30
1727662,0,0,10
1727762,0,0,30
1727863,1,0,16
1727964,1,0,27
1728065,1,0,36
1728165,1,0,11
1728266,1,0,22
1728366,0,0,11
1728466,0,0,29
1728567,0,0,22
1728668,0,0,22
1728769,1,0,27
1728870,1,0,12
1728970,0,0,12
1729071,1,0,16
1729171,1,0,14
1729271,1,0,19
1729372,0,0,13
1729472,1,0,28
1729573,1,0,16
1729674,0,0,17
1729774,0,0,26
1729875,1,0,11
1729976,13,0,52
1730076,22,0,63
1730177,34,0,70
1730277,47,11,89
1730378,50,23,83
1730478,56,28,96
1730579,54,9,89
1730679,55,20,95
1730780,55,18,98
1730881,58,26,92
1730981,58,23,103
1731082,57,17,95
1731183,56,32,108
1731283,56,15,103
1731383,55,17,94
1731484,55,28,79
1731585,55,3,73
1731685,56,17,97
1731786,56,21,96
1731886,55,24,93
1731987,53,11,94
1732088,51,18,86
1732188,54,16,102
1732289,53,14,87
1732390,53,6,85
1732490,53,23,83
1732591,55,12,86
1732691,57,14,102
1732792,57,18,83
1732893,57,20,100
1732993,58,31,81
1733093,57,23,91
1733194,57,25,89
1733295,60,27,101
1733396,58,30,88
1733496,58,40,93
1733596,56,16,85
1733696,55,19,89
1733797,55,31,85
1733897,55,13,82
1733997,54,22,96
1734098,55,24,90
1734199,58,19,86
1734300,56,9,90
1734400,53,30,83
1734501,53,16,90
1734602,55,23,94
1734702,54,8,89
1734802,52,13,109
1734902,52,10,97
1735003,55,26,84
1735103,58,17,81
1735203,58,23,108
1735303,60,24,97
1735404,59,19,93
1735505,59,15,104
1735606,58,26,76
1735707,58,29,99
1735807,60,24,86
1735908,60,11,89
1736008,59,25,77
1736108,57,19,95
1736208,59,2,85
1736309,59,13,108
1736409,59,26,84
1736510,58,14,98
1736611,60,21,95
1736712,59,23,94
1736813,56,24,83
1736913,56,6,88
1737014,57,8,90
1737114,57,21,89
1737214,55,18,91
1737314,56,20,85
1737415,58,29,100
1737516,57,34,105
1737617,58,26,94
1737718,59,20,87
1737819,58,24,96
1737920,58,26,94
1738020,57,27,88
1738121,65,24,110
1738221,73,30,111
1738322,82,38,114
1738422,96,57,122
1738523,114,75,145
1738624,128,88,163
1738724,129,80,154
1738825,126,100,157
1738925,126,74,142
1739025,123,99,168
1739125,126,93,160
1739226,124,86,162
1739327,126,69,165
1739427,128,90,176
1739528,128,70,182
1739628,134,88,176
1739729,130,92,167
1739830,129,99,164
1739930,129,102,158
1740031,129,83,160
1740132,131,90,171
1740232,129,86,165
1740333,133,85,155
1740434,129,93,174
1740535,126,88,159
1740635,131,83,143
1740735,126,89,163
1740835,123,80,159
1740935,121,77,154
1741035,123,84,149
1741136,124,92,180
1741237,122,73,157
1741337,116,70,155
1741438,120,77,151
1741539,115,82,148
1741640,112,75,154
1741740,113,85,144
1741841,116,89,158
1741941,118,72,142
1742042,118,90,176
1742143,119,86,160
1742243,126,100,159
1742343,131,97,177
1742443,127,76,174
1742543,132,92,172
1742644,135,98,170
1742745,135,96,186
1742846,139,98,196
1742946,140,100,174
1743047,138,100,165
1743147,134,84,169
1743248,137,94,178
1743349,132,87,180
1743450,135,94,156
1743550,133,106,169
1743650,137,115,173
1743750,137,91,170
1743850,140,95,186
1743950,137,91,180
1744050,137,101,191
1744150,135,85,171
1744250,137,90,174
1744351,142,83,181
1744451,144,104,170
1744551,145,112,192
1744652,141,111,201
1744752,141,93,182
1744853,139,106,187
1744954,136,93,180
1745055,136,114,163
1745155,139,85,172
1745255,138,105,173
1745356,140,105,177
1745456,133,81,178
1745557,138,99,178
1745657,140,103,187
1745757,136,96,170
1745858,139,103,184
1745959,139,98,180
1746060,138,91,182
1746160,140,110,168
1746261,142,103,184
1746362,138,95,174
1746462,133,102,168
1746563,137,107,175
1746663,144,100,192
1746764,146,103,197
1746865,148,124,170
1746966,155,123,196
1747067,160,118,200
1747167,169,137,210
1747267,175,144,199
1747367,188,155,226
1747467,193,168,230
1747568,201,183,226
1747669,203,158,229
1747769,209,169,254
1747869,206,177,253
1747969,201,164,237
1748069,201,157,253
1748169,200,161,249
1748269,201,165,242
1748369,203,163,239
1748469,202,165,241
1748570,201,157,244
1748671,202,159,239
1748772,200,164,241
1748873,198,157,245
1748973,197,149,236
1749074,199,161,240
1749175,199,147,229
1749276,202,165,247
1749377,204,170,223
1749478,203,162,252
1749578,205,167,244
1749678,204,159,252
1749779,207,175,252
1749880,211,176,253
1749981,212,172,267
1750082,214,166,241
1750183,214,174,251
1750283,215,173,250
1750384,215,170,267
1750484,215,176,248
1750585,216,175,264
1750686,215,181,255
1750786,214,179,252
1750886,211,165,275
1750987,212,172,244
1751087,210,177,255
1751188,210,157,253
1751289,213,163,250
1751390,215,177,237
1751490,215,174,249
1751591,216,181,265
1751691,216,177,260
1751791,216,179,259
1751892,217,182,266
1751992,216,167,246
1752093,214,171,248
1752194,213,166,244
1752295,213,182,238
1752395,212,175,239
1752495,212,169,250
1752596,214,170,255
1752697,216,174,253
1752798,214,182,257
1752899,212,196,244
1753000,215,189,256
1753101,213,169,242
1753202,213,164,251
1753303,213,169,261
1753404,214,180,231
1753505,213,187,248
1753606,212,175,246
1753706,214,189,229
1753807,212,168,250
1753907,215,171,241
1754007,213,169,256
1754108,214,166,256
1754208,215,185,252
1754309,219,186,261
1754410,220,171,254
1754510,219,170,266
1754610,217,173,262
1754710,217,179,246
1754811,219,181,267
1754911,219,171,260
1755012,220,172,261
1755112,226,202,273
1755212,230,199,280
1755313,237,200,272
1755413,246,217,280
1755513,253,209,283
1755613,265,213,310
1755713,265,226,301
1755813,270,229,304
1755913,275,234,300
1756014,277,231,319
1756115,276,243,307
1756215,276,234,323
1756316,273,252,330
1756417,274,252,298
1756518,273,238,327
1756618,271,242,322
1756719,270,229,296
1756819,271,218,314
1756919,273,230,308
1757020,270,238,298
1757120,274,240,317
1757220,270,225,316
1757321,271,234,323
1757422,269,224,310
1757523,269,227,310
1757624,270,214,299
1757725,271,232,309
1757825,273,232,319
1757926,272,225,328
1758027,274,225,311
1758128,272,249,314
1758229,272,236,302
1758329,273,247,329
1758430,273,232,312
1758530,274,219,305
1758630,276,230,307
1758730,277,245,307
1758831,276,242,331
1758931,278,243,325
1759032,278,239,316
1759133,277,246,337
1759234,277,242,325
1759335,277,233,315
1759436,277,255,320
1759536,279,237,303
1759637,282,239,317
1759738,282,234,340
1759839,284,233,309
1759940,283,235,329
1760040,282,249,319
1760141,283,257,318
1760241,283,247,315
1760342,284,234,336
1760443,287,245,347
1760544,287,248,317
1760644,288,240,323
1760744,285,243,327
1760845,286,249,324
1760946,290,255,338
1761047,300,261,331
1761148,307,273,334
1761248,317,272,381
1761348,330,289,378
1761449,336,302,384
1761549,338,306,388
1761650,353,319,409
1761750,350,313,402
1761851,362,330,396
1761952,360,310,399
1762053,357,313,411
1762153,357,320,410
1762254,358,318,399
1762355,356,302,392
1762456,355,301,400
1762556,357,315,391
1762657,357,319,387
1762757,358,313,403
1762857,357,331,390
1762958,356,324,389
1763059,355,318,382
1763160,352,314,397
1763261,349,295,390
1763362,348,309,379
1763463,345,302,395
1763563,342,300,389
1763664,344,308,380
1763764,344,314,390
1763865,343,297,396
1763966,342,295,369
1764067,344,296,391
1764168,344,312,372
1764269,343,290,388
1764369,343,306,374
1764469,345,303,392
1764570,343,312,393
1764671,343,299,386
1764772,342,292,372
1764872,341,305,365
1764973,337,305,374
1765073,338,288,381
1765173,340,306,372
1765274,342,298,378
1765375,339,290,377
1765476,340,304,379
1765577,341,293,390
1765678,339,310,377
1765778,349,299,395
1765879,357,330,402
1765979,374,347,408
1766080,390,344,430
1766180,414,375,462
1766281,437,389,482
1766381,446,414,483
1766482,454,417,497
1766583,468,432,501
1766684,464,418,489
1766785,461,423,497
1766886,464,433,493
1766986,464,425,500
1767087,462,410,508
1767187,460,418,499
1767287,463,425,515
1767388,464,433,509
1767489,460,414,497
1767590,462,423,503
1767690,461,416,492
1767791,462,414,502
1767892,462,415,497
1767993,461,434,505
1768094,459,408,497
1768195,460,413,521
1768296,461,418,484
1768396,459,427,495
1768496,456,417,489
1768596,456,409,498
1768697,454,422,494
1768798,453,413,491
1768899,450,406,488
1769000,451,411,483
1769100,451,407,468
1769201,450,415,498
1769302,450,407,493
1769402,450,399,498
1769502,447,412,475
1769602,448,412,488
1769703,450,411,485
1769804,448,397,482
1769905,451,408,488
1770006,451,405,481
1770106,453,415,503
1770206,447,426,482
1770307,447,409,476
1770407,448,398,485
1770507,451,429,489
1770607,452,417,496
1770708,452,418,494
1770808,454,420,489
1770908,457,415,488
1771009,457,409,496
1771109,454,428,477
1771210,451,409,498
1771311,448,405,503
1771412,449,406,495
1771512,447,392,486
1771613,444,403,486
1771714,442,391,481
1771815,441,402,480
1771915,445,403,476
1772015,444,398,473
1772115,446,413,492
1772216,448,403,485
1772316,445,413,479
1772417,446,403,489
1772517,443,391,472
1772618,443,412,497
1772719,441,393,470
1772820,440,403,479
1772920,440,398,484
1773020,439,396,475
1773121,442,398,492
1773222,441,399,485
1773323,437,399,488
1773424,436,390,477
1773525,434,412,475
1773625,427,388,459
1773725,429,392,471
1773826,432,393,469
1773926,434,405,477
1774027,431,380,473
1774127,436,387,462
1774228,290,260,326
1774328,120,75,168
1774429,33,0,73
1774530,3,0,29
1774630,0,0,10
1774731,0,0,18
1774831,0,0,19
1774932,0,0,18
1775033,1,0,32
1775133,0,0,18
1775234,0,0,16
1775334,1,0,13
1775435,0,0,31
1775536,0,0,12
1775637,0,0,26
1775737,0,0,13
1775838,0,0,40
1775938,0,0,10
1776038,0,0,14
1776139,0,0,24
1776240,1,0,11
1776341,1,0,23
1776441,0,0,20
1776542,0,0,32
1776643,0,0,19
1776744,0,0,22
1776844,0,0,18
1776944,0,0,23
1777045,0,0,21
1777146,0,0,17
1777246,0,0,18
1777346,0,0,28
1777447,0,0,31
1777547,0,0,10
1777647,0,0,26

Test8:
1880092,0,0,29
1880192,0,0,36
1880293,0,0,10
1880393,1,0,22
1880494,0,0,14
1880594,0,0,10
1880694,0,0,23
1880795,0,0,33
1880895,0,0,10
1880996,0,0,14
1881097,0,0,10
1881198,0,0,13
1881298,0,0,12
1881398,0,0,18
1881498,1,0,33
1881599,0,0,19
1881699,0,0,18
1881800,0,0,24
1881901,0,0,13
1882002,0,0,16
1882102,1,0,15
1882203,0,0,11
1882304,0,0,30
1882405,0,0,27
1882505,1,0,32
1882605,0,0,19
1882706,0,0,24
1882806,0,0,15
1882907,0,0,10
1883007,0,0,10
1883108,0,0,25
1883208,0,0,28
1883309,0,0,24
1883410,0,0,20
1883510,0,0,16
1883611,0,0,17
1883712,1,0,17
1883813,0,0,10
1883913,0,0,10
1884014,0,0,24
1884115,0,0,26
1884216,0,0,11
1884316,0,0,19
1884417,0,0,21
1884517,1,0,26
1884617,1,0,33
1884717,1,0,11
1884818,0,0,16
1884919,0,0,22
1885020,0,0,33
1885120,0,0,26
1885221,0,0,22
1885321,0,0,20
1885421,0,0,22
1885522,1,0,11
1885622,0,0,11
1885723,0,0,10
1885823,0,0,14
1885923,0,0,21
1886024,0,0,18
1886124,0,0,35
1886224,0,0,17
1886325,1,0,13
1886426,0,0,29
1886527,1,0,24
1886628,0,0,10
1886729,0,0,15
1886830,0,0,18
1886930,0,0,39
1887031,1,0,24
1887132,0,0,27
1887233,0,0,10
1887334,0,0,32
1887434,0,0,13
1887534,1,0,12
1887634,0,0,10
1887734,0,0,14
1887835,1,0,21
1887936,1,0,20
1888037,0,0,31
1888137,1,0,28
1888238,0,0,16
1888339,0,0,29
1888439,0,0,19
1888540,1,0,11
1888641,0,0,24
1888742,0,0,18
1888842,0,0,16
1888943,1,0,33
1889043,0,0,12
1889144,0,0,10
1889245,1,0,11
1889345,0,0,13
1889445,0,0,19
1889545,0,0,15
1889646,0,0,23
1889747,0,0,10
1889847,0,0,10
1889947,1,0,20
1890047,0,0,22
1890148,0,0,13
1890249,0,0,25
1890349,0,0,20
1890450,1,0,18
1890550,0,0,20
1890650,0,0,31
1890751,1,0,27
1890851,0,0,28
1890951,0,0,20
1891052,0,0,13
1891153,1,0,15
1891254,0,0,23
1891354,1,0,18
1891455,0,0,32
1891556,0,0,22
1891656,0,0,20
1891756,1,0,16
1891857,0,0,17
1891957,0,0,21
1892058,0,0,31
1892159,5,0,30
1892259,13,0,43
1892360,24,0,59
1892461,34,3,65
1892562,44,0,79
1892662,55,10,95
1892763,55,10,97
1892864,55,19,77
1892965,56,17,84
1893065,53,20,100
1893165,49,4,95
1893265,54,5,93
1893366,57,30,80
1893467,55,21,89
1893567,58,20,79
1893667,57,16,104
1893767,57,24,107
1893868,55,31,94
1893969,50,5,91
1894069,50,11,88
1894169,53,9,90
1894270,52,14,102
1894370,55,24,107
1894471,58,20,89
1894572,58,19,104
1894673,55,21,85
1894773,56,11,102
1894873,60,33,85
1894973,57,18,95
1895073,57,23,97
1895173,61,33,101
1895274,62,22,94
1895374,63,26,98
1895475,62,25,106
1895576,64,34,99
1895676,63,33,108
1895776,60,21,93
1895876,58,30,94
1895976,60,16,93
1896076,61,22,107
1896177,63,25,98
1896277,59,31,105
1896378,59,23,92
1896478,59,26,96
1896579,56,19,89
1896679,55,17,91
1896779,57,0,94
1896880,56,29,93
1896980,57,18,91
1897080,58,12,90
1897181,62,12,106
1897282,63,29,104
1897383,64,40,104
1897483,64,31,96
1897584,61,29,107
1897685,61,24,101
1897786,62,45,100
1897886,63,38,102
1897987,67,29,106
1898087,76,32,127
1898188,84,41,123
1898289,93,47,121
1898389,105,54,149
1898489,111,73,174
1898590,119,67,170
1898690,125,80,176
1898791,140,112,186
1898892,138,98,170
1898993,136,99,188
1899093,134,97,168
1899193,130,101,163
1899294,129,111,177
1899395,128,79,177
1899495,127,91,168
1899595,127,101,169
1899696,126,93,173
1899797,123,92,165
1899898,124,87,164
1899998,125,94,167
1900099,125,79,160
1900200,126,98,152
1900301,124,87,152
1900402,127,97,156
1900503,124,89,174
1900604,122,94,172
1900705,124,97,164
1900806,122,91,166
1900907,122,85,151
1901007,123,77,152
1901108,122,66,170
1901209,117,82,169
1901310,116,86,161
1901410,114,91,136
1901511,111,71,139
1901612,110,81,151
1901712,110,73,136
1901813,106,50,149
1901913,104,77,143
1902013,107,64,132
1902114,107,61,135
1902215,106,64,152
1902316,110,75,156
1902416,111,74,161
1902516,112,59,141
1902616,117,71,156
1902716,132,86,163
1902816,140,85,158
1902917,153,103,179
1903017,165,129,206
1903117,176,124,204
1903218,182,151,212
1903319,188,142,220
1903419,194,148,252
1903519,182,144,217
1903619,184,146,231
1903720,185,141,210
1903821,187,157,226
1903922,185,144,219
1904022,184,138,236
1904123,184,142,219
1904224,185,144,229
1904325,186,138,215
1904426,184,133,240
1904527,184,138,221
1904628,184,138,226
1904729,185,156,221
1904829,184,151,209
1904929,187,142,227
1905029,186,145,219
1905129,189,164,238
1905230,193,141,225
1905330,193,158,238
1905430,193,144,221
1905531,194,161,242
1905632,192,156,236
1905733,192,161,223
1905834,191,151,218
1905934,192,153,237
1906035,192,157,222
1906135,192,148,227
1906236,194,158,237
1906336,197,165,251
1906437,197,157,255
1906538,201,158,247
1906639,208,178,261
1906739,214,172,241
1906839,228,173,271
1906939,234,188,281
1907040,247,211,288
1907141,257,224,304
1907241,262,228,310
1907342,264,207,304
1907443,259,204,293
1907544,260,218,295
1907645,261,218,286
1907746,261,223,302
1907846,262,232,287
1907946,262,216,297
1908047,262,228,301
1908147,262,222,295
1908248,262,228,309
1908349,261,226,289
1908449,263,215,304
1908549,264,218,291
1908650,267,221,296
1908750,267,237,312
1908851,265,222,308
1908952,266,234,311
1909052,269,225,307
1909152,266,224,297
1909252,265,227,312
1909353,263,222,303
1909453,262,220,297
1909554,262,230,299
1909655,261,225,294
1909755,261,224,301
1909855,261,214,311
1909955,260,219,307
1910056,264,233,305
1910157,266,229,289
1910257,267,230,318
1910358,267,229,309
1910459,268,222,299
1910559,267,234,305
1910659,268,241,307
1910760,267,230,321
1910860,266,233,317
1910961,267,229,310
1911061,268,227,297
1911162,271,227,306
1911262,267,229,297
1911362,268,242,313
1911463,268,246,321
1911564,265,225,308
1911665,267,224,304
1911765,266,240,302
1911865,266,230,303
1911965,267,220,304
1912066,267,227,318
1912167,269,232,307
1912268,268,229,305
1912368,266,238,307
1912468,267,247,293
1912569,267,239,301
1912670,264,231,294
1912770,265,224,316
1912871,266,221,317
1912971,267,228,307
1913072,268,218,301
1913172,270,230,324
1913273,269,242,305
1913374,268,217,308
1913475,267,231,301
1913576,266,227,321
1913676,266,220,304
1913777,269,235,296
1913877,271,234,301
1913977,272,243,315
1914077,272,228,305
1914177,273,227,311
1914278,273,228,328
1914379,271,224,312
1914480,273,238,319
1914581,278,250,336
1914682,287,247,335
1914782,295,251,333
1914882,305,263,342
1914983,312,272,352
1915083,318,301,370
1915183,320,278,350
1915283,309,267,352
1915383,310,267,348
1915484,310,278,348
1915585,312,284,362
1915686,311,273,351
1915787,309,262,352
1915888,311,270,350
1915988,311,270,357
1916088,312,262,346
1916189,315,257,361
1916290,312,275,351
1916391,313,281,350
1916491,314,262,341
1916591,313,272,365
1916691,314,277,348
1916792,313,280,361
1916893,315,292,353
1916994,315,284,359
1917095,313,267,344
1917196,315,280,355
1917297,317,286,366
1917397,316,285,362
1917497,317,272,350
1917597,317,278,363
1917698,317,274,351
1917799,320,290,348
1917900,321,293,350
1918000,323,300,356
1918101,325,285,363
1918202,324,302,354
1918302,326,289,363
1918402,328,283,366
1918502,327,292,353
1918602,330,285,379
1918703,332,295,367
1918803,332,282,377
1918904,334,296,373
1919005,344,312,372
1919105,345,300,380
1919206,360,331,393
1919306,375,343,402
1919406,385,345,409
1919506,399,350,428
1919606,408,371,424
1919706,414,378,465
1919807,425,382,460
1919907,419,376,448
1920007,440,400,476
1920108,438,396,477
1920208,432,390,476
1920309,435,400,482
1920410,437,403,467
1920511,436,410,482
1920612,436,396,487
1920713,436,393,476
1920814,434,403,474
1920914,435,399,471
1921015,439,395,480
1921116,433,397,472
1921216,433,397,481
1921316,433,391,476
1921416,427,403,450
1921517,424,376,475
1921617,424,394,459
1921718,422,391,459
1921819,422,390,454
1921920,425,392,482
1922021,424,386,456
1922122,428,387,458
1922223,427,399,468
1922324,429,392,465
1922425,427,394,478
1922526,428,382,464
1922627,427,375,465
1922727,430,396,482
1922828,425,384,473
1922928,418,369,453
1923028,417,380,457
1923128,419,390,448
1923229,421,372,462
1923330,420,385,464
1923431,422,379,462
1923531,427,381,458
1923631,425,400,452
1923731,423,382,475
1923832,424,394,464
1923933,427,381,464
1924033,425,374,476
1924134,421,379,454
1924234,420,398,453
1924335,413,371,450
1924436,413,371,436
1924536,413,369,456
1924637,418,380,457
1924738,420,372,463
1924839,420,376,444
1924939,419,381,459
1925039,414,375,441
1925140,416,370,456
1925241,417,377,459
1925342,419,403,454
1925443,422,377,461
1925543,421,372,460
1925644,419,382,454
1925745,420,373,472
1925846,416,388,459
1925946,410,366,452
1926047,412,367,436
1926148,414,375,455
1926248,413,370,448
1926349,416,366,468
1926450,411,369,454
1926551,411,370,442
1926652,416,368,448
1926752,415,371,452
1926852,412,353,452
1926952,411,376,437
1927052,411,369,444
1927152,410,358,452
1927253,406,349,431
1927354,252,233,283
1927455,105,63,142
1927556,19,0,58
1927656,2,0,24
1927757,1,0,22
1927858,1,0,41
1927959,1,0,30
1928060,1,0,26
1928160,1,0,26
1928260,1,0,27
1928360,1,0,28
1928461,0,0,16
1928562,1,0,24
1928662,1,0,35
1928762,0,0,19
1928862,0,0,17
1928962,1,0,16
1929063,1,0,15
1929164,1,0,20
1929264,1,0,18
1929365,1,0,11
1929466,1,0,23
1929567,1,0,20
1929667,1,0,29
1929768,1,0,36
1929869,1,0,15
1929970,1,0,25
1930071,0,0,15
1930171,0,0,12
1930271,1,0,11
1930371,0,0,14
1930471,1,0,18
1930571,1,0,13
1930672,1,0,14
1930773,1,0,16
1930873,1,0,28
1930974,1,0,29
1931075,1,0,17
1931176,1,0,12
1931276,0,0,17
1931377,1,0,15
1931478,0,0,13
1931578,1,0,35
1931678,0,0,15
1931779,1,0,15
1931879,1,0,22

Test9:
2021593,1,0,32
2021693,1,0,27
2021794,1,0,30
2021894,0,0,34
2021995,1,0,16
2022096,0,0,20
2022197,0,0,15
2022298,0,0,10
2022399,0,0,12
2022499,0,0,14
2022599,0,0,28
2022700,1,0,17
2022800,0,0,16
2022900,0,0,15
2023000,0,0,13
2023101,0,0,24
2023202,0,0,10
2023303,0,0,16
2023404,0,0,10
2023505,0,0,24
2023606,1,0,26
2023707,0,0,14
2023807,0,0,21
2023907,0,0,10
2024008,0,0,13
2024108,0,0,20
2024209,0,0,26
2024309,0,0,10
2024410,1,0,27
2024511,0,0,12
2024612,0,0,16
2024712,0,0,22
2024813,0,0,38
2024914,0,0,32
2025015,0,0,28
2025116,1,0,15
2025216,0,0,10
2025317,0,0,23
2025418,0,0,20
2025518,0,0,10
2025618,1,0,19
2025719,0,0,10
2025819,0,0,21
2025920,0,0,25
2026021,1,0,35
2026122,0,0,29
2026223,0,0,21
2026324,0,0,11
2026425,0,0,23
2026526,1,0,22
2026627,0,0,15
2026727,0,0,18
2026828,0,0,10
2026929,0,0,24
2027030,1,0,23
2027130,1,0,25
2027230,0,0,22
2027331,0,0,17
2027431,0,0,20
2027531,0,0,13
2027631,0,0,23
2027731,0,0,26
2027831,0,0,17
2027931,0,0,10
2028031,0,0,23
2028132,0,0,14
2028233,1,0,11
2028333,1,0,18
2028433,1,0,18
2028534,0,0,10
2028635,0,0,24
2028735,0,0,22
2028835,1,0,15
2028936,0,0,10
2029036,1,0,24
2029136,0,0,10
2029236,0,0,24
2029336,0,0,10
2029437,1,0,27
2029538,1,0,16
2029639,0,0,25
2029740,0,0,24
2029840,0,0,10
2029941,0,0,33
2030042,0,0,14
2030142,1,0,11
2030243,0,0,27
2030343,0,0,10
2030443,0,0,15
2030544,0,0,30
2030644,0,0,10
2030744,0,0,20
2030845,1,0,23
2030945,0,0,20
2031046,0,0,10
2031146,0,0,17
2031247,1,0,23
2031347,0,0,19
2031447,0,0,23
2031547,4,0,41
2031648,9,0,38
2031748,18,0,35
2031848,25,0,63
2031948,34,1,82
2032049,44,3,80
2032150,50,3,80
2032251,48,0,64
2032352,57,11,94
2032453,54,11,110
2032553,50,2,92
2032654,52,30,107
2032755,54,29,83
2032855,50,16,98
2032956,49,10,83
2033057,50,15,73
2033157,50,23,83
2033258,51,19,76
2033359,53,18,107
2033460,56,18,78
2033561,56,12,101
2033661,56,13,104
2033762,54,11,103
2033862,54,11,106
2033963,56,26,86
2034064,54,20,84
2034165,56,14,97
2034266,57,26,95
2034366,55,5,102
2034467,53,14,81
2034567,54,17,88
2034668,54,17,88
2034768,55,18,85
2034869,53,20,83
2034969,51,6,92
2035069,51,19,84
2035170,49,11,110
2035271,51,16,90
2035371,53,16,91
2035472,52,21,101
2035573,55,21,82
2035674,52,15,88
2035775,53,22,79
2035875,53,17,89
2035976,51,19,94
2036076,50,21,92
2036177,48,16,84
2036278,50,15,82
2036378,53,15,100
2036478,53,17,87
2036579,52,10,93
2036680,50,7,78
2036780,49,22,87
2036881,48,7,100
2036982,46,0,82
2037082,47,0,94
2037183,45,27,86
2037283,48,24,104
2037384,46,2,83
2037485,48,20,88
2037585,47,23,66
2037685,48,11,102
2037785,52,3,97
2037886,58,24,92
2037987,61,22,80
2038088,68,28,111
2038189,79,37,113
2038290,86,43,127
2038390,94,61,125
2038491,106,66,143
2038592,116,79,158
2038692,120,83,163
2038792,128,96,169
2038893,131,83,168
2038993,127,84,157
2039094,126,96,165
2039194,126,87,180
2039295,126,86,156
2039395,127,82,165
2039495,126,85,167
2039596,127,79,168
2039697,126,77,164
2039798,123,82,178
2039898,123,83,152
2039998,125,106,159
2040099,124,73,152
2040199,123,85,169
2040300,124,84,165
2040400,124,73,167
2040501,123,71,145
2040602,124,86,167
2040703,122,79,164
2040804,121,69,155
2040904,121,87,167
2041005,120,71,144
2041106,121,87,162
2041207,123,76,158
2041307,126,74,161
2041407,128,83,165
2041507,126,89,165
2041607,125,99,166
2041708,126,91,168
2041808,129,91,166
2041908,129,86,166
2042008,131,93,171
2042109,132,101,154
2042210,132,102,174
2042310,129,80,173
2042410,127,86,164
2042511,127,89,163
2042611,127,96,170
2042711,127,89,172
2042812,125,88,155
2042913,126,77,162
2043014,128,74,167
2043115,127,90,173
2043216,126,73,178
2043317,128,75,174
2043417,131,85,171
2043517,128,90,160
2043618,129,90,167
2043718,129,89,175
2043819,127,86,164
2043919,130,89,166
2044019,131,102,167
2044119,131,106,165
2044220,129,89,154
2044321,130,91,164
2044421,133,78,181
2044521,133,99,163
2044622,135,102,151
2044723,135,98,177
2044824,132,97,171
2044925,133,93,178
2045025,134,96,188
2045125,134,93,182
2045226,135,99,170
2045327,138,87,179
2045428,141,95,173
2045529,140,104,182
2045629,139,105,176
2045729,138,104,176
2045830,140,99,194
2045930,143,100,189
2046031,144,113,179
2046132,142,105,201
2046232,143,111,186
2046332,144,98,182
2046433,141,115,180
2046534,139,112,183
2046635,140,92,193
2046735,139,91,167
2046835,138,107,158
2046935,141,92,172
2047036,150,119,202
2047136,163,123,205
2047237,175,129,214
2047337,187,152,228
2047438,194,175,231
2047538,197,151,236
2047639,203,164,237
2047740,198,155,234
2047841,197,158,231
2047941,200,167,228
2048041,198,162,240
2048142,196,161,229
2048242,191,158,235
2048342,195,155,225
2048443,195,142,236
2048543,192,173,233
2048643,194,141,214
2048743,195,167,217
2048843,193,154,224
2048943,191,148,234
2049044,190,140,232
2049144,192,145,227
2049244,194,160,227
2049345,197,164,238
2049446,196,169,256
2049547,199,151,236
2049648,197,159,223
2049748,197,160,230
2049848,195,144,233
2049948,192,154,228
2050048,189,152,224
2050149,190,147,225
2050250,192,145,236
2050351,195,142,222
2050451,195,166,227
2050552,196,144,234
2050652,196,163,248
2050753,198,167,228
2050854,197,178,226
2050955,198,155,236
2051056,199,146,240
2051157,199,160,247
2051258,198,167,245
2051358,201,166,239
2051458,204,154,254
2051559,200,154,241
2051660,204,170,244
2051760,205,160,254
2051860,205,156,240
2051961,205,171,229
2052062,204,167,243
2052163,208,171,242
2052264,208,165,234
2052365,209,169,251
2052465,208,163,239
2052566,207,164,243
2052667,208,163,247
2052768,206,171,243
2052868,205,175,241
2052969,204,178,248
2053069,207,171,250
2053169,207,164,246
2053270,208,172,241
2053370,208,174,247
2053470,210,166,241
2053571,208,170,259
2053672,213,179,263
2053772,223,193,266
2053873,234,202,277
2053973,255,201,291
2054073,263,225,308
2054174,268,226,308
2054275,257,213,296
2054375,258,213,298
2054475,258,207,295
2054576,260,226,301
2054676,260,218,289
2054777,263,214,288
2054878,263,227,310
2054979,265,224,310
2055080,264,242,287
2055181,265,239,309
2055281,262,230,298
2055382,263,232,301
2055482,262,238,301
2055582,259,200,308
2055682,260,230,286
2055783,259,215,303
2055884,257,225,297
2055985,257,202,299
2056085,258,215,283
2056185,260,225,300
2056286,257,218,306
2056387,260,228,300
2056488,260,216,284
2056588,261,222,301
2056689,261,226,291
2056790,262,240,302
2056890,265,222,296
2056991,265,219,302
2057092,265,220,314
2057192,265,226,292
2057293,264,209,305
2057394,264,214,291
2057495,265,224,294
2057596,264,213,300
2057696,263,210,303
2057797,264,228,323
2057897,263,223,302
2057997,262,211,306
2058098,262,214,293
2058199,262,222,291
2058300,265,225,309
2058401,264,225,306
2058501,265,221,296
2058601,264,216,312
2058702,265,230,303
2058803,268,236,288
2058903,266,239,301
2059004,268,229,322
2059105,267,235,301
2059206,266,230,312
2059307,266,231,294
2059408,269,224,313
2059509,269,230,307
2059610,268,242,304
2059710,268,228,301
2059811,267,226,315
2059911,268,232,306
2060012,270,234,320
2060113,272,231,307
2060214,274,245,295
2060314,275,236,302
2060414,276,228,318
2060515,278,241,313
2060616,278,239,318
2060717,277,218,322
2060817,277,241,316
2060918,277,230,324
2061019,276,229,312
2061119,277,229,315
2061219,276,223,326
2061319,276,228,324
2061420,276,224,306
2061521,280,230,322
2061622,290,255,335
2061722,298,256,341
2061822,308,271,349
2061923,322,283,374
2062024,327,292,368
2062125,338,303,391
2062225,344,301,367
2062325,357,312,394
2062426,355,319,408
2062526,359,323,406
2062627,357,311,377
2062728,357,320,393
2062829,357,318,396
2062930,347,297,375
2063031,349,318,384
2063132,340,300,386
2063232,356,309,402
2063332,345,317,393
2063432,346,296,405
2063533,339,298,392
2063633,347,319,386
2063734,341,296,396
2063835,339,296,379
2063935,337,298,383
2064036,335,294,369
2064137,334,289,368
2064238,336,295,370
2064338,336,289,377
2064439,336,289,364
2064540,334,280,364
2064640,327,287,377
2064740,327,298,362
2064840,333,301,359
2064941,333,299,364
2065041,338,300,372
2065141,341,313,387
2065242,332,290,380
2065342,329,294,376
2065442,331,301,383
2065542,327,285,347
2065642,330,305,355
2065743,332,300,370
2065844,331,296,357
2065944,343,296,378
2066045,339,303,358
2066146,347,316,396
2066246,336,305,374
2066346,339,300,380
2066447,323,291,368
2066548,339,298,375
2066648,364,329,407
2066749,394,355,447
2066850,422,374,463
2066950,439,407,485
2067051,453,404,491
2067151,450,423,487
2067252,455,421,493
2067352,456,414,470
2067452,452,394,484
2067553,458,421,494
2067653,454,416,496
2067754,452,419,487
2067855,447,403,475
2067955,444,399,484
2068055,442,401,486
2068156,438,396,454
2068257,431,395,463
2068358,434,397,481
2068459,426,376,438
2068559,432,391,462
2068659,435,399,483
2068760,435,386,466
2068860,433,398,484
2068961,439,401,472
2069062,435,401,469
2069163,439,396,475
2069264,434,403,481
2069365,436,409,482
2069466,439,382,482
2069567,435,383,471
2069668,435,394,469
2069768,436,393,490
2069869,434,395,471
2069969,430,392,469
2070069,432,386,457
2070169,429,392,451
2070270,423,387,468
2070370,419,390,462
2070470,423,386,463
2070571,416,367,452
2070672,418,371,450
2070773,416,373,455
2070874,413,376,449
2070974,412,361,464
2071074,420,359,464
2071174,418,378,449
2071274,414,376,436
2071375,415,365,444
2071475,415,375,451
2071575,270,240,305
2071676,86,45,117
2071776,29,0,58
2071877,2,0,18
2071978,1,0,31
2072079,0,0,15
2072179,1,0,26
2072280,1,0,12
2072381,1,0,20
2072482,1,0,31
2072583,1,0,17
2072683,1,0,22
2072784,1,0,16
2072885,1,0,15
2072986,1,0,21
2073086,0,0,12
2073187,0,0,34
2073287,1,0,20
2073388,1,0,34
2073489,1,0,11
2073589,1,0,13
2073690,1,0,24
2073791,0,0,18
2073892,0,0,15
2073993,1,0,11
2074093,0,0,10
2074194,1,0,14
2074295,1,0,15
2074395,0,0,18
2074495,1,0,25
2074595,0,0,23
2074695,1,0,27
2074796,0,0,10
2074897,0,0,18
2074998,0,0,14
2075099,0,0,10

Test10:
2195786,0,0,17
2195887,1,0,13
2195988,0,0,26
2196089,1,0,29
2196189,1,0,31
2196290,1,0,37
2196390,1,0,16
2196490,1,0,19
2196591,0,0,10
2196691,1,0,22
2196792,0,0,13
2196893,0,0,10
2196994,1,0,27
2197095,0,0,11
2197196,1,0,22
2197297,0,0,12
2197398,0,0,20
2197498,1,0,21
2197599,0,0,10
2197700,0,0,23
2197800,1,0,32
2197900,1,0,39
2198000,1,0,25
2198101,0,0,10
2198202,1,0,11
2198302,1,0,28
2198402,0,0,35
2198502,0,0,20
2198602,1,0,22
2198703,1,0,34
2198803,1,0,26
2198904,0,0,16
2199004,1,0,25
2199105,0,0,22
2199206,0,0,23
2199307,0,0,16
2199407,1,0,17
2199507,0,0,26
2199607,1,0,15
2199708,1,0,20
2199809,1,0,22
2199909,1,0,28
2200009,1,0,15
2200110,0,0,30
2200210,1,0,18
2200310,1,0,11
2200410,0,0,28
2200510,0,0,23
2200611,0,0,23
2200712,1,0,19
2200813,1,0,15
2200913,1,0,33
2201013,1,0,18
2201114,0,0,14
2201214,0,0,23
2201314,1,0,23
2201414,1,0,14
2201514,1,0,18
2201615,0,0,16
2201716,1,0,17
2201817,1,0,21
2201918,1,0,19
2202019,1,0,15
2202119,1,0,36
2202219,1,0,19
2202319,1,0,23
2202419,0,0,22
2202519,0,0,20
2202620,1,0,11
2202721,1,0,20
2202822,1,0,20
2202922,1,0,15
2203022,1,0,27
2203123,0,0,10
2203224,1,0,22
2203325,0,0,20
2203425,1,0,41
2203525,0,0,27
2203625,1,0,30
2203726,1,0,16
2203827,1,0,23
2203927,1,0,15
2204027,1,0,13
2204127,0,0,24
2204228,0,0,20
2204329,1,0,22
2204429,1,0,13
2204529,0,0,22
2204629,0,0,11
2204730,1,0,36
2204831,0,0,10
2204932,1,0,19
2205033,1,0,19
2205133,1,0,17
2205234,1,0,23
2205335,1,0,11
2205435,0,0,27
2205536,1,0,27
2205636,1,0,18
2205737,1,0,32
2205837,0,0,29
2205937,0,0,12
2206038,1,0,32
2206139,0,0,14
2206240,1,0,13
2206340,1,0,17
2206440,0,0,17
2206540,1,0,11
2206641,1,0,23
2206741,1,0,27
2206842,1,0,11
2206942,1,0,28
2207043,1,0,16
2207144,1,0,17
2207245,0,0,10
2207345,0,0,10
2207445,0,0,10
2207546,1,0,20
2207647,0,0,10
2207748,1,0,24
2207848,0,0,15
2207949,1,0,29
2208050,0,0,22
2208151,0,0,14
2208251,1,0,33
2208352,0,0,14
2208453,1,0,29
2208554,1,0,29
2208654,0,0,26
2208754,1,0,26
2208854,1,0,33
2208955,1,0,29
2209055,0,0,25
2209155,1,0,16
2209255,1,0,13
2209356,1,0,19
2209456,1,0,31
2209556,0,0,20
2209657,1,0,24
2209758,1,0,16
2209858,1,0,11
2209959,1,0,30
2210059,1,0,14
2210160,0,0,21
2210261,1,0,16
2210362,0,0,20
2210462,1,0,21
2210563,1,0,17
2210663,1,0,28
2210764,1,0,30
2210864,1,0,18
2210965,0,0,27
2211065,1,0,11
2211165,1,0,45
2211266,1,0,21
2211367,1,0,24
2211467,1,0,13
2211568,1,0,27
2211668,1,0,11
2211769,0,0,21
2211870,1,0,22
2211970,1,0,15
2212071,0,0,10
2212171,0,0,13
2212271,0,0,32
2212371,1,0,30
2212472,1,0,22
2212573,1,0,20
2212674,1,0,30
2212775,0,0,21
2212876,1,0,13
2212977,1,0,23
2213077,0,0,11
2213178,0,0,32
2213278,1,0,15
2213379,0,0,13
2213479,0,0,28
2213580,0,0,30
2213680,0,0,18
2213780,5,0,26
2213881,11,0,45
2213982,19,0,52
2214083,32,0,64
2214184,43,6,81
2214285,50,13,79
2214386,58,22,104
2214487,58,23,88
2214588,71,23,94
2214689,72,34,119
2214789,74,44,101
2214889,73,37,110
2214990,70,29,112
2215091,71,28,97
2215191,70,29,121
2215292,70,39,116
2215393,71,39,105
2215494,68,30,116
2215594,70,27,97
2215695,68,19,121
2215795,68,29,124
2215895,67,30,104
2215996,68,24,107
2216097,68,28,103
2216198,68,31,114
2216298,69,29,99
2216398,68,42,121
2216499,71,41,112
2216599,70,26,104
2216699,67,27,103
2216799,67,34,102
2216899,68,31,98
2217000,68,33,120
2217101,68,28,107
2217202,69,32,112
2217303,68,17,94
2217403,66,34,102
2217504,64,16,106
2217605,64,25,108
2217706,66,33,105
2217807,65,33,107
2217908,65,42,112
2218009,65,22,95
2218110,64,30,96
2218211,66,20,107
2218312,64,34,94
2218413,67,39,104
2218514,66,28,103
2218615,66,40,108
2218716,64,37,98
2218817,64,20,104
2218918,64,28,88
2219019,64,30,116
2219119,65,21,107
2219219,66,23,95
2219320,65,22,98
2219421,65,28,100
2219522,66,33,101
2219622,65,43,105
2219722,65,24,101
2219823,64,21,89
2219923,61,21,104
2220023,61,33,92
2220124,59,34,91
2220225,58,20,89
2220325,59,23,84
2220426,56,18,97
2220526,56,20,90
2220627,57,26,94
2220728,56,26,87
2220828,56,17,75
2220929,56,14,87
2221030,57,20,82
2221131,58,20,86
2221231,60,24,94
2221331,57,2,98
2221432,59,22,109
2221532,58,12,80
2221632,57,26,93
2221732,55,13,91
2221832,60,23,97
2221932,65,36,99
2222032,77,45,132
2222133,90,58,126
2222233,104,74,145
2222334,117,73,148
2222435,124,79,173
2222535,129,96,186
2222636,133,101,157
2222737,133,99,173
2222837,131,100,161
2222938,132,90,174
2223039,131,98,178
2223140,130,112,172
2223241,130,82,178
2223341,134,97,164
2223442,134,110,181
2223543,128,80,170
2223644,128,95,157
2223744,127,90,161
2223845,130,82,170
2223946,129,109,160
2224047,129,92,172
2224148,130,101,178
2224248,127,87,176
2224348,125,81,159
2224448,122,87,156
2224549,124,98,161
2224650,120,76,164
2224751,120,76,148
2224851,119,81,161
2224952,118,77,157
2225052,121,81,159
2225152,119,85,160
2225253,118,85,167
2225353,121,96,163
2225453,122,71,160
2225553,123,80,159
2225653,128,83,166
2225753,125,78,169
2225854,123,87,165
2225954,124,92,173
2226055,123,88,161
2226156,122,86,155
2226256,118,89,159
2226357,119,96,164
2226458,116,79,160
2226558,118,69,152
2226658,113,82,145
2226759,109,58,139
2226860,111,70,138
2226961,113,73,157
2227062,119,73,164
2227162,124,78,157
2227262,130,106,173
2227362,154,103,190
2227462,160,119,191
2227563,173,129,209
2227664,182,147,234
2227765,194,154,228
2227865,200,177,231
2227966,200,160,233
2228067,213,179,252
2228168,213,167,242
2228268,212,164,251
2228369,212,168,242
2228469,212,182,253
2228570,211,177,254
2228671,209,165,251
2228771,208,163,226
2228872,208,169,237
2228972,209,173,253
2229072,209,171,237
2229172,207,176,239
2229273,208,167,264
2229374,208,169,249
2229474,207,166,243
2229574,203,172,251
2229675,201,174,252
2229775,202,157,228
2229876,200,155,225
2229976,198,157,249
2230076,199,165,226
2230177,197,175,233
2230277,199,159,231
2230378,198,155,227
2230479,197,149,236
2230580,195,153,236
2230680,195,156,232
2230781,196,164,245
2230882,198,158,224
2230983,198,160,231
2231083,196,156,230
2231184,196,163,222
2231284,194,162,240
2231384,193,150,217
2231485,194,155,229
2231585,194,158,226
2231686,195,171,224
2231787,194,153,222
2231888,193,156,223
2231989,191,159,220
2232089,193,144,228
2232189,190,141,232
2232289,190,156,223
2232389,193,151,212
2232489,200,152,237
2232590,210,180,238
2232691,219,186,255
2232791,232,202,272
2232892,245,210,281
2232993,254,220,287
2233094,263,229,294
2233194,263,219,297
2233294,281,244,329
2233395,278,233,318
2233495,277,236,336
2233596,274,230,312
2233696,273,227,312
2233796,273,239,326
2233896,271,228,310
2233997,268,221,324
2234098,271,229,324
2234198,268,229,314
2234299,266,232,302
2234400,267,225,312
2234501,264,224,302
2234602,265,235,308
2234702,264,205,304
2234803,257,217,288
2234903,259,217,294
2235004,262,226,299
2235104,260,222,289
2235204,257,210,289
2235304,257,209,292
2235405,259,203,286
2235505,260,229,304
2235605,260,237,304
2235705,262,228,313
2235806,260,223,293
2235907,261,220,300
2236008,262,231,302
2236109,263,204,292
2236210,265,238,301
2236311,266,229,296
2236412,264,230,296
2236513,261,216,303
2236614,263,229,318
2236714,262,215,296
2236815,266,216,294
2236915,266,230,300
2237016,267,230,294
2237116,264,230,311
2237217,266,230,303
2237318,268,231,312
2237419,271,230,313
2237520,272,234,309
2237621,273,230,307
2237721,277,234,308
2237822,285,247,336
2237922,295,266,326
2238023,305,273,348
2238124,312,272,335
2238225,317,281,345
2238326,319,272,348
2238426,339,298,363
2238526,340,289,379
2238627,335,299,364
2238728,335,293,377
2238828,335,295,374
2238929,334,290,388
2239029,332,299,371
2239129,330,286,377
2239230,331,295,376
2239331,329,302,370
2239431,329,290,356
2239531,331,291,377
2239632,328,282,352
2239733,325,276,359
2239834,322,278,368
2239935,323,278,368
2240036,318,292,348
2240137,317,279,368
2240237,317,272,356
2240338,318,273,360
2240439,318,274,351
2240539,317,277,360
2240639,314,269,345
2240739,316,267,370
2240840,314,279,344
2240941,313,272,352
2241042,310,281,351
2241142,303,262,350
2241243,307,263,329
2241343,306,281,364
2241443,307,269,345
2241544,309,271,357
2241644,309,270,357
2241745,310,260,355
2241846,306,276,335
2241947,303,281,337
2242048,304,276,340
2242148,308,262,349
2242248,305,251,338
2242349,307,270,347
2242449,310,274,346
2242549,311,261,345
2242649,318,294,356
2242750,317,279,350
2242851,332,295,354
2242952,347,309,388
2243052,354,323,387
2243153,377,342,416
2243254,394,351,439
2243354,404,368,436
2243455,417,378,445
2243555,423,389,477
2243655,424,391,462
2243755,424,386,461
2243856,422,377,454
2243957,426,384,473
2244058,422,396,473
2244159,423,392,460
2244260,426,384,462
2244361,427,405,464
2244461,429,398,477
2244561,428,392,467
2244662,426,389,462
2244763,425,389,463
2244863,427,384,462
2244963,423,390,437
2245064,422,390,459
2245165,422,394,462
2245266,426,388,454
2245366,427,393,467
2245467,428,394,471
2245568,430,386,459
2245669,428,379,489
2245769,434,387,475
2245870,439,405,484
2245971,437,392,486
2246072,440,391,477
2246172,438,400,487
2246272,434,393,481
2246372,437,391,470
2246473,446,419,485
2246574,448,402,499
2246674,446,405,485
2246774,285,240,322
2246874,74,47,124
2246975,22,0,58
2247075,3,0,20
2247176,0,0,27
2247277,0,0,19
2247378,0,0,15
2247479,1,0,14
2247580,0,0,27
2247681,0,0,10
2247781,0,0,14
2247882,0,0,14
2247982,0,0,28
2248082,0,0,12
2248182,0,0,27
2248283,1,0,12
2248384,1,0,27
2248485,0,0,12
2248585,0,0,36
2248686,1,0,29
2248786,0,0,15
2248887,0,0,13
2248987,0,0,19
2249087,0,0,10
2249188,0,0,10
2249288,0,0,14
2249389,0,0,10
2249489,0,0,10
2249590,0,0,15
2249691,0,0,23
2249791,0,0,14
2249892,0,0,31
2249992,1,0,16
2250092,0,0,33
2250192,0,0,13
2250292,0,0,28
2250393,1,0,15
2250493,0,0,20
2250594,0,0,15
2250695,1,0,31
2250795,1,0,19
2250895,0,0,14
2250996,1,0,11

Test11:
2385890,1,0,28
2385990,0,0,18
2386090,0,0,11
2386191,1,0,13
2386291,0,0,12
2386391,0,0,13
2386491,1,0,22
2386592,1,0,31
2386693,1,0,20
2386793,0,0,22
2386894,0,0,16
2386995,0,0,21
2387096,1,0,29
2387196,0,0,10
2387297,0,0,25
2387398,1,0,18
2387498,0,0,15
2387598,1,0,29
2387699,1,0,22
2387799,1,0,14
2387900,1,0,21
2388001,1,0,38
2388102,1,0,15
2388202,1,0,21
2388303,0,0,12
2388403,1,0,11
2388503,1,0,17
2388603,1,0,11
2388703,0,0,29
2388804,1,0,17
2388905,1,0,11
2389005,0,0,19
2389105,1,0,16
2389206,1,0,34
2389306,1,0,32
2389406,0,0,11
2389506,0,0,10
2389606,0,0,11
2389706,0,0,10
2389807,1,0,30
2389908,1,0,20
2390008,1,0,11
2390108,1,0,17
2390209,0,0,18
2390309,1,0,19
2390410,1,0,28
2390510,0,0,10
2390611,0,0,21
2390712,0,0,11
2390812,1,0,18
2390912,1,0,34
2391013,0,0,19
2391114,0,0,24
2391214,1,0,28
2391315,0,0,10
2391416,1,0,21
2391516,1,0,25
2391616,0,0,21
2391716,0,0,10
2391816,1,0,16
2391917,0,0,10
2392017,1,0,16
2392118,0,0,28
2392219,1,0,11
2392320,0,0,13
2392421,1,0,19
2392521,1,0,11
2392621,1,0,32
2392721,0,0,19
2392821,0,0,25
2392921,0,0,10
2393022,0,0,11
2393123,1,0,19
2393224,0,0,15
2393325,0,0,25
2393426,0,0,14
2393526,1,0,28
2393627,1,0,13
2393728,1,0,17
2393829,1,0,28
2393930,0,0,14
2394030,1,0,20
2394130,0,0,31
2394230,0,0,10
2394331,0,0,23
2394431,1,0,18
2394531,1,0,18
2394632,0,0,20
2394732,1,0,13
2394833,0,0,20
2394933,0,0,28
2395034,1,0,11
2395134,0,0,26
2395234,1,0,23
2395335,1,0,28
2395436,0,0,10
2395537,0,0,20
2395638,0,0,18
2395739,1,0,30
2395839,1,0,20
2395940,1,0,11
2396041,0,0,21
2396141,1,0,11
2396242,1,0,25
2396342,0,0,32
2396443,1,0,31
2396544,0,0,20
2396645,0,0,23
2396746,1,0,17
2396846,1,0,20
2396947,0,0,20
2397047,0,0,23
2397148,1,0,29
2397249,1,0,24
2397350,0,0,10
2397451,1,0,16
2397552,0,0,30
2397652,1,0,11
2397753,1,0,22
2397853,1,0,25
2397953,1,0,17
2398053,1,0,12
2398154,1,0,23
2398254,1,0,27
2398355,1,0,51
2398456,1,0,18
2398556,0,0,24
2398656,0,0,17
2398757,1,0,26
2398857,0,0,26
2398957,0,0,14
2399058,0,0,10
2399159,0,0,12
2399260,1,0,33
2399361,1,0,32
2399461,0,0,24
2399562,1,0,20
2399663,1,0,15
2399764,1,0,29
2399865,0,0,23
2399965,1,0,26
2400066,0,0,13
2400166,1,0,14
2400267,1,0,11
2400368,0,0,23
2400469,0,0,32
2400570,1,0,23
2400670,0,0,23
2400770,1,0,28
2400870,0,0,21
2400970,0,0,32
2401071,8,0,37
2401171,17,0,55
2401271,34,0,75
2401372,49,15,83
2401472,53,20,106
2401572,64,23,104
2401672,63,39,95
2401772,64,10,108
2401872,64,25,90
2401973,60,15,99
2402073,60,16,90
2402173,60,11,94
2402273,61,15,88
2402373,59,23,91
2402474,59,32,90
2402574,59,17,96
2402674,59,28,96
2402774,56,12,88
2402875,57,17,87
2402976,56,37,84
2403076,52,0,88
2403177,51,23,95
2403277,50,2,92
2403377,50,11,95
2403477,50,15,86
2403577,52,11,83
2403677,51,17,86
2403778,47,15,83
2403879,46,16,83
2403979,48,18,80
2404080,48,21,74
2404181,48,9,95
2404281,47,9,88
2404381,47,19,72
2404481,44,2,74
2404581,46,0,96
2404681,45,20,67
2404781,48,2,80
2404881,60,30,90
2404981,70,36,93
2405081,88,49,126
2405182,102,62,136
2405282,113,62,147
2405383,125,91,166
2405484,128,93,165
2405585,128,79,160
2405686,131,103,176
2405787,128,90,169
2405887,124,80,147
2405987,123,78,157
2406087,119,77,147
2406187,122,91,149
2406287,119,84,161
2406388,115,68,153
2406488,109,64,140
2406589,115,77,151
2406690,118,84,143
2406791,121,83,156
2406892,120,74,164
2406992,126,99,158
2407093,134,107,151
2407194,132,87,162
2407295,133,96,163
2407396,130,94,178
2407497,129,87,167
2407597,121,80,156
2407698,122,75,168
2407799,121,93,159
2407899,119,84,163
2408000,119,74,159
2408100,131,105,178
2408200,130,80,165
2408301,124,77,157
2408402,119,93,146
2408503,122,84,176
2408603,116,60,164
2408704,123,86,157
2408805,127,93,158
2408905,120,89,154
2409005,125,90,159
2409105,134,88,182
2409205,135,106,165
2409306,130,81,166
2409407,130,93,176
2409507,129,96,172
2409607,121,69,161
2409708,121,101,171
2409808,120,79,151
2409908,122,82,163
2410009,117,74,146
2410110,117,78,160
2410211,118,66,155
2410311,119,73,155
2410411,114,80,149
2410511,118,96,153
2410611,129,79,176
2410711,126,88,173
2410812,132,95,176
2410913,135,93,163
2411014,136,83,178
2411115,134,107,169
2411215,133,95,149
2411315,136,89,180
2411416,140,96,189
2411516,138,102,171
2411617,136,103,172
2411717,137,103,167
2411818,144,117,184
2411919,151,108,184
2412020,158,121,193
2412120,168,125,217
2412221,175,133,207
2412321,184,144,218
2412422,197,152,237
2412523,194,161,242
2412624,198,160,233
2412724,205,164,238
2412825,204,161,253
2412925,201,160,229
2413025,197,150,237
2413125,194,155,233
2413226,196,162,236
2413327,196,151,247
2413428,201,155,235
2413529,195,147,228
2413630,195,149,247
2413731,195,159,235
2413831,191,153,221
2413931,193,149,230
2414032,191,152,233
2414133,195,147,218
2414234,193,145,245
2414334,195,146,235
2414435,195,154,252
2414536,193,151,222
2414636,197,164,243
2414736,197,159,241
2414837,194,147,232
2414938,199,143,246
2415038,199,157,239
2415139,200,166,252
2415239,197,136,228
2415339,196,158,228
2415439,202,164,248
2415540,198,152,216
2415641,203,164,243
2415742,208,159,238
2415843,206,174,236
2415944,204,163,227
2416045,204,163,250
2416145,204,154,231
2416245,201,188,240
2416346,198,161,243
2416447,198,154,237
2416547,199,159,262
2416648,195,154,212
2416749,198,170,236
2416849,198,166,243
2416950,200,158,227
2417050,199,154,240
2417150,201,157,246
2417251,204,181,248
2417352,214,176,250
2417452,234,199,264
2417552,244,202,285
2417653,261,213,302
2417754,272,236,317
2417854,278,241,308
2417954,267,223,293
2418055,267,236,313
2418155,265,233,315
2418256,264,216,296
2418357,266,219,286
2418458,266,227,310
2418558,267,237,300
2418658,269,225,313
2418758,269,236,303
2418858,269,237,314
2418959,270,222,311
2419060,270,228,316
2419160,270,225,307
2419261,269,228,302
2419362,273,245,307
2419462,273,229,308
2419563,273,236,317
2419663,275,223,301
2419763,275,236,299
2419864,276,236,301
2419965,274,242,309
2420065,277,233,297
2420165,277,248,315
2420266,278,240,325
2420367,279,233,318
2420468,278,224,323
2420568,279,241,296
2420668,278,249,326
2420769,280,239,307
2420870,279,225,321
2420970,280,239,316
2421071,281,250,334
2421172,283,233,319
2421272,280,235,317
2421372,280,243,320
2421473,281,231,322
2421573,285,245,317
2421674,286,238,329
2421774,285,253,329
2421875,284,246,323
2421976,283,245,327
2422077,278,224,314
2422178,278,241,320
2422278,277,234,321
2422379,280,248,311
2422479,282,243,311
2422579,282,255,341
2422679,283,248,317
2422779,283,250,320
2422879,282,240,326
2422980,280,225,324
2423081,281,241,327
2423181,282,243,326
2423282,286,256,331
2423382,294,245,331
2423482,305,261,349
2423583,318,262,377
2423684,326,280,354
2423785,332,298,372
2423886,333,291,361
2423987,326,302,372
2424087,324,291,362
2424187,324,303,374
2424287,323,282,367
2424387,323,276,359
2424487,320,276,350
2424587,322,284,378
2424687,321,278,382
2424787,317,275,351
2424888,317,275,359
2424989,317,277,351
2425089,320,276,359
2425189,322,281,360
2425290,324,289,355
2425390,324,280,382
2425490,328,286,361
2425591,324,285,372
2425692,321,291,369
2425793,325,273,360
2425893,322,276,358
2425993,325,282,358
2426093,333,284,368
2426194,327,283,367
2426294,333,295,373
2426395,336,292,375
2426496,340,296,373
2426597,342,291,407
2426698,340,301,375
2426799,333,295,377
2426900,335,277,385
2427001,335,289,369
2427101,331,293,371
2427202,340,315,366
2427303,353,316,390
2427403,362,317,410
2427504,385,353,419
2427605,405,363,459
2427706,423,384,469
2427806,432,397,475
2427907,440,412,470
2428008,422,386,457
2428109,421,384,456
2428209,418,376,459
2428310,418,388,466
2428411,416,377,452
2428511,416,386,452
2428612,415,363,468
2428712,418,374,446
2428812,417,373,456
2428912,416,364,448
2429013,418,387,467
2429113,418,366,444
2429213,423,379,460
2429314,426,397,461
2429414,424,373,474
2429515,423,372,464
2429615,426,389,469
2429715,430,392,484
2429816,431,404,474
2429916,431,386,468
2430016,430,384,469
2430117,431,390,467
2430218,433,392,479
2430319,434,394,474
2430419,428,375,477
2430520,429,385,461
2430620,429,381,466
2430720,432,400,474
2430820,436,396,480
2430920,436,393,482
2431021,439,399,479
2431121,444,392,479
2431221,441,402,486
2431322,438,395,483
2431422,437,406,476
2431523,437,404,482
2431623,437,379,466
2431724,439,401,477
2431825,436,391,470
2431925,437,396,472
2432025,439,388,470
2432125,441,394,485
2432225,446,410,483
2432325,447,406,500
2432426,445,409,497
2432526,441,410,475
2432627,440,396,491
2432727,438,413,481
2432828,440,402,468
2432929,444,386,485
2433030,444,395,482
2433131,446,404,482
2433231,450,408,495
2433332,452,419,473
2433432,451,414,479
2433532,449,418,501
2433632,449,421,497
2433733,445,401,480
2433834,440,409,477
2433935,436,392,469
2434036,435,383,495
2434137,431,386,470
2434238,431,394,477
2434339,430,377,475
2434440,431,392,459
2434540,432,387,460
2434640,436,398,472
2434741,437,398,475
2434841,442,407,484
2434942,445,403,485
2435043,444,388,487
2435144,444,401,491
2435244,443,400,489
2435344,440,397,477
2435445,338,281,379
2435545,108,90,150
2435645,20,0,50
2435746,3,0,15
2435846,0,0,24
2435946,1,0,38
2436047,0,0,11
2436148,0,0,10
2436249,0,0,26
2436350,1,0,17
2436451,1,0,23
2436552,0,0,10
2436653,0,0,10
2436754,0,0,21
2436855,1,0,15
2436956,0,0,17
2437057,0,0,26
2437158,0,0,23
2437259,1,0,17
2437360,0,0,10
2437460,1,0,11
2437560,1,0,11
2437660,0,0,16
2437761,0,0,21
2437862,1,0,20
2437963,0,0,36
2438063,0,0,21
2438163,0,0,19
2438264,0,0,24
2438365,0,0,34
2438465,1,0,35
2438566,1,0,11
2438667,0,0,10
2438767,0,0,14
2438867,0,0,10
2438967,0,0,13
2439067,1,0,11
2439168,1,0,29
2439268,0,0,10
2439369,1,0,25
2439469,0,0,31
2439569,0,0,18
2439669,1,0,21
2439770,0,0,19
2439870,0,0,12

Test12:
2559164,1,0,15
2559265,1,0,29
2559366,0,0,29
2559466,1,0,38
2559566,0,0,10
2559666,1,0,25
2559767,1,0,21
2559868,1,0,35
2559968,1,0,12
2560069,1,0,28
2560169,1,0,11
2560270,0,0,23
2560371,1,0,27
2560471,1,0,15
2560572,1,0,27
2560673,1,0,28
2560774,0,0,29
2560874,1,0,14
2560974,1,0,18
2561075,1,0,21
2561175,0,0,13
2561276,1,0,28
2561377,1,0,15
2561478,1,0,44
2561579,0,0,17
2561680,1,0,21
2561780,0,0,15
2561880,1,0,20
2561980,1,0,14
2562081,1,0,30
2562182,1,0,11
2562283,1,0,27
2562383,1,0,17
2562484,1,0,26
2562585,1,0,16
2562685,1,0,17
2562786,1,0,27
2562887,1,0,18
2562987,1,0,28
2563087,1,0,35
2563187,1,0,13
2563288,1,0,19
2563388,1,0,33
2563488,1,0,27
2563589,1,0,28
2563689,1,0,28
2563789,1,0,20
2563890,1,0,17
2563991,1,0,27
2564092,1,0,20
2564192,1,0,36
2564293,1,0,18
2564394,0,0,17
2564494,0,0,13
2564594,1,0,35
2564694,0,0,21
2564795,1,0,16
2564895,1,0,29
2564995,1,0,12
2565096,1,0,11
2565197,1,0,27
2565297,1,0,29
2565397,1,0,14
2565497,1,0,22
2565598,1,0,31
2565698,1,0,18
2565799,1,0,28
2565899,0,0,14
2565999,1,0,20
2566099,1,0,31
2566200,1,0,35
2566300,1,0,21
2566401,1,0,27
2566501,1,0,22
2566601,1,0,25
2566702,1,0,15
2566802,0,0,27
2566903,1,0,22
2567003,1,0,18
2567104,0,0,10
2567204,1,0,29
2567305,1,0,21
2567406,1,0,21
2567506,0,0,21
2567606,0,0,19
2567707,1,0,19
2567807,1,0,26
2567907,1,0,16
2568007,0,0,17
2568108,1,0,16
2568209,0,0,10
2568309,1,0,31
2568410,1,0,25
2568511,1,0,27
2568612,1,0,24
2568713,1,0,11
2568814,1,0,18
2568915,0,0,25
2569015,1,0,17
2569116,1,0,38
2569216,1,0,18
2569316,1,0,29
2569416,1,0,24
2569517,4,0,25
2569617,6,0,35
2569718,14,0,39
2569819,18,0,48
2569920,22,0,58
2570021,31,0,67
2570122,39,0,77
2570222,47,13,68
2570322,54,10,75
2570423,55,23,95
2570523,60,26,97
2570624,67,23,102
2570724,67,19,105
2570825,66,38,109
2570926,66,25,103
2571026,63,29,101
2571126,60,38,83
2571227,61,38,103
2571328,59,27,92
2571428,59,15,92
2571529,58,25,83
2571629,59,32,73
2571729,59,12,98
2571830,59,12,97
2571931,58,26,89
2572032,58,14,89
2572133,59,28,93
2572234,57,24,101
2572335,56,16,109
2572436,55,25,89
2572537,56,12,89
2572637,56,32,91
2572737,54,11,88
2572837,53,19,97
2572937,50,5,78
2573038,52,16,91
2573139,51,13,89
2573240,52,4,97
2573340,52,23,110
2573441,54,10,92
2573542,54,18,90
2573642,54,26,81
2573742,55,20,93
2573843,57,28,85
2573943,55,20,84
2574043,55,23,91
2574144,55,5,98
2574245,56,15,102
2574345,57,25,89
2574446,56,25,97
2574547,55,26,102
2574648,54,31,97
2574748,54,11,87
2574848,54,6,90
2574949,55,13,83
2575050,53,17,80
2575150,53,16,85
2575250,55,20,79
2575351,53,18,88
2575451,54,30,98
2575551,58,17,97
2575652,62,30,104
2575752,78,30,113
2575853,79,32,112
2575954,93,42,141
2576054,108,73,147
2576154,123,82,160
2576254,131,95,168
2576355,137,91,166
2576456,145,107,193
2576557,149,118,190
2576658,163,113,201
2576758,163,112,190
2576858,164,108,208
2576958,162,124,201
2577059,158,106,190
2577160,159,126,194
2577261,159,120,202
2577362,158,122,187
2577463,156,112,207
2577563,160,130,200
2577664,160,126,199
2577765,157,103,186
2577865,157,109,203
2577965,156,110,192
2578066,153,115,181
2578167,151,105,208
2578267,152,122,196
2578367,149,111,190
2578468,149,116,191
2578568,150,109,201
2578669,146,94,169
2578770,144,108,182
2578871,141,93,181
2578971,141,94,171
2579071,143,105,177
2579171,145,98,193
2579271,145,118,180
2579372,143,99,177
2579473,145,122,193
2579574,146,112,183
2579674,146,104,172
2579775,144,109,174
2579876,142,98,186
2579977,143,104,175
2580077,147,113,202
2580178,147,99,180
2580278,146,117,197
2580379,145,111,183
2580479,141,101,190
2580580,142,102,180
2580681,140,98,196
2580781,143,105,165
2580882,138,107,187
2580983,142,93,163
2581084,145,98,176
2581185,144,108,162
2581285,143,97,176
2581386,143,98,176
2581487,144,99,185
2581587,143,106,184
2581687,144,97,177
2581788,140,92,179
2581888,143,101,186
2581988,137,105,164
2582089,139,97,165
2582189,138,105,172
2582289,139,88,184
2582390,140,111,175
2582491,142,108,177
2582591,139,98,188
2582691,139,107,173
2582792,138,85,176
2582893,135,95,167
2582993,138,100,181
2583094,139,110,174
2583194,140,96,173
2583294,137,100,166
2583394,134,85,182
2583495,136,97,168
2583595,139,107,185
2583695,158,115,200
2583796,179,133,219
2583896,201,168,249
2583997,218,188,259
2584097,224,188,275
2584197,237,193,255
2584297,236,198,265
2584398,237,178,272
2584499,235,186,274
2584599,235,185,270
2584699,231,194,271
2584799,231,197,278
2584900,231,185,265
2585001,232,194,267
2585102,232,209,256
2585203,233,200,262
2585303,234,199,264
2585403,234,195,265
2585504,232,179,277
2585604,233,190,273
2585704,230,187,270
2585805,227,185,263
2585905,226,188,268
2586006,229,200,267
2586107,230,185,272
2586208,228,191,254
2586308,225,182,269
2586408,228,196,268
2586508,229,200,258
2586609,225,202,271
2586709,223,180,257
2586810,221,188,277
2586910,220,177,263
2587011,223,185,254
2587112,220,181,272
2587213,223,196,253
2587314,224,186,255
2587415,225,204,265
2587516,223,182,243
2587617,223,169,252
2587718,221,175,257
2587818,223,184,274
2587919,219,173,257
2588020,223,161,251
2588120,220,182,238
2588221,220,171,262
2588322,219,180,243
2588423,219,186,246
2588524,218,168,256
2588625,220,188,251
2588725,220,177,267
2588826,219,183,257
2588927,218,174,241
2589027,215,179,240
2589128,216,187,256
2589228,219,175,263
2589328,219,183,266
2589428,219,173,251
2589529,218,177,257
2589630,216,174,243
2589731,212,182,243
2589832,213,165,254
2589933,217,187,253
2590034,218,193,244
2590135,216,191,253
2590235,213,161,248
2590335,213,165,258
2590435,215,190,251
2590535,218,191,254
2590635,222,170,258
2590736,221,173,236
2590837,221,181,252
2590937,220,170,267
2591037,218,193,253
2591138,218,174,269
2591239,216,175,252
2591340,212,173,248
2591441,210,164,249
2591542,209,156,249
2591643,217,164,266
2591744,241,187,282
2591845,268,235,321
2591946,286,255,332
2592047,300,256,345
2592148,291,253,327
2592249,291,249,326
2592350,292,244,343
2592451,292,248,335
2592552,293,254,316
2592652,292,263,324
2592752,293,260,340
2592852,293,249,310
2592952,293,261,356
2593053,293,260,330
2593153,295,261,344
2593253,293,240,313
2593353,294,260,333
2593454,295,260,334
2593554,294,266,339
2593654,295,253,317
2593754,295,252,338
2593855,294,254,334
2593956,296,257,323
2594056,296,262,329
2594156,298,278,340
2594256,298,269,320
2594357,298,256,340
2594458,296,256,337
2594559,297,253,315
2594660,295,253,337
2594760,296,267,337
2594860,297,261,343
2594960,301,269,328
2595061,300,262,352
2595161,300,266,340
2595262,301,253,330
2595362,303,261,343
2595462,304,267,353
2595563,306,256,348
2595664,305,264,340
2595765,307,254,345
2595865,305,259,339
2595965,306,258,337
2596065,306,261,343
2596165,305,258,354
2596266,305,255,349
2596367,305,273,352
2596467,317,283,353
2596568,330,289,365
2596669,345,304,386
2596769,358,331,409
2596869,373,336,402
2596970,380,348,404
2597071,384,342,404
2597171,371,350,409
2597271,369,329,405
2597372,372,341,417
2597473,372,330,416
2597574,373,342,392
2597675,371,324,420
2597776,374,335,417
2597876,375,334,420
2597977,373,333,423
2598078,374,340,402
2598179,376,333,413
2598279,377,328,407
2598380,375,338,405
2598480,373,324,402
2598581,374,321,410
2598681,374,334,414
2598781,376,345,429
2598881,379,317,433
2598981,377,333,424
2599081,375,345,425
2599182,373,339,419
2599282,376,347,427
2599382,377,338,421
2599483,376,337,422
2599583,378,357,418
2599684,378,337,427
2599785,381,341,393
2599885,381,336,413
2599986,377,331,394
2600086,372,335,424
2600187,373,340,417
2600287,375,337,423
2600388,379,327,416
2600488,379,339,407
2600589,381,340,421
2600690,376,336,395
2600790,380,345,427
2600891,379,340,412
2600991,377,342,432
2601091,381,360,414
2601191,381,360,419
2601291,386,334,417
2601392,383,340,408
2601493,384,350,415
2601593,388,339,423
2601693,391,336,429
2601794,390,353,431
2601895,390,360,428
2601996,391,344,430
2602096,391,341,434
2602196,393,347,441
2602296,390,333,439
2602396,393,347,429
2602497,392,351,420
2602598,394,361,435
2602698,394,361,433
2602799,393,348,429
2602900,393,357,426
2603000,392,364,452
2603101,394,354,442
2603201,395,351,432
2603301,392,355,439
2603401,393,350,425
2603502,392,355,436
2603603,394,344,425
2603704,393,348,443
2603804,396,368,444
2603904,402,353,448
2604005,413,382,448
2604106,429,384,477
2604206,440,407,486
2604306,454,431,497
2604406,469,417,504
2604506,480,451,524
2604606,484,440,521
2604706,489,444,521
2604806,478,439,546
2604907,475,439,502
2605007,470,434,522
2605107,473,433,508
2605208,472,446,512
2605308,471,425,515
2605408,472,436,511
2605509,475,437,527
2605609,473,442,498
2605709,475,435,493
2605810,482,458,513
2605911,491,466,538
2606011,483,457,534
2606111,486,443,518
2606211,489,444,532
2606312,490,456,536
2606413,494,452,533
2606514,489,444,527
2606615,491,459,531
2606716,500,463,548
2606817,501,456,538
2606918,501,461,544
2607018,495,453,528
2607119,497,471,535
2607219,497,446,521
2607320,498,465,533
2607421,495,452,533
2607521,494,449,534
2607622,495,441,531
2607722,491,444,525
2607822,492,443,527
2607923,490,451,525
2608023,491,451,537
2608124,496,455,538
2608224,496,452,530
2608325,497,467,527
2608426,500,459,538
2608526,507,474,543
2608627,508,463,555
2608728,507,471,549
2608828,305,261,344
2608929,124,86,158
2609030,40,0,93
2609131,3,0,32
2609232,0,0,16
2609332,1,0,38
2609432,1,0,21
2609533,0,0,10
2609633,0,0,24
2609734,0,0,22
2609835,1,0,14
2609935,1,0,22
2610035,0,0,15
2610136,0,0,27
2610236,0,0,40
2610337,1,0,20
2610438,0,0,10
2610539,1,0,42
2610639,0,0,11
2610740,0,0,10
2610840,0,0,12
2610941,1,0,25
2611042,1,0,14
2611142,0,0,19
2611242,1,0,15
2611342,1,0,11
2611442,0,0,10
2611542,1,0,15
2611642,0,0,10
2611742,0,0,25

Test13:
2733944,1,0,16
2734044,1,0,24
2734144,1,0,16
2734245,0,0,12
2734345,1,0,26
2734446,1,0,11
2734546,1,0,20
2734647,1,0,19
2734747,1,0,28
2734848,1,0,32
2734949,1,0,11
2735050,1,0,11
2735150,1,0,30
2735251,1,0,17
2735351,1,0,39
2735451,1,0,31
2735551,1,0,23
2735652,1,0,25
2735753,1,0,11
2735854,1,0,12
2735954,1,0,40
2736055,1,0,15
2736155,1,0,20
2736256,1,0,24
2736357,0,0,14
2736457,1,0,22
2736557,1,0,31
2736658,1,0,11
2736758,1,0,23
2736858,0,0,32
2736959,1,0,33
2737059,0,0,21
2737159,1,0,13
2737260,1,0,18
2737360,1,0,32
2737461,0,0,11
2737562,1,0,18
2737663,1,0,13
2737763,1,0,16
2737863,1,0,25
2737963,1,0,18
2738064,1,0,12
2738165,1,0,13
2738265,1,0,33
2738365,1,0,21
2738466,1,0,16
2738567,1,0,11
2738667,1,0,19
2738768,1,0,15
2738868,1,0,43
2738969,1,0,30
2739070,1,0,28
2739170,1,0,43
2739271,0,0,17
2739371,0,0,21
2739471,1,0,19
2739571,0,0,23
2739672,0,0,15
2739773,1,0,21
2739873,1,0,30
2739974,1,0,36
2740075,1,0,15
2740176,1,0,24
2740276,1,0,11
2740377,1,0,30
2740478,1,0,11
2740578,1,0,22
2740678,1,0,26
2740779,0,0,18
2740880,1,0,20
2740980,0,0,13
2741081,1,0,27
2741182,1,0,11
2741283,0,0,22
2741383,1,0,41
2741483,1,0,23
2741583,1,0,29
2741683,1,0,23
2741783,0,0,25
2741883,1,0,25
2741984,1,0,24
2742084,1,0,13
2742184,1,0,18
2742284,1,0,13
2742384,1,0,14
2742484,1,0,23
2742584,0,0,24
2742684,0,0,28
2742784,0,0,19
2742884,6,0,32
2742985,23,0,52
2743086,39,0,74
2743187,57,23,91
2743287,59,10,92
2743388,70,36,114
2743489,69,25,106
2743589,69,25,115
2743689,67,20,105
2743790,62,18,94
2743891,60,23,104
2743991,62,24,89
2744092,61,16,93
2744193,59,9,101
2744293,57,39,88
2744393,58,6,97
2744493,58,12,125
2744594,59,33,103
2744695,57,14,92
2744796,57,6,94
2744896,58,23,124
2744997,59,27,111
2745097,56,26,87
2745198,55,7,88
2745298,56,20,94
2745398,54,21,85
2745499,56,18,85
2745600,57,15,101
2745700,59,10,101
2745801,60,18,86
2745901,56,2,92
2746002,58,14,97
2746102,60,22,106
2746203,59,17,107
2746304,58,33,101
2746405,57,31,94
2746506,56,25,82
2746607,55,6,94
2746707,56,12,97
2746807,60,10,106
2746908,61,36,110
2747009,63,50,87
2747109,60,8,103
2747209,60,22,99
2747309,58,21,92
2747410,58,20,102
2747511,64,17,103
2747612,81,42,126
2747713,90,47,125
2747814,110,70,154
2747915,122,69,160
2748015,137,101,190
2748115,138,107,181
2748216,140,113,176
2748316,142,110,176
2748417,142,106,189
2748518,136,107,171
2748619,140,114,183
2748719,135,98,169
2748819,137,103,191
2748919,140,84,171
2749019,142,91,179
2749120,142,91,180
2749220,138,94,168
2749320,143,89,181
2749421,144,119,189
2749522,145,105,172
2749622,148,114,188
2749723,153,116,187
2749823,143,111,170
2749923,143,105,186
2750023,139,103,187
2750123,142,105,175
2750224,141,100,174
2750325,138,89,173
2750426,140,98,177
2750526,143,120,165
2750627,141,109,179
2750728,139,107,182
2750829,145,113,184
2750930,150,134,178
2751031,158,109,199
2751132,160,126,208
2751232,152,111,186
2751333,148,93,176
2751433,142,98,187
2751533,142,117,185
2751634,148,117,181
2751735,147,131,182
2751836,144,96,182
2751937,144,104,186
2752038,142,112,189
2752138,137,108,174
2752238,137,93,182
2752338,141,106,176
2752439,142,101,196
2752540,139,105,179
2752640,144,114,169
2752741,143,91,182
2752841,147,109,176
2752941,140,105,176
2753041,138,105,168
2753141,142,101,185
2753242,140,98,178
2753343,139,105,174
2753444,136,112,170
2753545,132,92,182
2753645,127,84,165
2753746,129,83,189
2753846,134,98,169
2753947,141,106,181
2754048,137,98,188
2754149,138,99,190
2754249,131,96,177
2754350,131,83,174
2754450,138,83,168
2754551,147,104,193
2754652,159,136,204
2754752,175,137,204
2754853,181,138,203
2754954,196,173,234
2755055,211,166,257
2755155,214,161,261
2755256,225,171,263
2755357,230,191,266
2755458,218,195,242
2755558,215,171,250
2755659,215,185,257
2755759,216,171,244
2755859,216,178,259
2755959,215,179,247
2756060,217,176,265
2756161,216,176,252
2756261,215,179,258
2756362,220,175,263
2756462,221,179,248
2756562,217,179,259
2756662,215,178,253
2756763,214,179,252
2756863,215,177,248
2756963,216,174,259
2757064,217,176,249
2757164,219,174,257
2757265,217,173,262
2757365,215,171,244
2757465,219,199,272
2757566,222,176,256
2757667,223,180,267
2757768,226,193,262
2757868,225,183,260
2757968,230,181,271
2758069,228,193,255
2758169,229,204,258
2758270,232,176,269
2758370,231,186,275
2758470,230,191,268
2758571,229,198,254
2758672,230,177,262
2758773,232,193,278
2758873,232,190,269
2758973,234,205,259
2759074,237,195,282
2759175,239,199,283
2759275,238,188,279
2759375,237,202,263
2759476,236,204,279
2759577,237,192,270
2759677,243,207,274
2759778,250,212,283
2759878,260,225,302
2759979,268,233,299
2760080,278,239,308
2760181,286,253,326
2760282,292,249,329
2760382,295,261,348
2760483,303,268,341
2760583,303,265,348
2760684,303,252,343
2760785,302,271,357
2760886,303,263,336
2760987,303,271,337
2761087,303,271,359
2761187,303,266,344
2761288,300,267,340
2761389,300,262,345
2761489,300,262,336
2761590,299,258,332
2761691,300,277,343
2761792,299,256,349
2761893,299,257,319
2761993,298,262,325
2762094,297,265,337
2762195,296,264,330
2762295,295,262,333
2762396,296,253,343
2762497,296,258,337
2762598,298,253,325
2762699,297,254,322
2762799,297,255,334
2762900,298,238,338
2763001,297,265,338
2763102,297,268,348
2763202,298,256,337
2763302,299,256,326
2763403,298,265,324
2763504,297,246,328
2763605,297,256,340
2763705,297,249,329
2763805,296,253,339
2763905,298,256,337
2764006,296,269,339
2764107,295,250,330
2764208,293,246,336
2764308,291,250,324
2764409,290,235,322
2764510,290,247,331
2764611,291,247,314
2764712,290,239,341
2764812,291,241,321
2764913,291,234,353
2765014,291,232,345
2765114,290,260,342
2765215,289,251,332
2765315,291,259,343
2765415,293,257,325
2765516,292,239,339
2765616,293,253,331
2765717,294,257,325
2765817,294,252,350
2765918,293,247,326
2766019,292,260,317
2766119,294,255,335
2766219,292,268,329
2766320,292,250,341
2766421,292,256,316
2766522,291,245,334
2766622,291,264,334
2766723,289,247,324
2766823,292,255,326
2766924,309,260,340
2767025,325,284,362
2767126,345,295,391
2767226,362,325,415
2767327,369,323,394
2767428,357,306,401
2767529,356,329,398
2767629,354,304,390
2767729,354,311,403
2767829,354,321,391
2767930,356,317,399
2768031,356,325,400
2768131,359,326,411
2768231,357,309,388
2768332,358,317,402
2768433,364,321,387
2768533,365,327,423
2768634,361,321,382
2768734,364,324,409
2768834,364,328,401
2768934,364,338,405
2769034,366,314,397
2769134,366,319,416
2769235,364,324,401
2769335,359,315,402
2769435,358,328,399
2769535,359,323,402
2769635,359,315,398
2769736,360,325,396
2769837,355,302,404
2769937,359,334,389
2770038,361,326,403
2770139,362,322,402
2770240,359,299,402
2770340,359,325,413
2770440,356,318,395
2770541,354,312,395
2770642,356,310,398
2770743,359,328,390
2770844,361,327,394
2770945,360,317,400
2771045,358,312,387
2771146,363,311,411
2771247,364,315,411
2771347,368,321,399
2771447,369,329,407
2771548,370,332,416
2771649,371,337,404
2771750,369,333,403
2771851,371,329,413
2771951,376,340,412
2772052,377,348,421
2772153,379,333,427
2772253,377,321,408
2772353,375,340,424
2772454,375,342,412
2772555,374,327,420
2772656,377,339,405
2772757,380,334,403
2772858,377,337,406
2772959,375,345,409
2773059,380,340,422
2773159,381,341,429
2773260,384,349,438
2773360,382,331,428
2773460,383,337,414
2773560,379,339,436
2773660,380,334,419
2773761,387,349,429
2773862,386,357,431
2773963,377,338,430
2774064,374,335,415
2774164,375,332,420
2774264,368,326,407
2774365,367,315,407
2774465,365,310,405
2774565,369,341,405
2774665,375,337,412
2774765,371,328,410
2774865,373,321,411
2774966,375,348,422
2775067,374,342,405
2775168,381,335,430
2775269,401,365,432
2775370,423,399,456
2775471,456,422,501
2775571,473,429,513
2775671,482,435,510
2775772,485,447,521
2775873,482,443,517
2775973,479,454,525
2776074,478,426,518
2776174,480,454,534
2776274,476,450,513
2776374,472,438,517
2776475,471,430,506
2776576,475,432,507
2776677,475,437,512
2776777,475,436,511
2776878,477,427,525
2776979,467,432,497
2777079,470,436,510
2777179,465,429,515
2777280,480,443,526
2777380,486,445,519
2777480,481,454,508
2777581,480,438,520
2777682,475,437,505
2777783,476,437,516
2777883,487,440,534
2777983,482,447,520
2778084,483,443,521
2778184,475,450,517
2778284,471,439,513
2778385,471,428,515
2778485,457,406,502
2778585,454,414,494
2778685,456,421,513
2778785,453,400,492
2778885,457,414,494
2778986,465,422,501
2779086,464,434,493
2779187,470,435,503
2779288,470,447,506
2779388,310,263,323
2779489,101,58,141
2779589,15,0,61
2779689,3,0,42
2779789,0,0,21
2779889,1,0,37
2779990,0,0,13
2780090,1,0,14
2780191,0,0,20
2780291,0,0,15
2780392,1,0,19
2780492,0,0,31
2780592,0,0,22
2780692,1,0,19
2780792,0,0,10
2780892,1,0,11
2780992,1,0,21
2781093,1,0,16
2781193,0,0,26
2781293,0,0,14
2781394,0,0,23
2781495,1,0,28
2781595,1,0,32
2781695,1,0,14
2781795,0,0,39
2781896,0,0,31
2781996,1,0,25
2782096,0,0,14
2782196,0,0,36
2782296,1,0,28
2782396,1,0,27
2782497,0,0,25
2782597,1,0,25
2782698,1,0,22
2782799,1,0,11
2782900,1,0,25
2783001,0,0,14
2783101,0,0,10
2783202,1,0,29
2783303,1,0,13
2783404,1,0,28
2783504,1,0,11

Test14:
2877452,1,0,13
2877552,0,0,10
2877653,0,0,16
2877753,1,0,18
2877853,0,0,25
2877953,1,0,27
2878053,0,0,28
2878154,0,0,23
2878254,1,0,25
2878355,1,0,14
2878455,0,0,28
2878556,1,0,24
2878657,1,0,13
2878757,1,0,15
2878858,0,0,21
2878958,1,0,19
2879059,0,0,29
2879160,0,0,14
2879261,1,0,22
2879361,1,0,27
2879462,0,0,25
2879563,0,0,30
2879664,1,0,24
2879764,1,0,28
2879864,0,0,10
2879964,1,0,19
2880065,1,0,23
2880166,1,0,17
2880267,1,0,30
2880367,1,0,25
2880467,1,0,19
2880568,0,0,11
2880668,1,0,11
2880768,1,0,20
2880868,1,0,13
2880968,1,0,19
2881069,1,0,30
2881170,0,0,10
2881270,0,0,20
2881371,1,0,19
2881472,0,0,10
2881572,1,0,11
2881672,0,0,24
2881773,1,0,19
2881874,0,0,12
2881974,1,0,39
2882074,1,0,27
2882174,1,0,11
2882275,1,0,30
2882376,0,0,23
2882477,0,0,10
2882577,1,0,29
2882677,1,0,30
2882778,0,0,12
2882878,0,0,25
2882979,0,0,10
2883079,1,0,24
2883180,1,0,20
2883281,0,0,25
2883381,0,0,11
2883482,1,0,15
2883583,1,0,19
2883683,1,0,11
2883783,1,0,23
2883884,1,0,17
2883984,0,0,19
2884085,1,0,43
2884186,1,0,11
2884287,1,0,22
2884387,1,0,33
2884488,1,0,33
2884589,1,0,24
2884690,1,0,25
2884791,1,0,31
2884891,1,0,20
2884992,0,0,28
2885092,1,0,30
2885192,1,0,26
2885292,1,0,16
2885392,1,0,25
2885492,1,0,17
2885592,1,0,12
2885692,0,0,13
2885792,1,0,18
2885893,1,0,15
2885993,1,0,29
2886093,1,0,15
2886193,1,0,26
2886293,1,0,16
2886393,1,0,11
2886493,1,0,31
2886593,1,0,17
2886694,1,0,22
2886794,0,0,20
2886895,0,0,22
2886996,1,0,30
2887096,0,0,17
2887197,0,0,20
2887297,1,0,31
2887397,0,0,10
2887498,1,0,18
2887599,0,0,17
2887700,1,0,21
2887800,1,0,24
2887901,1,0,14
2888001,0,0,28
2888101,1,0,30
2888201,0,0,33
2888301,1,0,15
2888402,1,0,13
2888503,6,0,29
2888603,15,0,29
2888704,25,2,77
2888804,32,0,67
2888905,42,6,80
2889005,50,0,80
2889105,50,26,66
2889205,55,8,98
2889306,65,21,96
2889407,60,21,108
2889508,59,16,96
2889609,59,29,98
2889709,58,36,90
2889809,57,25,112
2889909,55,18,92
2890009,53,18,101
2890110,56,26,85
2890211,55,22,95
2890311,54,18,91
2890412,54,17,100
2890513,54,14,101
2890613,53,18,100
2890713,51,26,83
2890813,50,6,84
2890913,52,21,85
2891013,50,9,84
2891113,51,2,93
2891214,52,17,98
2891315,50,15,101
2891416,50,0,91
2891517,51,1,86
2891618,53,25,88
2891719,53,18,99
2891819,55,35,84
2891920,56,0,95
2892021,57,21,91
2892121,57,22,96
2892221,54,10,89
2892321,55,19,87
2892422,65,29,99
2892523,73,40,103
2892624,86,57,127
2892724,100,65,127
2892825,109,61,148
2892925,118,84,155
2893025,122,90,161
2893125,131,93,166
2893226,129,83,160
2893327,129,98,171
2893427,130,86,174
2893527,129,92,171
2893628,128,89,177
2893729,128,107,164
2893830,127,83,164
2893930,127,77,161
2894030,127,93,171
2894131,128,93,164
2894232,124,99,166
2894333,124,81,167
2894433,125,94,177
2894533,125,88,160
2894634,125,98,162
2894735,125,88,147
2894836,123,87,151
2894936,122,84,146
2895037,121,76,153
2895138,121,71,160
2895238,121,95,158
2895338,120,97,159
2895439,118,99,160
2895540,120,82,153
2895641,121,77,153
2895742,118,82,135
2895842,119,76,152
2895943,119,67,156
2896044,117,62,149
2896144,115,71,153
2896244,115,68,145
2896345,115,84,163
2896445,113,82,158
2896545,111,65,151
2896646,109,67,155
2896746,111,73,155
2896847,121,86,162
2896948,141,107,178
2897049,154,114,194
2897150,169,126,215
2897250,188,145,225
2897350,195,149,248
2897450,199,166,247
2897550,211,179,248
2897650,208,157,236
2897751,208,173,255
2897852,207,173,269
2897953,206,146,251
2898053,205,163,244
2898154,203,157,238
2898255,201,158,245
2898356,201,157,213
2898457,202,174,234
2898557,202,169,238
2898658,201,151,230
2898759,201,156,235
2898859,201,162,238
2898959,203,159,236
2899060,201,171,226
2899160,204,165,248
2899260,205,166,247
2899361,204,169,243
2899461,202,174,243
2899561,202,161,239
2899662,202,156,233
2899762,201,162,229
2899863,201,179,240
2899964,201,158,233
2900065,201,176,236
2900166,201,176,251
2900267,200,149,224
2900368,201,175,243
2900469,201,163,234
2900569,202,156,238
2900670,200,168,242
2900771,199,166,245
2900871,197,160,243
2900971,198,156,239
2901072,197,137,233
2901173,198,162,243
2901274,197,163,222
2901375,196,169,236
2901475,197,162,242
2901575,194,161,245
2901676,198,145,231
2901777,196,155,224
2901877,194,145,235
2901977,195,169,236
2902078,195,150,237
2902179,202,156,240
2902279,205,170,249
2902379,216,165,244
2902480,227,181,258
2902581,240,197,277
2902681,253,208,291
2902782,262,219,288
2902882,261,219,303
2902982,254,220,301
2903083,252,218,302
2903184,253,227,304
2903285,255,232,289
2903386,254,222,300
2903487,256,219,302
2903588,257,211,293
2903688,257,222,293
2903789,257,224,287
2903890,257,204,281
2903990,258,226,308
2904091,256,226,298
2904192,257,205,291
2904293,256,219,297
2904394,254,207,284
2904494,254,213,282
2904595,255,211,291
2904696,255,230,291
2904796,258,222,305
2904896,259,237,287
2904996,260,226,302
2905096,262,220,294
2905197,262,235,309
2905297,260,219,285
2905398,260,199,290
2905498,262,224,301
2905599,262,206,312
2905699,262,219,312
2905799,262,227,290
2905900,260,221,301
2906001,262,223,307
2906102,261,222,316
2906203,261,218,282
2906303,260,206,303
2906404,259,228,298
2906504,259,232,299
2906605,257,216,293
2906706,257,219,294
2906807,259,233,302
2906907,262,220,307
2907008,262,207,299
2907108,262,225,297
2907209,261,226,308
2907310,265,223,307
2907410,268,224,306
2907511,269,225,307
2907612,272,230,304
2907712,271,251,308
2907813,270,232,303
2907914,268,224,300
2908014,269,223,307
2908114,270,227,317
2908215,272,236,315
2908315,272,239,314
2908415,272,239,287
2908515,273,244,311
2908616,274,233,330
2908717,274,230,313
2908817,274,234,309
2908917,276,229,320
2909018,282,243,314
2909118,291,254,331
2909218,304,265,344
2909319,316,280,356
2909419,322,280,363
2909520,318,270,362
2909621,322,285,353
2909722,327,285,363
2909822,327,286,379
2909923,333,303,375
2910024,330,295,367
2910125,331,305,367
2910226,326,289,368
2910327,312,274,365
2910427,325,277,359
2910528,319,274,371
2910629,312,262,345
2910730,308,268,339
2910831,308,255,345
2910931,316,278,344
2911031,315,285,358
2911131,317,282,351
2911231,307,269,332
2911332,308,283,346
2911433,309,269,359
2911534,313,278,340
2911635,322,275,354
2911736,319,291,371
2911836,314,281,345
2911936,321,282,350
2912036,321,280,365
2912137,321,270,368
2912237,320,276,352
2912338,320,278,341
2912439,318,268,356
2912540,331,285,363
2912640,356,313,385
2912741,396,346,445
2912842,423,382,456
2912943,432,386,467
2913044,440,402,480
2913145,430,385,469
2913245,432,388,469
2913346,427,402,467
2913447,425,384,456
2913547,424,396,462
2913647,430,382,472
2913748,430,395,467
2913848,432,393,467
2913948,430,383,473
2914049,433,393,452
2914150,434,387,472
2914250,428,380,470
2914350,426,394,464
2914451,430,378,477
2914552,431,394,460
2914652,428,392,467
2914753,434,383,475
2914854,437,400,479
2914954,437,404,480
2915055,439,390,487
2915155,442,394,473
2915256,445,413,489
2915356,448,399,490
2915456,451,419,498
2915557,452,419,503
2915658,454,417,504
2915758,449,420,485
2915859,451,402,496
2915960,454,415,504
2916060,453,422,495
2916161,330,288,365
2916261,104,64,138
2916361,22,0,63
2916461,3,0,34
2916561,1,0,13
2916661,1,0,23
2916762,1,0,26
2916862,1,0,16
2916963,1,0,16
2917064,1,0,17
2917165,0,0,24
2917265,1,0,21
2917365,1,0,24
2917465,1,0,27
2917565,1,0,14
2917666,1,0,11
2917766,1,0,35
2917867,1,0,40
2917967,1,0,32
2918068,1,0,26
2918168,1,0,21
2918268,1,0,17
2918369,1,0,34
2918470,1,0,26
2918570,1,0,21
2918670,0,0,18
2918771,1,0,29
2918871,1,0,11
2918971,1,0,36
2919072,1,0,20
2919172,1,0,34
2919273,0,0,10
2919373,0,0,11
2919474,1,0,27
2919575,1,0,16
2919675,1,0,27
2919775,1,0,18
2919875,1,0,28
2919976,0,0,14
2920076,1,0,22
2920177,0,0,35
2920278,1,0,16
2920379,1,0,26
2920479,0,0,20
2920580,1,0,11
2920680,1,0,13

Test15:
2994682,0,0,10
2994782,0,0,22
2994882,1,0,11
2994983,0,0,23
2995084,0,0,10
2995184,0,0,23
2995285,0,0,26
2995386,0,0,16
2995487,1,0,26
2995587,0,0,14
2995688,1,0,21
2995789,0,0,19
2995890,0,0,13
2995990,1,0,13
2996090,0,0,10
2996191,0,0,31
2996291,0,0,16
2996392,1,0,20
2996493,0,0,19
2996594,0,0,22
2996694,0,0,23
2996794,0,0,10
2996894,0,0,18
2996994,0,0,27
2997094,1,0,17
2997194,0,0,10
2997295,0,0,25
2997396,0,0,11
2997497,0,0,14
2997598,0,0,10
2997698,0,0,30
2997798,1,0,30
2997898,0,0,14
2997998,0,0,16
2998098,1,0,25
2998199,0,0,16
2998300,1,0,22
2998401,0,0,21
2998502,0,0,14
2998602,0,0,17
2998703,0,0,34
2998803,0,0,13
2998903,0,0,10
2999003,0,0,23
2999103,0,0,22
2999204,0,0,16
2999305,1,0,11
2999406,0,0,12
2999507,0,0,10
2999608,0,0,11
2999708,0,0,25
2999808,0,0,26
2999909,0,0,25
3000009,0,0,28
3000110,1,0,29
3000210,0,0,15
3000310,1,0,16
3000410,1,0,11
3000511,0,0,13
3000611,0,0,24
3000712,0,0,17
3000813,0,0,10
3000913,1,0,20
3001014,0,0,20
3001115,0,0,32
3001216,0,0,29
3001317,1,0,37
3001417,0,0,19
3001517,0,0,22
3001618,0,0,18
3001718,0,0,10
3001819,0,0,10
3001919,1,0,25
3002020,1,0,29
3002121,1,0,19
3002221,0,0,25
3002321,1,0,35
3002422,0,0,10
3002522,0,0,27
3002623,0,0,20
3002723,0,0,10
3002823,1,0,25
3002923,0,0,32
3003024,0,0,23
3003125,0,0,10
3003226,0,0,17
3003326,1,0,27
3003427,0,0,20
3003528,0,0,10
3003628,0,0,24
3003728,0,0,21
3003829,0,0,26
3003930,0,0,16
3004030,1,0,11
3004131,0,0,10
3004231,1,0,12
3004331,0,0,21
3004432,0,0,19
3004532,0,0,34
3004633,1,0,12
3004733,0,0,27
3004833,0,0,16
3004933,1,0,22
3005033,0,0,35
3005134,0,0,24
3005235,0,0,24
3005336,1,0,13
3005436,0,0,29
3005536,0,0,22
3005637,0,0,18
3005737,1,0,25
3005837,1,0,11
3005938,0,0,27
3006038,0,0,13
3006138,0,0,28
3006238,0,0,10
3006339,1,0,11
3006439,0,0,35
3006540,0,0,19
3006640,0,0,34
3006741,0,0,10
3006842,1,0,11
3006943,0,0,27
3007043,0,0,19
3007144,1,0,17
3007244,0,0,35
3007345,1,0,24
3007446,0,0,19
3007547,0,0,17
3007648,1,0,22
3007748,1,0,21
3007849,0,0,32
3007950,1,0,13
3008050,0,0,20
3008151,1,0,11
3008251,1,0,18
3008352,0,0,30
3008452,0,0,30
3008553,0,0,11
3008654,0,0,10
3008755,0,0,10
3008856,0,0,30
3008956,0,0,26
3009056,0,0,21
3009156,0,0,10
3009256,0,0,21
3009357,0,0,21
3009458,0,0,10
3009559,1,0,18
3009660,0,0,10
3009760,0,0,21
3009860,0,0,10
3009961,0,0,24
3010062,0,0,24
3010163,0,0,10
3010263,0,0,19
3010363,1,0,20
3010464,0,0,26
3010564,0,0,10
3010665,1,0,25
3010766,0,0,15
3010867,1,0,27
3010967,0,0,23
3011067,0,0,10
3011168,0,0,23
3011269,0,0,22
3011370,0,0,14
3011471,1,0,16
3011571,0,0,12
3011671,1,0,29
3011772,0,0,16
3011872,0,0,26
3011972,0,0,15
3012073,0,0,17
3012174,0,0,16
3012275,1,0,11
3012376,0,0,10
3012477,0,0,17
3012578,0,0,24
3012679,0,0,23
3012779,1,0,27
3012880,0,0,20
3012980,1,0,11
3013081,0,0,19
3013182,1,0,17
3013283,0,0,10
3013384,0,0,19
3013485,0,0,26
3013585,1,0,21
3013685,1,0,21
3013786,1,0,16
3013887,0,0,12
3013987,0,0,10
3014088,1,0,22
3014189,0,0,26
3014290,1,0,11
3014391,0,0,32
3014492,0,0,19
3014592,1,0,19
3014693,0,0,20
3014794,0,0,27
3014894,1,0,24
3014995,1,0,11
3015095,4,0,27
3015195,8,0,46
3015295,16,0,50
3015396,25,0,65
3015496,38,2,58
3015597,47,0,81
3015698,52,11,94
3015799,58,25,101
3015899,61,28,103
3015999,74,37,116
3016100,73,30,99
3016201,71,29,100
3016301,72,41,121
3016402,70,51,86
3016503,69,29,115
3016603,69,27,103
3016704,68,34,112
3016805,68,26,98
3016906,67,28,107
3017007,66,20,122
3017108,68,34,107
3017208,67,33,109
3017309,67,34,124
3017409,64,18,103
3017509,64,29,103
3017609,63,36,91
3017709,63,35,89
3017809,61,18,105
3017909,64,16,89
3018009,63,20,94
3018110,64,19,98
3018210,62,12,95
3018311,61,23,100
3018412,61,14,92
3018513,58,31,96
3018613,60,20,107
3018713,59,19,89
3018814,60,18,91
3018915,57,18,103
3019015,60,12,102
3019115,60,0,105
3019216,60,15,87
3019316,61,24,97
3019416,64,20,101
3019516,62,18,109
3019617,62,9,108
3019717,61,22,109
3019818,60,39,102
3019919,60,32,81
3020020,61,37,96
3020120,62,23,90
3020221,62,17,101
3020322,62,21,91
3020423,61,22,93
3020524,61,27,96
3020624,61,8,103
3020725,62,22,85
3020826,59,25,96
3020926,58,32,92
3021027,57,22,93
3021128,58,33,99
3021229,58,28,80
3021330,57,12,92
3021431,57,12,94
3021531,57,35,89
3021632,59,16,101
3021733,59,20,94
3021834,56,18,101
3021934,55,24,98
3022035,55,10,85
3022136,57,27,91
3022236,57,22,88
3022336,56,32,87
3022436,57,13,102
3022536,56,19,97
3022636,59,11,96
3022736,58,27,105
3022836,56,23,94
3022936,62,33,106
3023036,77,33,107
3023136,88,50,123
3023236,100,56,133
3023336,108,82,149
3023437,118,89,161
3023538,131,83,161
3023639,135,96,182
3023739,148,108,178
3023840,150,101,201
3023941,147,115,197
3024041,147,107,186
3024141,142,101,171
3024241,136,80,173
3024342,140,111,166
3024443,137,102,178
3024543,134,103,164
3024643,136,100,173
3024743,136,96,165
3024844,137,113,175
3024944,135,99,164
3025045,136,93,161
3025145,135,106,173
3025246,131,77,159
3025346,134,96,165
3025446,134,101,181
3025546,142,109,186
3025647,149,105,184
3025748,152,101,197
3025849,153,98,201
3025950,155,117,197
3026051,154,124,203
3026151,153,107,198
3026251,156,104,210
3026351,155,120,191
3026452,152,115,180
3026553,151,122,191
3026654,149,114,190
3026755,145,127,177
3026856,147,109,186
3026957,143,104,185
3027058,146,120,195
3027159,143,90,179
3027260,147,105,182
3027361,153,109,190
3027461,152,123,189
3027562,154,109,201
3027663,153,122,186
3027764,141,97,183
3027864,135,104,170
3027964,138,97,173
3028065,145,106,182
3028165,143,98,187
3028266,148,103,189
3028367,153,127,184
3028467,164,133,198
3028568,181,126,217
3028668,196,157,249
3028768,213,177,241
3028869,223,191,261
3028970,223,175,274
3029070,221,195,256
3029170,217,165,264
3029271,216,183,258
3029371,218,189,263
3029472,220,186,252
3029572,221,192,271
3029672,223,183,261
3029772,224,184,272
3029872,223,191,257
3029972,224,176,269
3030073,222,179,257
3030173,222,203,272
3030273,222,182,254
3030373,223,189,263
3030474,221,197,247
3030575,220,171,262
3030675,221,184,257
3030776,220,193,255
3030877,218,175,254
3030978,218,179,258
3031078,219,171,250
3031179,217,176,250
3031280,217,179,256
3031380,219,179,266
3031481,219,182,250
3031582,222,192,261
3031682,224,192,260
3031782,225,179,255
3031883,228,190,274
3031984,228,201,266
3032085,226,175,265
3032185,227,190,271
3032286,225,178,258
3032386,226,185,276
3032487,227,182,267
3032588,226,176,263
3032689,227,184,267
3032790,227,189,264
3032891,227,193,264
3032991,225,179,263
3033092,226,181,262
3033193,229,197,268
3033294,229,186,261
3033395,228,183,265
3033495,227,178,252
3033595,227,191,267
3033695,228,186,273
3033795,230,195,268
3033896,232,179,266
3033996,229,197,266
3034097,229,184,257
3034198,228,195,245
3034298,229,191,265
3034399,231,192,264
3034499,229,169,262
3034599,229,179,272
3034700,230,191,275
3034801,229,188,272
3034902,231,184,283
3035002,233,187,275
3035102,234,189,296
3035203,237,202,273
3035304,238,185,283
3035404,240,216,285
3035505,241,203,276
3035605,240,207,291
3035706,243,198,274
3035807,244,209,274
3035908,243,208,277
3036009,243,197,292
3036110,242,203,286
3036211,240,210,280
3036311,244,207,283
3036411,247,206,264
3036511,255,220,285
3036611,266,228,298
3036711,275,231,300
3036811,283,252,309
3036912,292,237,320
3037012,297,252,332
3037112,299,254,325
3037212,307,276,355
3037313,307,279,346
3037414,307,281,353
3037514,308,268,327
3037615,308,269,353
3037715,306,259,338
3037816,306,267,348
3037917,305,269,345
3038018,304,279,346
3038119,302,251,349
3038219,302,263,346
3038320,303,258,340
3038421,303,269,345
3038521,304,260,351
3038621,304,269,329
3038722,303,266,353
3038822,302,273,345
3038923,301,254,355
3039024,303,262,338
3039125,301,261,342
3039226,303,266,337
3039327,300,250,330
3039427,300,252,330
3039527,298,254,330
3039627,298,255,338
3039727,296,255,334
3039828,295,240,334
3039928,295,268,330
3040029,296,265,334
3040130,297,258,330
3040230,297,266,332
3040331,296,258,329
3040431,294,264,336
3040531,295,254,337
3040631,296,268,341
3040731,294,253,340
3040831,294,242,339
3040932,295,252,343
3041033,293,253,330
3041134,294,253,350
3041234,292,246,335
3041334,292,258,336
3041434,293,254,340
3041535,295,258,339
3041635,294,246,330
3041735,294,258,328
3041836,294,249,328
3041937,296,268,327
3042038,310,274,360
3042139,324,270,371
3042239,346,315,389
3042339,356,303,388
3042439,370,326,401
3042539,376,351,431
3042640,388,334,439
3042741,386,336,411
3042842,387,353,424
3042943,387,359,418
3043043,384,353,419
3043144,385,365,416
3043245,383,349,423
3043346,383,353,434
3043447,385,341,433
3043548,383,351,416
3043648,383,347,430
3043749,383,345,420
3043849,382,351,433
3043950,382,334,405
3044050,382,332,409
3044150,380,338,432
3044250,380,349,423
3044350,381,349,409
3044451,383,351,428
3044551,382,335,416
3044651,377,335,419
3044752,375,311,418
3044853,376,326,415
3044954,378,343,408
3045054,378,336,398
3045154,379,350,414
3045255,379,337,425
3045355,377,340,415
3045456,380,339,416
3045556,376,335,396
3045656,378,335,430
3045756,378,346,418
3045857,377,336,397
3045957,376,339,418
3046058,376,329,413
3046159,374,331,413
3046260,375,337,432
3046360,377,333,406
3046460,376,337,410
3046560,375,325,423
3046660,375,332,427
3046760,373,327,415
3046860,374,337,416
3046960,377,334,406
3047060,375,334,419
3047160,372,322,400
3047260,372,337,410
3047360,370,345,419
3047461,371,331,415
3047562,373,332,394
3047662,371,340,417
3047763,368,321,409
3047863,367,320,420
3047964,367,331,417
3048065,366,344,396
3048166,364,322,400
3048266,363,320,404
3048367,364,316,408
3048467,369,333,397
3048567,374,328,416
3048667,402,369,451
3048768,425,380,458
3048869,446,425,478
3048969,462,432,499
3049069,475,443,503
3049169,491,453,532
3049270,494,463,523
3049371,493,460,539
3049471,491,456,529
3049571,492,454,517
3049671,493,458,519
3049771,493,451,525
3049871,498,463,532
3049972,502,452,544
3050073,498,435,525
3050174,498,468,534
3050274,495,449,528
3050374,494,456,532
3050474,495,453,542
3050574,490,437,527
3050674,492,455,539
3050774,494,464,542
3050875,492,446,535
3050976,487,441,520
3051076,484,443,534
3051177,482,449,534
3051278,481,455,517
3051379,480,440,507
3051480,477,440,512
3051581,475,444,496
3051682,471,430,502
3051783,473,427,512
3051884,472,419,520
3051985,471,425,510
3052086,471,422,517
3052186,471,431,514
3052287,471,427,497
3052388,471,438,511
3052489,472,438,519
3052589,469,433,517
3052690,468,424,506
3052790,467,427,491
3052890,468,422,507
3052990,469,407,509
3053091,468,434,496
3053192,467,422,492
3053292,466,419,492
3053393,467,439,510
3053494,466,433,521
3053594,463,423,511
3053695,460,410,504
3053796,459,412,501
3053896,462,419,506
3053996,463,423,501
3054097,466,417,512
3054197,467,416,504
3054297,465,430,510
3054397,466,427,502
3054498,465,417,511
3054598,467,422,502
3054698,467,417,505
3054799,292,252,332
3054900,112,64,142
3055000,31,7,71
3055101,3,0,26
3055201,0,0,25
3055301,0,0,15
3055402,0,0,15
3055502,0,0,21
3055603,0,0,22
3055704,0,0,10
3055804,0,0,10
3055905,1,0,26
3056006,0,0,25
3056106,1,0,21
3056206,1,0,12
3056306,1,0,14
3056407,0,0,28
3056507,1,0,16
3056608,0,0,14
3056709,0,0,16
3056810,0,0,10
3056911,1,0,14
3057012,1,0,11
3057112,0,0,10
3057212,0,0,18
3057313,0,0,32
3057413,0,0,32
3057513,1,0,16
3057614,0,0,10
3057715,0,0,19
3057815,0,0,33
3057916,0,0,18
3058016,0,0,18

Test16:
3145407,1,0,24
3145508,1,0,23
3145608,1,0,21
3145709,1,0,14
3145809,1,0,31
3145909,1,0,23
3146010,1,0,11
3146110,1,0,40
3146211,1,0,11
3146312,1,0,14
3146412,1,0,28
3146513,1,0,31
3146613,1,0,25
3146713,1,0,25
3146813,1,0,19
3146914,1,0,29
3147015,0,0,24
3147116,1,0,12
3147216,1,0,30
3147316,1,0,13
3147417,1,0,25
3147518,1,0,24
3147619,1,0,22
3147719,1,0,13
3147820,1,0,22
3147921,1,0,11
3148022,1,0,11
3148123,1,0,23
3148223,1,0,32
3148324,1,0,19
3148425,1,0,32
3148526,1,0,20
3148627,1,0,21
3148728,1,0,34
3148829,1,0,14
3148929,1,0,25
3149029,1,0,22
3149129,1,0,28
3149230,1,0,22
3149331,1,0,27
3149431,1,0,22
3149531,1,0,24
3149632,1,0,37
3149732,1,0,39
3149832,0,0,15
3149933,1,0,11
3150033,1,0,21
3150133,1,0,28
3150233,1,0,20
3150334,1,0,15
3150434,1,0,31
3150534,1,0,36
3150635,1,0,22
3150735,1,0,25
3150835,1,0,11
3150936,1,0,28
3151036,1,0,11
3151137,1,0,29
3151238,1,0,21
3151338,1,0,30
3151438,1,0,27
3151539,1,0,11
3151640,1,0,21
3151741,1,0,16
3151841,1,0,11
3151942,1,0,27
3152043,1,0,17
3152143,1,0,15
3152244,1,0,27
3152344,1,0,34
3152445,1,0,28
3152546,0,0,36
3152646,1,0,13
3152746,1,0,15
3152847,1,0,22
3152948,1,0,29
3153048,1,0,31
3153148,1,0,35
3153248,1,0,43
3153348,0,0,16
3153449,0,0,17
3153550,1,0,41
3153651,1,0,35
3153752,1,0,36
3153853,1,0,11
3153954,1,0,21
3154054,1,0,27
3154155,0,0,10
3154256,1,0,15
3154356,1,0,19
3154456,1,0,20
3154556,1,0,24
3154657,1,0,15
3154757,1,0,20
3154857,1,0,22
3154958,1,0,16
3155058,1,0,21
3155158,1,0,18
3155258,1,0,23
3155359,1,0,31
3155460,1,0,14
3155561,1,0,16
3155662,1,0,24
3155762,1,0,19
3155862,1,0,27
3155963,0,0,10
3156063,1,0,23
3156164,1,0,19
3156264,1,0,28
3156364,1,0,19
3156465,0,0,21
3156565,1,0,25
3156665,1,0,12
3156765,1,0,25
3156865,1,0,19
3156965,1,0,43
3157065,0,0,38
3157166,1,0,25
3157267,1,0,16
3157367,1,0,25
3157467,1,0,12
3157568,0,0,12
3157669,1,0,11
3157770,1,0,19
3157870,1,0,11
3157970,1,0,30
3158071,1,0,31
3158172,1,0,24
3158272,1,0,15
3158372,1,0,37
3158472,1,0,38
3158572,1,0,28
3158672,1,0,35
3158773,1,0,38
3158873,1,0,37
3158974,0,0,14
3159075,1,0,18
3159175,1,0,22
3159276,1,0,12
3159376,1,0,23
3159476,1,0,26
3159577,1,0,19
3159678,1,0,40
3159779,1,0,27
3159879,1,0,16
3159980,1,0,27
3160080,1,0,29
3160180,1,0,29
3160281,1,0,24
3160381,1,0,21
3160481,1,0,11
3160582,1,0,31
3160683,1,0,25
3160784,1,0,29
3160885,1,0,18
3160985,1,0,19
3161086,1,0,27
3161186,1,0,16
3161286,1,0,22
3161386,1,0,30
3161486,1,0,18
3161587,1,0,11
3161687,1,0,26
3161787,1,0,13
3161888,1,0,38
3161988,1,0,28
3162089,1,0,34
3162189,1,0,28
3162289,1,0,29
3162389,1,0,25
3162490,1,0,17
3162590,4,0,39
3162691,8,0,36
3162791,14,0,43
3162892,29,0,50
3162993,37,2,82
3163094,45,0,79
3163195,55,20,101
3163295,59,1,110
3163396,61,20,93
3163497,66,39,106
3163598,69,26,95
3163699,67,28,108
3163800,72,32,104
3163900,71,40,101
3164000,70,22,111
3164100,67,34,106
3164201,63,19,87
3164301,65,35,106
3164401,66,27,101
3164502,67,32,103
3164603,63,40,92
3164704,62,20,88
3164805,59,24,111
3164906,62,45,75
3165007,64,23,92
3165108,65,15,90
3165209,61,31,93
3165309,65,18,101
3165410,66,24,89
3165511,63,13,100
3165611,61,31,78
3165711,62,12,104
3165812,62,5,106
3165912,62,18,100
3166013,59,21,105
3166114,58,21,85
3166214,56,18,114
3166314,55,6,100
3166414,54,17,88
3166514,56,7,96
3166614,57,29,92
3166714,59,26,100
3166815,60,36,90
3166915,60,4,109
3167015,63,13,92
3167115,65,24,108
3167215,64,23,96
3167315,59,12,98
3167415,62,20,104
3167516,63,15,96
3167616,61,23,106
3167716,61,16,85
3167816,58,16,87
3167917,57,20,92
3168017,60,25,102
3168118,59,22,79
3168219,59,10,95
3168320,60,26,97
3168421,59,37,97
3168522,59,12,80
3168623,60,16,104
3168723,59,30,84
3168824,60,33,90
3168925,65,32,101
3169026,69,27,123
3169126,70,32,105
3169226,71,48,123
3169326,71,22,106
3169426,74,27,109
3169526,76,48,109
3169627,72,38,116
3169728,67,16,99
3169828,70,27,115
3169928,66,34,85
3170028,65,33,98
3170128,64,23,112
3170228,65,48,101
3170329,65,23,91
3170430,64,34,108
3170531,62,18,96
3170632,60,23,107
3170733,61,24,95
3170834,63,25,102
3170935,63,17,107
3171035,61,33,99
3171135,61,10,91
3171236,61,22,89
3171337,62,28,97
3171438,66,25,90
3171538,73,41,122
3171639,92,33,137
3171740,100,52,144
3171841,115,81,151
3171942,133,98,171
3172042,139,95,174
3172143,141,108,180
3172244,151,117,172
3172345,150,107,177
3172446,153,113,184
3172546,150,118,193
3172647,150,117,188
3172747,149,98,189
3172848,148,114,177
3172949,146,107,186
3173049,145,110,194
3173149,144,101,181
3173250,146,109,180
3173350,146,114,183
3173450,147,103,180
3173551,148,107,192
3173652,151,125,186
3173753,152,107,175
3173854,149,118,191
3173955,150,121,193
3174056,148,103,202
3174157,149,105,183
3174258,148,112,188
3174359,150,136,188
3174460,154,110,180
3174560,152,93,187
3174661,150,105,193
3174762,149,119,195
3174863,149,91,191
3174964,147,99,179
3175065,147,102,186
3175166,149,101,177
3175267,148,107,176
3175367,145,113,197
3175468,142,107,168
3175569,144,110,193
3175670,142,102,188
3175770,140,99,171
3175870,141,101,181
3175970,142,101,185
3176070,143,108,190
3176171,142,112,179
3176272,144,93,175
3176372,144,116,173
3176473,143,89,197
3176574,141,108,189
3176674,140,86,189
3176775,142,91,170
3176875,139,115,184
3176976,140,103,167
3177076,138,102,157
3177176,138,102,174
3177277,136,90,179
3177377,135,93,176
3177477,131,81,170
3177577,132,92,179
3177678,129,84,159
3177779,126,78,162
3177880,123,76,166
3177980,124,90,153
3178080,124,89,163
3178180,122,82,173
3178280,124,83,164
3178380,126,71,163
3178480,128,87,164
3178580,130,87,157
3178681,130,93,178
3178781,126,93,158
3178882,126,95,177
3178982,128,90,180
3179082,129,96,162
3179182,144,99,180
3179283,158,123,196
3179383,190,137,234
3179483,213,177,251
3179583,229,187,270
3179684,236,196,274
3179784,227,196,264
3179885,228,187,256
3179985,227,187,265
3180086,228,185,272
3180187,226,180,267
3180287,229,186,261
3180387,230,196,275
3180487,228,181,261
3180588,227,182,266
3180689,227,186,263
3180790,227,199,258
3180890,226,182,257
3180991,226,175,270
3181091,227,191,249
3181192,229,189,255
3181293,229,183,267
3181394,230,186,264
3181495,229,192,271
3181596,227,188,274
3181697,226,189,257
3181797,227,194,275
3181898,227,208,255
3181998,228,189,255
3182099,229,195,260
3182200,229,200,266
3182301,230,198,272
3182401,230,197,251
3182502,232,183,269
3182603,234,205,261
3182704,237,199,273
3182804,237,198,277
3182904,237,206,275
3183005,236,189,265
3183106,237,185,274
3183206,237,193,281
3183307,238,200,280
3183408,238,197,278
3183508,239,200,283
3183609,239,204,286
3183710,238,202,272
3183811,237,195,265
3183912,236,196,276
3184013,235,189,279
3184113,234,190,273
3184214,232,200,275
3184315,232,210,268
3184416,234,192,265
3184517,235,181,265
3184617,234,189,279
3184718,235,192,281
3184819,235,196,271
3184920,234,198,277
3185021,237,187,288
3185121,235,193,276
3185222,236,198,270
3185323,237,193,263
3185424,237,208,283
3185525,237,203,253
3185626,240,203,286
3185727,241,196,283
3185828,239,206,267
3185929,240,190,277
3186029,239,200,288
3186130,241,203,279
3186231,252,206,287
3186331,256,217,290
3186431,268,221,307
3186532,276,250,307
3186633,285,247,314
3186733,294,267,335
3186833,303,259,346
3186934,303,261,344
3187035,305,268,332
3187135,302,252,360
3187236,303,283,332
3187336,301,268,356
3187437,300,253,316
3187538,299,258,345
3187639,301,265,320
3187739,300,264,352
3187839,300,264,343
3187940,299,254,330
3188041,299,251,335
3188142,301,272,333
3188243,298,267,336
3188344,301,261,327
3188444,302,252,343
3188545,302,256,349
3188645,302,261,343
3188745,302,253,330
3188845,306,267,350
3188945,307,271,342
3189046,306,255,357
3189147,306,276,356
3189248,309,280,351
3189349,308,281,327
3189449,306,275,349
3189550,308,261,352
3189651,306,257,358
3189752,305,249,353
3189852,304,271,343
3189953,304,245,352
3190054,304,247,344
3190155,304,275,337
3190256,303,272,338
3190357,306,268,364
3190458,305,263,331
3190559,307,276,356
3190659,307,269,350
3190759,309,273,355
3190860,312,278,354
3190960,312,269,349
3191061,313,264,344
3191162,314,283,340
3191263,315,271,361
3191363,317,273,352
3191463,327,280,367
3191564,330,287,366
3191664,339,291,377
3191764,358,316,401
3191864,371,329,401
3191964,383,338,435
3192064,397,360,446
3192165,397,342,419
3192266,398,354,437
3192367,395,354,439
3192467,392,344,432
3192567,392,336,416
3192668,391,342,430
3192769,390,345,421
3192869,391,356,429
3192970,394,363,448
3193071,397,354,436
3193172,398,356,439
3193273,398,356,450
3193373,398,356,442
3193474,400,358,459
3193575,401,373,438
3193675,404,366,449
3193775,403,355,452
3193876,404,360,450
3193976,405,356,437
3194077,406,370,440
3194178,410,370,452
3194279,412,377,453
3194379,413,374,447
3194480,412,389,452
3194581,414,373,468
3194681,409,356,447
3194782,410,368,445
3194883,413,365,438
3194984,417,381,457
3195085,419,393,449
3195185,424,374,464
3195286,422,384,453
3195386,424,383,462
3195487,429,389,443
3195587,442,395,486
3195687,463,427,507
3195788,477,445,514
3195888,490,461,531
3195988,494,447,540
3196088,483,443,522
3196189,478,428,518
3196289,477,444,511
3196390,480,431,497
3196490,481,439,510
3196591,482,438,515
3196691,482,438,519
3196792,490,448,525
3196892,487,438,519
3196993,493,469,547
3197093,499,466,540
3197194,499,465,545
3197295,498,457,539
3197395,497,453,523
3197495,501,454,537
3197595,501,452,541
3197696,503,458,553
3197796,497,464,523
3197897,496,449,529
3197998,500,467,538
3198099,497,465,530
3198199,498,458,529
3198299,498,454,537
3198400,499,449,536
3198501,501,460,542
3198601,503,471,549
3198702,503,484,536
3198803,497,448,532
3198903,496,461,542
3199004,499,472,536
3199105,502,476,531
3199205,509,472,554
3199305,507,470,541
3199406,513,460,545
3199506,512,477,556
3199607,515,488,551
3199707,513,473,551
3199807,509,470,558
3199908,506,468,557
3200008,505,472,556
3200109,503,459,558
3200209,499,460,521
3200310,499,460,529
3200410,496,449,541
3200511,500,454,521
3200612,498,461,535
3200713,500,464,537
3200814,500,464,558
3200914,500,465,553
3201015,509,478,538
3201116,510,494,545
3201217,508,464,547
3201317,510,472,552
3201418,509,483,552
3201518,507,460,541
3201619,505,470,531
3201720,505,460,539
3201820,506,456,531
3201920,508,466,538
3202020,510,471,522
3202121,512,461,559
3202222,514,475,556
3202323,512,491,546
3202424,516,480,564
3202525,513,478,551
3202625,517,475,553
3202726,522,489,557
3202826,353,294,384
3202926,125,75,159
3203026,33,4,66
3203127,3,0,21
3203228,0,0,23
3203329,0,0,23
3203430,0,0,10
3203531,0,0,16
3203632,0,0,12
3203733,0,0,10
3203834,1,0,28
3203935,0,0,13
3204035,0,0,28
3204135,1,0,11
3204236,1,0,40
3204337,0,0,15
3204437,1,0,28
3204537,0,0,22
3204638,1,0,16
3204739,0,0,10
3204840,0,0,10
3204941,0,0,23
3205042,0,0,23
3205143,0,0,45
3205243,0,0,10
3205343,0,0,11
3205443,0,0,18
3205544,0,0,33
3205645,1,0,23
3205745,0,0,21
3205845,0,0,10
3205946,0,0,18
3206046,0,0,10
3206147,0,0,14
3206248,0,0,29
3206349,1,0,11
3206449,1,0,17
3206549,0,0,21
3206650,1,0,21
3206750,1,0,11
3206850,1,0,23

Test17:
3314235,0,0,34
3314335,0,0,21
3314435,1,0,13
3314536,0,0,19
3314636,0,0,23
3314736,0,0,25
3314836,1,0,16
3314937,0,0,18
3315038,0,0,13
3315139,1,0,21
3315239,1,0,24
3315339,0,0,16
3315439,1,0,35
3315539,1,0,25
3315639,0,0,10
3315740,0,0,19
3315840,0,0,10
3315940,0,0,22
3316040,1,0,11
3316141,0,0,17
3316241,0,0,19
3316341,1,0,24
3316441,0,0,10
3316541,1,0,21
3316642,1,0,46
3316743,0,0,34
3316843,1,0,20
3316943,1,0,19
3317044,1,0,28
3317145,0,0,15
3317245,0,0,28
3317346,1,0,20
3317446,0,0,31
3317547,1,0,26
3317647,1,0,12
3317747,0,0,31
3317848,1,0,23
3317948,1,0,26
3318049,1,0,27
3318150,1,0,27
3318251,0,0,33
3318352,0,0,10
3318452,1,0,30
3318553,0,0,27
3318654,1,0,31
3318755,1,0,11
3318856,1,0,46
3318956,0,0,10
3319056,0,0,10
3319157,1,0,20
3319258,1,0,19
3319359,1,0,12
3319460,0,0,28
3319561,0,0,24
3319661,0,0,27
3319761,0,0,10
3319861,1,0,18
3319962,1,0,11
3320062,0,0,23
3320163,0,0,13
3320264,1,0,25
3320365,0,0,10
3320465,1,0,34
3320565,0,0,17
3320666,0,0,23
3320767,0,0,21
3320867,0,0,10
3320968,1,0,11
3321068,0,0,19
3321169,0,0,32
3321270,1,0,11
3321371,1,0,11
3321472,1,0,26
3321572,0,0,16
3321672,0,0,34
3321773,1,0,27
3321873,1,0,12
3321973,1,0,29
3322074,0,0,25
3322175,1,0,28
3322275,0,0,28
3322376,1,0,24
3322477,1,0,21
3322578,1,0,42
3322679,1,0,23
3322779,1,0,13
3322880,0,0,27
3322981,0,0,17
3323082,0,0,21
3323182,0,0,10
3323283,0,0,24
3323383,1,0,11
3323484,0,0,17
3323585,1,0,11
3323686,1,0,29
3323786,1,0,17
3323887,1,0,25
3323987,1,0,27
3324088,1,0,18
3324189,1,0,26
3324289,0,0,24
3324390,0,0,10
3324490,1,0,29
3324590,1,0,11
3324691,1,0,19
3324792,0,0,34
3324893,1,0,22
3324994,1,0,23
3325095,1,0,14
3325196,0,0,18
3325297,0,0,10
3325398,1,0,27
3325498,0,0,23
3325598,0,0,26
3325699,0,0,19
3325800,1,0,22
3325901,1,0,20
3326002,0,0,32
3326102,0,0,20
3326202,0,0,35
3326302,0,0,25
3326402,1,0,16
3326503,0,0,23
3326603,1,0,20
3326703,1,0,16
3326804,1,0,27
3326905,0,0,15
3327005,1,0,17
3327106,0,0,33
3327207,1,0,35
3327308,1,0,38
3327408,0,0,29
3327509,1,0,25
3327610,0,0,10
3327711,1,0,11
3327811,0,0,27
3327912,1,0,14
3328013,0,0,19
3328113,0,0,18
3328214,1,0,25
3328315,0,0,38
3328416,0,0,21
3328517,0,0,30
3328618,0,0,11
3328719,1,0,31
3328820,0,0,10
3328921,1,0,11
3329021,1,0,27
3329122,1,0,23
3329223,0,0,34
3329323,1,0,24
3329423,0,0,10
3329524,0,0,15
3329625,1,0,25
3329725,0,0,10
3329825,0,0,21
3329925,1,0,11
3330025,1,0,13
3330126,0,0,14
3330226,1,0,11
3330326,1,0,11
3330426,0,0,14
3330527,0,0,10
3330627,1,0,11
3330727,0,0,10
3330828,0,0,21
3330929,1,0,16
3331030,0,0,26
3331130,0,0,25
3331231,1,0,25
3331332,1,0,13
3331432,0,0,18
3331532,0,0,22
3331633,0,0,21
3331733,1,0,12
3331834,0,0,23
3331934,1,0,22
3332035,1,0,28
3332135,6,0,29
3332236,18,0,41
3332336,32,10,68
3332437,47,9,90
3332537,62,25,97
3332638,62,37,94
3332739,68,36,115
3332840,64,41,97
3332941,56,14,98
3333041,54,33,76
3333142,53,13,78
3333243,49,23,83
3333344,49,39,88
3333445,49,0,95
3333545,54,14,102
3333645,58,29,86
3333745,59,14,102
3333846,55,21,106
3333946,55,18,91
3334046,53,9,96
3334146,55,2,99
3334247,59,18,108
3334348,58,8,91
3334448,58,21,98
3334548,60,22,110
3334648,60,29,89
3334749,56,31,83
3334850,60,21,77
3334951,55,10,82
3335052,57,16,88
3335152,52,28,84
3335253,52,12,99
3335354,57,16,91
3335455,55,11,100
3335556,57,35,96
3335657,59,26,106
3335758,53,13,93
3335858,54,10,86
3335958,57,0,93
3336058,57,15,93
3336158,58,29,102
3336258,56,23,81
3336359,51,11,83
3336460,52,19,94
3336561,57,15,92
3336661,56,13,86
3336762,57,29,100
3336862,52,21,108
3336963,53,5,80
3337064,56,26,82
3337165,55,13,96
3337266,55,22,93
3337367,57,0,92
3337468,59,10,103
3337569,61,36,86
3337669,57,10,90
3337769,62,30,80
3337869,61,23,96
3337970,62,27,94
3338071,62,34,99
3338172,64,30,101
3338272,59,13,94
3338373,62,32,105
3338474,66,28,111
3338574,64,20,103
3338675,63,29,86
3338776,64,23,92
3338877,64,27,94
3338977,64,11,109
3339078,64,34,96
3339178,70,43,115
3339279,77,41,124
3339380,80,46,105
3339481,91,57,123
3339581,96,63,130
3339682,108,70,147
3339783,112,76,152
3339884,119,75,165
3339984,121,74,152
3340085,120,101,168
3340186,118,62,156
3340286,117,88,153
3340386,114,69,155
3340486,119,84,170
3340587,120,79,148
3340688,121,72,164
3340789,120,85,172
3340889,119,79,165
3340989,117,65,151
3341090,119,83,160
3341190,120,93,154
3341290,121,80,156
3341391,124,84,166
3341491,119,76,152
3341592,120,82,154
3341693,119,73,159
3341793,120,80,155
3341893,126,96,150
3341994,123,89,157
3342095,124,72,168
3342195,117,76,149
3342296,117,80,161
3342397,120,94,159
3342498,116,69,161
3342598,120,96,138
3342699,123,84,152
3342800,124,85,153
3342900,123,77,154
3343000,123,76,154
3343101,129,91,151
3343202,128,73,166
3343302,126,95,157
3343403,124,88,176
3343503,118,95,156
3343604,122,79,159
3343705,124,80,171
3343805,126,79,153
3343905,123,82,167
3344005,118,79,172
3344105,126,79,168
3344205,124,78,157
3344306,122,66,152
3344407,127,98,164
3344507,122,68,175
3344607,123,97,157
3344707,128,84,182
3344807,133,95,166
3344908,128,93,175
3345008,131,93,187
3345108,130,85,168
3345209,128,99,175
3345309,140,104,177
3345410,143,103,183
3345510,152,119,196
3345611,166,109,201
3345711,177,138,222
3345812,186,141,226
3345913,188,154,236
3346014,194,147,243
3346115,193,131,238
3346216,195,144,235
3346316,200,155,253
3346417,196,153,245
3346518,199,159,220
3346619,202,164,256
3346719,205,172,250
3346820,206,163,247
3346920,203,164,238
3347021,198,171,238
3347122,202,174,243
3347222,200,168,257
3347322,198,160,212
3347422,200,170,244
3347522,205,167,248
3347623,200,165,242
3347724,198,163,246
3347824,198,154,252
3347924,191,157,232
3348024,190,142,246
3348124,186,148,234
3348225,185,149,218
3348326,193,152,236
3348427,189,140,232
3348527,187,141,227
3348628,186,151,222
3348728,186,152,234
3348829,181,151,211
3348929,179,138,222
3349029,187,153,231
3349129,192,149,222
3349230,194,151,236
3349331,196,141,231
3349431,199,161,229
3349532,195,143,230
3349632,199,165,230
3349733,216,177,252
3349834,232,191,281
3349934,251,218,297
3350034,254,216,288
3350135,269,238,301
3350236,268,237,309
3350337,267,233,299
3350437,264,217,294
3350537,266,230,311
3350638,263,225,292
3350739,263,229,292
3350840,262,222,305
3350940,262,223,310
3351040,260,216,306
3351141,257,208,288
3351241,257,213,306
3351342,257,217,292
3351443,255,207,305
3351544,257,226,294
3351644,256,210,292
3351744,256,222,287
3351844,257,213,295
3351944,257,219,304
3352044,257,222,296
3352145,261,221,286
3352245,262,236,307
3352345,258,222,280
3352445,254,219,286
3352545,254,217,296
3352646,252,219,295
3352747,250,204,296
3352848,250,209,287
3352948,251,217,283
3353049,250,194,276
3353150,249,212,287
3353251,248,212,297
3353351,247,219,274
3353451,247,200,283
3353552,249,222,274
3353653,250,209,281
3353753,248,209,284
3353853,251,215,282
3353954,254,217,278
3354054,260,219,288
3354154,271,230,316
3354254,283,236,321
3354354,297,254,316
3354455,312,279,355
3354555,320,285,361
3354655,328,283,362
3354755,329,282,364
3354856,348,318,383
3354957,349,315,382
3355058,345,306,394
3355159,344,296,373
3355259,343,297,362
3355360,342,304,377
3355461,342,310,378
3355562,346,305,384
3355662,345,306,396
3355763,345,304,394
3355863,344,292,396
3355963,345,308,379
3356063,340,301,363
3356163,337,295,356
3356264,334,299,372
3356365,333,295,365
3356466,335,287,387
3356566,336,288,381
3356667,338,317,389
3356768,337,301,373
3356869,339,291,366
3356969,338,308,375
3357069,340,310,390
3357169,341,307,371
3357270,341,301,392
3357370,337,316,384
3357471,331,303,385
3357571,330,283,375
3357672,329,286,361
3357772,328,284,361
3357873,331,287,373
3357973,332,285,377
3358073,331,300,369
3358173,329,291,364
3358274,325,291,365
3358375,325,297,352
3358476,327,292,385
3358576,327,303,369
3358677,328,293,361
3358777,326,290,363
3358878,327,294,357
3358978,326,282,351
3359079,326,280,366
3359179,323,287,356
3359279,324,295,379
3359379,324,287,364
3359480,324,275,360
3359580,327,283,379
3359681,330,279,371
3359781,331,289,370
3359882,329,304,366
3359982,330,290,370
3360082,326,291,377
3360183,326,282,369
3360283,325,289,379
3360384,323,274,356
3360484,325,296,366
3360584,323,283,367
3360685,320,287,366
3360785,320,268,342
3360885,325,267,353
3360986,324,280,346
3361087,324,276,366
3361187,321,284,348
3361287,318,276,367
3361387,318,273,347
3361488,317,283,354
3361588,317,286,362
3361689,319,265,360
3361789,320,252,360
3361890,319,262,361
3361990,318,277,369
3362091,331,289,363
3362192,349,319,385
3362293,367,333,405
3362394,386,349,423
3362495,408,381,451
3362595,419,378,460
3362696,422,390,456
3362797,414,372,475
3362897,410,378,463
3362997,412,373,454
3363097,414,367,446
3363197,419,382,459
3363298,418,394,456
3363398,422,385,455
3363498,416,376,461
3363599,417,382,470
3363700,419,393,466
3363800,424,374,454
3363900,425,367,463
3364000,427,385,467
3364100,432,401,484
3364200,432,405,450
3364301,434,380,472
3364401,424,375,454
3364501,427,376,463
3364602,427,400,474
3364703,428,380,466
3364804,426,380,459
3364904,429,393,465
3365004,423,387,469
3365105,420,374,458
3365205,425,386,469
3365305,426,378,475
3365406,426,384,461
3365507,422,380,452
3365607,422,393,475
3365707,418,382,445
3365807,413,381,464
3365907,417,374,458
3366008,415,382,455
3366108,411,368,459
3366209,408,367,457
3366310,410,371,435
3366410,412,381,447
3366511,417,385,457
3366612,421,377,451
3366712,421,374,466
3366812,426,394,469
3366912,425,397,458
3367013,426,392,466
3367113,423,381,451
3367213,429,381,461
3367314,432,399,476
3367414,435,396,480
3367515,435,393,457
3367616,441,400,493
3367716,443,418,495
3367817,446,402,480
3367918,443,396,484
3368018,440,388,495
3368119,434,394,464
3368220,437,394,493
3368320,436,386,467
3368421,439,395,483
3368522,437,409,486
3368623,445,413,477
3368724,448,407,476
3368825,448,418,486
3368926,448,412,485
3369027,447,417,481
3369127,450,406,497
3369228,449,390,494
3369328,289,241,330
3369429,94,61,130
3369529,30,0,71
3369630,3,0,37
3369731,1,0,11
3369832,0,0,15
3369933,0,0,12
3370033,1,0,25
3370133,0,0,18
3370233,1,0,25
3370334,0,0,22
3370434,0,0,11
3370534,0,0,29
3370635,0,0,10
3370736,1,0,19
3370836,0,0,17
3370937,1,0,15
3371038,1,0,28
3371139,1,0,27
3371239,1,0,32
3371339,0,0,15
3371439,1,0,29
3371540,0,0,10
3371641,1,0,21
3371742,0,0,22
3371842,1,0,20
3371942,0,0,10
3372042,0,0,12
3372142,0,0,22
3372243,0,0,35
3372344,0,0,42
3372445,1,0,14
3372546,1,0,13
3372646,0,0,22
3372747,1,0,11
3372848,0,0,25
3372949,1,0,25

Test18:
3501366,0,0,10
3501467,1,0,14
3501568,1,0,34
3501668,0,0,20
3501769,0,0,37
3501870,0,0,29
3501971,0,0,10
3502072,0,0,16
3502173,0,0,11
3502273,1,0,21
3502373,0,0,16
3502474,1,0,23
3502575,0,0,30
3502676,0,0,23
3502777,1,0,11
3502877,0,0,23
3502978,0,0,19
3503079,1,0,22
3503180,0,0,10
3503281,0,0,19
3503382,0,0,16
3503482,0,0,17
3503583,0,0,23
3503683,0,0,24
3503783,0,0,19
3503884,1,0,16
3503985,1,0,43
3504085,1,0,25
3504185,1,0,37
3504286,1,0,19
3504386,0,0,18
3504486,1,0,17
3504586,1,0,16
3504687,1,0,35
3504788,1,0,19
3504889,1,0,18
3504989,0,0,10
3505090,1,0,28
3505191,0,0,14
3505291,0,0,24
3505391,1,0,23
3505491,1,0,11
3505592,0,0,22
3505693,1,0,41
3505793,0,0,10
3505894,1,0,19
3505994,1,0,25
3506095,0,0,17
3506196,0,0,21
3506296,0,0,10
3506397,1,0,19
3506498,1,0,24
3506599,0,0,14
3506699,1,0,30
3506799,0,0,10
3506900,0,0,22
3507000,0,0,18
3507100,1,0,28
3507200,0,0,10
3507300,1,0,26
3507401,0,0,24
3507502,0,0,20
3507603,0,0,43
3507704,0,0,11
3507804,0,0,28
3507905,0,0,16
3508006,1,0,22
3508106,1,0,29
3508207,0,0,10
3508308,0,0,22
3508409,0,0,13
3508510,1,0,25
3508610,0,0,17
3508711,0,0,22
3508812,1,0,32
3508913,1,0,38
3509013,1,0,28
3509113,0,0,14
3509213,0,0,10
3509313,1,0,20
3509413,0,0,10
3509513,0,0,10
3509614,0,0,28
3509714,1,0,24
3509815,0,0,15
3509916,1,0,18
3510016,0,0,26
3510116,1,0,18
3510217,1,0,20
3510317,1,0,21
3510417,0,0,17
3510517,0,0,24
3510617,1,0,19
3510717,0,0,23
3510818,1,0,11
3510918,0,0,10
3511018,0,0,13
3511118,0,0,13
3511218,0,0,13
3511319,1,0,30
3511420,0,0,10
3511521,0,0,10
3511621,0,0,13
3511721,0,0,10
3511822,1,0,12
3511923,1,0,14
3512023,1,0,19
3512124,0,0,18
3512224,1,0,27
3512324,0,0,25
3512425,0,0,26
3512525,0,0,17
3512626,0,0,14
3512727,1,0,11
3512828,1,0,29
3512929,0,0,23
3513029,0,0,27
3513130,1,0,24
3513230,0,0,22
3513330,1,0,34
3513431,1,0,12
3513532,0,0,21
3513632,0,0,10
3513733,0,0,23
3513833,0,0,29
3513933,0,0,24
3514034,1,0,24
3514135,0,0,11
3514236,0,0,13
3514336,1,0,36
3514437,0,0,18
3514538,0,0,13
3514639,0,0,27
3514739,7,0,41
3514839,13,0,47
3514939,26,0,67
3515039,33,1,67
3515140,44,20,72
3515240,47,2,93
3515341,58,25,93
3515442,61,17,98
3515543,63,28,92
3515644,75,47,113
3515745,73,42,107
3515846,72,34,118
3515947,71,34,109
3516048,70,27,114
3516148,68,32,107
3516249,69,29,105
3516350,66,26,107
3516450,65,21,103
3516551,64,25,97
3516651,66,24,98
3516751,66,12,106
3516852,66,17,109
3516953,64,16,96
3517053,62,29,99
3517154,63,7,99
3517255,63,25,111
3517356,63,29,101
3517457,65,37,100
3517557,65,29,109
3517658,65,26,102
3517759,64,27,109
3517859,65,22,103
3517959,65,28,103
3518060,64,29,94
3518160,63,17,87
3518260,64,36,100
3518361,66,17,101
3518461,65,31,110
3518562,66,22,101
3518663,67,22,111
3518764,67,35,105
3518864,66,39,113
3518965,65,29,101
3519065,66,29,96
3519165,67,34,94
3519266,67,28,101
3519367,67,32,108
3519467,65,31,116
3519568,66,33,85
3519669,67,29,102
3519769,67,24,99
3519870,65,35,104
3519970,64,24,102
3520070,66,18,102
3520171,67,27,109
3520271,65,35,106
3520372,66,25,93
3520473,66,22,115
3520573,65,22,106
3520674,65,19,111
3520774,65,15,111
3520874,64,26,95
3520974,63,11,98
3521075,63,38,99
3521176,62,18,112
3521277,61,20,87
3521378,61,35,92
3521478,61,28,94
3521578,59,25,92
3521679,60,32,102
3521779,60,20,102
3521880,60,28,81
3521980,62,22,105
3522081,62,16,120
3522181,61,15,108
3522281,61,23,94
3522381,62,23,116
3522481,61,28,92
3522582,60,29,107
3522682,61,31,96
3522783,60,16,103
3522883,60,28,84
3522984,59,22,99
3523084,60,26,93
3523185,59,13,84
3523285,59,22,96
3523386,58,14,99
3523487,61,24,107
3523588,72,44,122
3523688,84,48,132
3523789,102,66,139
3523889,120,76,161
3523989,126,86,146
3524090,133,92,184
3524191,141,91,176
3524291,142,97,170
3524392,146,114,183
3524493,147,100,187
3524593,142,98,183
3524693,138,104,169
3524793,131,96,170
3524894,132,84,160
3524994,135,92,174
3525095,135,97,168
3525196,136,98,170
3525297,137,80,168
3525398,138,99,170
3525498,135,101,168
3525598,134,102,164
3525699,135,100,189
3525800,138,109,161
3525901,141,107,186
3526002,144,108,190
3526103,140,94,167
3526204,140,102,178
3526305,139,87,173
3526406,141,97,172
3526507,132,105,175
3526608,135,104,185
3526708,128,97,159
3526809,123,87,157
3526909,127,95,170
3527010,127,86,151
3527111,135,98,179
3527212,130,95,178
3527312,130,84,182
3527412,130,85,164
3527512,133,95,175
3527613,129,82,164
3527714,131,84,157
3527815,129,92,180
3527916,129,89,164
3528016,128,93,165
3528116,129,84,181
3528216,130,101,174
3528317,133,106,162
3528417,133,93,166
3528518,131,104,164
3528619,130,93,171
3528719,125,88,152
3528819,127,90,162
3528919,126,80,152
3529019,125,91,163
3529119,125,80,171
3529220,127,84,168
3529320,128,87,164
3529421,143,112,185
3529522,159,127,193
3529622,168,127,199
3529722,188,143,230
3529823,197,163,232
3529924,202,173,236
3530024,218,174,249
3530125,218,183,256
3530225,218,172,256
3530325,216,182,241
3530425,214,166,239
3530526,213,171,262
3530626,211,181,248
3530726,211,168,247
3530826,212,194,261
3530926,210,167,261
3531026,210,178,241
3531127,206,166,232
3531228,207,176,232
3531329,208,181,256
3531430,208,164,239
3531531,206,175,242
3531631,205,160,224
3531732,205,162,231
3531832,207,165,246
3531932,204,171,237
3532032,203,165,221
3532133,203,164,233
3532234,203,160,243
3532334,200,162,239
3532435,198,168,247
3532536,196,147,228
3532636,197,161,232
3532737,202,179,235
3532837,205,166,245
3532938,203,168,245
3533039,206,163,239
3533140,206,186,249
3533241,205,159,242
3533342,203,171,224
3533443,204,168,238
3533544,204,170,251
3533645,205,163,224
3533745,204,167,235
3533845,201,178,226
3533945,201,165,246
3534046,203,154,249
3534146,200,171,246
3534246,200,172,243
3534346,199,162,245
3534447,198,156,250
3534548,198,154,222
3534649,197,156,234
3534750,199,158,227
3534851,200,163,235
3534951,201,152,248
3535051,199,161,231
3535151,198,157,244
3535252,199,153,228
3535353,201,167,230
3535454,198,152,245
3535554,197,173,236
3535654,195,169,223
3535755,198,165,238
3535855,198,164,242
3535955,198,157,241
3536056,196,155,236
3536156,196,161,242
3536257,195,160,223
3536357,195,159,240
3536457,196,164,236
3536557,197,165,239
3536658,199,145,223
3536758,209,165,250
3536859,220,184,253
3536959,228,183,261
3537060,242,206,267
3537160,247,210,287
3537260,263,231,312
3537361,266,232,308
3537462,269,240,318
3537563,273,241,317
3537664,265,224,308
3537764,263,232,309
3537864,267,237,303
3537964,268,217,289
3538065,268,223,291
3538166,267,229,319
3538267,267,221,317
3538368,269,225,311
3538468,268,231,308
3538568,269,236,306
3538669,269,221,302
3538769,270,235,313
3538870,269,216,303
3538971,270,242,313
3539071,269,219,303
3539171,271,240,312
3539272,273,229,324
3539373,271,241,323
3539474,273,226,308
3539575,272,231,302
3539676,273,232,315
3539776,273,227,323
3539876,274,241,310
3539977,275,237,313
3540078,275,235,327
3540179,277,237,301
3540280,278,247,307
3540381,279,247,316
3540481,279,242,318
3540582,278,239,311
3540683,279,238,307
3540784,281,246,320
3540884,282,249,325
3540984,283,255,317
3541085,287,252,329
3541185,292,243,319
3541285,305,251,343
3541385,314,264,341
3541486,327,300,370
3541586,334,300,368
3541687,335,286,376
3541787,329,290,359
3541888,327,285,359
3541989,328,287,372
3542090,329,294,362
3542190,327,305,384
3542290,324,279,353
3542391,326,295,370
3542492,325,287,368
3542593,324,295,372
3542694,326,288,382
3542794,324,286,356
3542895,323,271,363
3542995,322,283,346
3543095,327,298,362
3543195,328,281,367
3543295,328,289,360
3543395,329,301,363
3543496,327,290,368
3543597,327,274,373
3543697,326,292,362
3543798,329,280,350
3543899,331,291,372
3544000,333,292,386
3544100,332,289,372
3544200,332,282,380
3544301,333,291,363
3544402,336,303,363
3544503,336,305,373
3544603,335,280,366
3544703,337,297,385
3544804,336,297,371
3544905,336,299,369
3545005,339,300,357
3545105,341,294,375
3545205,342,297,385
3545305,341,285,394
3545406,342,303,376
3545506,351,318,390
3545606,376,328,424
3545707,410,374,452
3545808,426,387,471
3545909,446,400,497
3546010,474,433,520
3546110,463,416,493
3546210,457,427,489
3546310,451,406,497
3546411,447,412,483
3546511,449,423,479
3546612,444,405,481
3546713,444,408,480
3546813,441,392,496
3546914,444,407,472
3547014,445,411,491
3547115,440,403,481
3547216,441,399,479
3547317,441,403,485
3547417,441,396,479
3547518,438,400,473
3547618,439,403,482
3547719,436,402,460
3547820,434,390,479
3547920,439,402,474
3548021,439,397,491
3548121,437,390,482
3548222,437,382,480
3548323,438,402,468
3548424,437,400,475
3548525,438,388,475
3548626,436,393,476
3548727,439,407,480
3548828,441,409,471
3548929,443,415,496
3549029,445,398,490
3549129,448,409,483
3549230,445,396,487
3549330,447,416,480
3549431,443,381,489
3549531,445,412,491
3549632,441,402,494
3549733,443,408,484
3549833,446,405,482
3549934,446,413,483
3550035,449,410,489
3550136,452,403,486
3550236,447,389,495
3550336,445,404,488
3550437,447,415,489
3550538,448,420,486
3550639,446,399,487
3550739,442,398,479
3550839,443,394,485
3550940,447,393,475
3551041,450,414,495
3551142,451,399,497
3551242,445,408,485
3551343,445,397,494
3551444,451,412,497
3551545,448,412,490
3551646,452,415,484
3551747,452,421,486
3551847,450,403,489
3551947,456,406,490
3552048,458,420,488
3552148,459,422,492
3552249,458,428,504
3552350,454,413,488
3552451,459,413,497
3552551,459,428,503
3552652,459,441,492
3552753,346,309,372
3552854,90,48,153
3552955,31,0,54
3553056,3,0,35
3553156,1,0,24
3553256,1,0,21
3553357,0,0,10
3553458,0,0,15
3553559,0,0,15
3553660,1,0,20
3553761,1,0,11
3553862,1,0,20
3553962,1,0,19
3554063,0,0,12
3554163,1,0,11
3554263,0,0,17
3554363,1,0,11
3554464,1,0,11
3554564,0,0,13
3554664,1,0,20
3554764,1,0,16
3554865,1,0,26
3554966,1,0,23
3555066,0,0,22
3555166,0,0,24
3555266,1,0,31
3555366,1,0,11
3555467,1,0,11
3555568,1,0,32
3555668,0,0,16
3555769,0,0,16
3555870,1,0,27
3555971,1,0,11
3556072,1,0,24
3556172,1,0,11
3556273,1,0,17
3556374,1,0,21
3556475,1,0,11
3556576,0,0,11
3556677,1,0,36
3556777,0,0,15
3556878,0,0,22
3556978,1,0,28
3557079,1,0,18
3557179,0,0,17
3557279,0,0,17
3557380,1,0,29

Test19:
3641138,1,0,24
3641239,1,0,21
3641339,1,0,11
3641440,1,0,14
3641541,1,0,12
3641642,1,0,21
3641743,1,0,29
3641844,1,0,32
3641944,1,0,26
3642044,1,0,14
3642144,1,0,15
3642244,1,0,21
3642344,1,0,33
3642444,1,0,19
3642545,1,0,25
3642645,1,0,14
3642745,0,0,10
3642846,1,0,11
3642947,1,0,24
3643047,1,0,31
3643148,0,0,17
3643249,1,0,34
3643349,0,0,14
3643450,1,0,24
3643551,1,0,31
3643652,1,0,11
3643753,1,0,13
3643853,0,0,13
3643954,0,0,27
3644055,1,0,29
3644156,1,0,18
3644256,1,0,11
3644356,0,0,17
3644456,1,0,22
3644556,1,0,11
3644656,0,0,21
3644757,1,0,27
3644857,0,0,12
3644958,1,0,25
3645059,1,0,12
3645159,1,0,28
3645260,1,0,11
3645360,1,0,32
3645460,1,0,23
3645561,1,0,17
3645661,1,0,24
3645761,1,0,33
3645862,1,0,15
3645962,1,0,28
3646063,0,0,10
3646164,1,0,28
3646265,1,0,23
3646366,1,0,11
3646466,1,0,23
3646567,1,0,33
3646667,1,0,24
3646767,1,0,12
3646867,0,0,27
3646968,1,0,14
3647069,1,0,39
3647169,1,0,17
3647270,1,0,20
3647370,1,0,15
3647471,1,0,11
3647572,1,0,20
3647672,0,0,17
3647773,1,0,18
3647873,1,0,32
3647973,0,0,16
3648074,1,0,21
3648175,1,0,26
3648275,1,0,25
3648375,1,0,11
3648476,1,0,31
3648576,1,0,24
3648677,1,0,23
3648778,1,0,16
3648879,1,0,18
3648980,1,0,32
3649080,1,0,24
3649181,1,0,13
3649281,1,0,26
3649382,0,0,23
3649483,1,0,15
3649584,0,0,10
3649684,1,0,21
3649785,1,0,18
3649886,0,0,12
3649987,1,0,21
3650087,1,0,20
3650188,1,0,13
3650289,1,0,14
3650390,1,0,24
3650490,0,0,13
3650590,1,0,11
3650691,1,0,15
3650791,1,0,11
3650892,1,0,19
3650992,1,0,31
3651093,0,0,10
3651194,1,0,30
3651294,1,0,27
3651394,1,0,22
3651494,1,0,17
3651595,1,0,13
3651695,1,0,28
3651795,1,0,25
3651895,1,0,18
3651995,1,0,21
3652095,0,0,35
3652196,1,0,20
3652296,1,0,21
3652396,1,0,33
3652496,1,0,13
3652597,1,0,14
3652698,0,0,10
3652798,1,0,26
3652899,1,0,17
3653000,0,0,11
3653100,1,0,17
3653200,1,0,16
3653301,1,0,35
3653401,1,0,32
3653501,1,0,30
3653602,1,0,25
3653703,0,0,33
3653803,1,0,12
3653903,1,0,16
3654003,1,0,11
3654103,0,0,15
3654203,1,0,21
3654303,1,0,19
3654403,1,0,23
3654503,1,0,23
3654603,1,0,22
3654703,1,0,25
3654804,1,0,25
3654905,1,0,18
3655005,1,0,27
3655105,1,0,19
3655206,1,0,11
3655307,1,0,11
3655407,1,0,12
3655507,0,0,10
3655607,1,0,11
3655707,1,0,14
3655808,1,0,17
3655908,0,0,10
3656008,1,0,17
3656109,1,0,11
3656209,1,0,26
3656309,1,0,15
3656409,1,0,12
3656509,1,0,31
3656609,1,0,20
3656709,1,0,27
3656810,0,0,22
3656911,1,0,18
3657012,0,0,15
3657112,1,0,22
3657212,1,0,27
3657313,1,0,20
3657414,1,0,15
3657514,1,0,26
3657614,1,0,28
3657715,1,0,33
3657816,1,0,30
3657917,1,0,26
3658018,1,0,11
3658119,1,0,19
3658220,1,0,36
3658321,1,0,18
3658421,0,0,33
3658522,0,0,27
3658623,1,0,11
3658723,1,0,24
3658824,1,0,18
3658925,1,0,20
3659026,0,0,26
3659126,1,0,27
3659227,1,0,21
3659328,1,0,12
3659429,1,0,18
3659530,1,0,24
3659631,1,0,14
3659732,0,0,26
3659832,1,0,11
3659932,1,0,13
3660033,1,0,16
3660134,1,0,11
3660234,1,0,23
3660334,1,0,32
3660434,1,0,25
3660534,0,0,28
3660634,1,0,11
3660734,1,0,11
3660835,0,0,23
3660935,1,0,26
3661035,5,0,30
3661135,13,0,43
3661236,21,0,61
3661336,25,0,51
3661436,33,3,52
3661536,42,7,76
3661637,46,2,83
3661738,48,9,84
3661839,54,3,99
3661940,53,12,95
3662041,53,15,87
3662141,52,13,93
3662242,51,7,87
3662342,51,26,99
3662443,51,6,85
3662544,50,8,84
3662645,50,17,99
3662745,50,18,72
3662845,48,20,91
3662945,49,5,75
3663046,49,15,87
3663146,49,8,82
3663246,48,7,77
3663347,47,5,78
3663447,48,10,71
3663548,49,11,83
3663648,48,30,76
3663748,48,8,83
3663848,47,14,81
3663948,47,2,68
3664049,46,0,84
3664149,46,12,83
3664250,46,15,77
3664351,46,16,82
3664451,46,3,86
3664551,46,17,81
3664651,46,12,92
3664751,44,11,75
3664852,43,13,61
3664952,43,6,75
3665053,43,2,88
3665154,45,3,84
3665255,44,25,59
3665356,44,12,74
3665457,44,7,70
3665557,44,17,76
3665657,45,1,79
3665758,45,11,84
3665859,44,11,79
3665960,45,14,84
3666061,53,26,88
3666162,72,35,114
3666263,88,48,137
3666363,108,71,136
3666463,122,84,177
3666564,127,101,170
3666664,123,66,172
3666764,120,73,164
3666865,122,80,154
3666965,123,83,159
3667065,126,100,162
3667165,127,101,171
3667266,127,98,165
3667367,126,94,150
3667467,124,105,163
3667568,126,99,168
3667669,129,92,149
3667770,128,100,171
3667870,130,92,177
3667971,127,95,181
3668071,127,95,185
3668171,126,80,167
3668271,126,86,158
3668372,129,98,149
3668472,130,83,170
3668572,130,96,174
3668673,128,79,181
3668773,128,83,180
3668874,129,95,165
3668974,129,97,193
3669075,127,90,149
3669175,130,92,149
3669276,129,103,172
3669377,129,88,170
3669477,130,95,166
3669578,136,79,169
3669679,134,105,177
3669779,132,99,183
3669880,130,79,178
3669980,132,98,167
3670080,134,93,175
3670181,136,88,169
3670282,138,113,173
3670383,138,108,183
3670484,135,112,182
3670585,134,101,174
3670686,132,82,165
3670787,133,113,171
3670888,135,95,159
3670988,140,98,171
3671088,151,117,191
3671188,167,126,210
3671288,183,144,223
3671388,200,161,224
3671489,199,149,242
3671590,219,194,257
3671691,219,170,253
3671792,216,176,256
3671892,214,169,247
3671992,214,180,258
3672092,210,178,253
3672192,212,179,256
3672292,211,165,250
3672392,212,179,249
3672492,211,170,245
3672593,208,176,254
3672693,208,181,253
3672794,209,146,233
3672895,208,161,244
3672996,207,176,237
3673097,207,172,245
3673198,209,176,247
3673299,207,169,248
3673399,207,169,241
3673499,209,156,245
3673600,211,166,238
3673700,207,181,255
3673801,205,151,244
3673902,203,166,252
3674002,202,166,233
3674103,201,163,236
3674204,199,165,258
3674304,199,157,234
3674405,199,160,240
3674506,198,153,245
3674606,200,154,235
3674706,205,159,244
3674807,203,165,249
3674908,204,169,245
3675008,200,163,241
3675108,202,164,243
3675208,200,167,248
3675309,202,158,231
3675410,198,153,233
3675511,199,172,231
3675612,196,153,230
3675713,199,170,250
3675814,197,157,232
3675914,196,157,235
3676015,197,158,234
3676116,197,170,247
3676217,197,169,216
3676317,196,165,234
3676418,195,160,233
3676518,195,148,241
3676618,193,152,224
3676718,194,152,233
3676818,193,153,225
3676918,193,149,231
3677019,196,144,230
3677119,195,155,241
3677220,199,152,230
3677320,197,158,238
3677420,198,152,228
3677520,198,155,216
3677620,196,150,233
3677721,195,143,251
3677821,195,145,229
3677922,196,148,248
3678022,196,154,231
3678123,196,154,229
3678224,196,170,247
3678324,196,156,229
3678424,195,160,227
3678525,195,144,239
3678626,192,142,235
3678727,191,138,230
3678828,191,146,227
3678929,188,161,228
3679030,188,129,240
3679131,190,149,242
3679232,189,152,223
3679332,191,143,230
3679433,193,150,234
3679534,218,173,261
3679635,239,198,291
3679736,259,215,298
3679837,268,234,292
3679937,261,213,305
3680038,259,216,314
3680139,260,223,283
3680239,261,222,281
3680340,259,223,318
3680441,261,221,288
3680541,260,209,306
3680642,261,228,307
3680742,260,230,306
3680843,261,214,294
3680944,261,222,281
3681045,262,232,303
3681146,259,219,283
3681246,261,215,306
3681346,260,218,273
3681446,258,230,292
3681546,259,220,297
3681647,258,217,291
3681748,259,211,310
3681849,259,232,288
3681949,261,241,278
3682050,263,227,310
3682151,264,216,298
3682252,263,232,312
3682353,264,228,303
3682453,264,224,304
3682553,263,222,283
3682654,263,225,285
3682754,263,214,305
3682854,263,223,297
3682954,266,232,308
3683055,268,231,302
3683155,266,213,308
3683255,268,225,304
3683355,270,226,312
3683456,270,222,288
3683557,269,224,313
3683658,267,205,302
3683759,266,234,305
3683859,268,237,321
3683959,269,209,311
3684059,270,234,316
3684159,268,225,308
3684259,265,213,299
3684360,267,234,311
3684460,266,225,307
3684561,268,228,305
3684662,269,225,320
3684763,271,227,324
3684863,270,240,298
3684964,266,211,306
3685065,265,224,296
3685166,267,215,304
3685266,267,228,299
3685367,267,243,309
3685468,268,240,320
3685568,268,213,321
3685669,267,222,309
3685769,271,238,312
3685870,268,231,296
3685971,270,241,305
3686072,270,235,308
3686173,272,246,295
3686273,274,238,316
3686373,275,236,322
3686474,276,238,319
3686574,277,242,317
3686675,277,236,313
3686776,274,224,314
3686876,278,243,319
3686976,278,247,320
3687077,287,252,321
3687178,299,249,330
3687278,314,280,353
3687378,324,281,363
3687478,335,294,376
3687578,341,300,388
3687678,348,309,380
3687779,353,327,395
3687879,369,324,407
3687979,369,333,408
3688079,371,341,407
3688180,368,322,407
3688281,366,326,423
3688382,362,335,393
3688482,362,326,403
3688582,360,327,385
3688683,360,306,390
3688783,360,322,411
3688884,355,309,398
3688984,360,305,389
3689085,356,315,378
3689186,353,300,398
3689287,348,294,396
3689387,349,327,387
3689488,347,316,395
3689589,350,302,396
3689690,352,311,386
3689790,355,307,386
3689891,359,323,391
3689991,355,314,404
3690092,353,328,399
3690193,358,325,399
3690293,356,318,399
3690394,358,324,389
3690494,357,309,396
3690595,357,312,409
3690695,352,305,392
3690796,353,323,383
3690897,352,326,391
3690997,354,314,395
3691098,352,319,380
3691198,348,315,381
3691298,346,296,389
3691398,349,313,392
3691498,349,287,385
3691598,350,307,384
3691699,343,304,385
3691800,344,304,385
3691900,343,301,386
3692001,348,314,384
3692101,348,313,378
3692202,349,303,388
3692302,352,325,370
3692403,347,306,387
3692504,349,300,395
3692604,350,304,387
3692704,348,311,390
3692805,352,319,391
3692905,355,320,405
3693006,356,310,388
3693106,353,307,396
3693207,351,308,402
3693308,350,303,385
3693409,349,297,388
3693509,350,308,377
3693610,348,310,382
3693711,348,307,391
3693811,346,312,383
3693911,348,306,388
3694011,349,300,389
3694111,348,312,397
3694212,347,312,388
3694312,341,309,375
3694413,344,312,386
3694514,339,307,388
3694614,338,307,389
3694715,335,290,371
3694816,335,295,385
3694917,338,301,371
3695017,337,304,373
3695117,336,309,378
3695217,332,289,386
3695317,333,285,359
3695417,337,298,360
3695518,351,301,399
3695619,364,319,390
3695719,388,355,430
3695820,402,370,448
3695920,416,389,452
3696020,432,398,466
3696120,440,400,482
3696221,423,388,470
3696321,421,376,459
3696422,423,395,468
3696522,425,376,460
3696623,428,391,466
3696723,428,394,480
3696824,432,398,477
3696925,429,399,456
3697026,427,387,461
3697126,431,397,463
3697227,430,394,478
3697327,433,404,474
3697427,428,396,462
3697528,422,383,454
3697629,427,389,445
3697730,425,385,465
3697830,432,400,478
3697931,428,381,480
3698032,433,396,474
3698132,438,401,473
3698232,434,387,483
3698333,433,392,478
3698433,433,392,463
3698534,437,395,483
3698635,437,403,470
3698735,437,403,476
3698836,434,395,461
3698936,434,394,477
3699037,434,400,477
3699138,437,401,471
3699238,438,398,471
3699338,439,393,485
3699438,435,388,462
3699538,438,403,483
3699638,439,406,483
3699738,437,398,480
3699839,440,409,475
3699940,441,396,475
3700041,441,390,492
3700141,444,412,488
3700242,442,395,498
3700342,442,398,480
3700443,444,404,485
3700543,446,397,488
3700644,449,416,484
3700744,451,414,496
3700845,458,418,491
3700946,460,431,492
3701046,463,429,501
3701147,460,425,510
3701248,461,407,486
3701349,306,255,344
3701450,109,55,160
3701551,28,0,60
3701652,3,0,37
3701752,0,0,17
3701853,0,0,17
3701954,0,0,10
3702054,1,0,17
3702155,0,0,19
3702256,0,0,14
3702357,0,0,13
3702457,0,0,33
3702557,0,0,19
3702657,1,0,19
3702757,0,0,24
3702858,0,0,12
3702958,1,0,17
3703058,0,0,23
3703158,0,0,10
3703259,0,0,10
3703360,0,0,17
3703460,0,0,20
3703561,0,0,10
3703662,0,0,11
3703762,0,0,20
3703863,0,0,12
3703964,0,0,22
3704065,0,0,19
3704166,1,0,17
3704267,0,0,17
3704368,0,0,15
3704469,0,0,10
3704569,0,0,20
3704670,1,0,19
3704771,0,0,22
3704872,0,0,10
3704972,0,0,21
3705072,0,0,10
3705172,0,0,27
3705273,0,0,24
3705373,0,0,10
3705474,0,0,35
3705575,0,0,23
3705676,1,0,18
3705777,0,0,10
3705878,0,0,14
3705979,0,0,28

Test20:
3854731,1,0,23
3854832,0,0,18
3854933,1,0,15
3855033,1,0,29
3855134,1,0,22
3855234,0,0,10
3855334,1,0,20
3855434,1,0,19
3855535,0,0,14
3855635,1,0,23
3855736,1,0,11
3855836,0,0,25
3855937,0,0,10
3856037,1,0,15
3856138,1,0,20
3856239,1,0,15
3856339,0,0,14
3856440,0,0,14
3856540,1,0,23
3856641,0,0,19
3856741,0,0,10
3856842,1,0,22
3856943,1,0,18
3857044,0,0,38
3857144,1,0,11
3857245,0,0,11
3857346,1,0,14
3857446,0,0,23
3857547,0,0,31
3857648,0,0,37
3857749,1,0,45
3857849,1,0,22
3857950,1,0,35
3858051,1,0,11
3858152,1,0,23
3858253,0,0,12
3858354,0,0,32
3858455,0,0,14
3858555,1,0,36
3858656,1,0,11
3858756,1,0,27
3858856,1,0,17
3858956,1,0,22
3859056,0,0,18
3859157,0,0,10
3859258,1,0,18
3859359,1,0,12
3859460,0,0,12
3859561,0,0,17
3859662,1,0,25
3859763,1,0,20
3859863,0,0,24
3859964,1,0,27
3860065,0,0,26
3860165,1,0,30
3860265,1,0,29
3860366,1,0,31
3860466,1,0,20
3860566,1,0,25
3860666,1,0,38
3860767,1,0,37
3860868,1,0,15
3860969,0,0,26
3861069,0,0,20
3861170,0,0,25
3861271,1,0,11
3861371,1,0,28
3861471,1,0,11
3861571,1,0,23
3861671,1,0,15
3861772,1,0,23
3861872,0,0,16
3861972,0,0,26
3862073,0,0,25
3862173,1,0,21
3862274,0,0,27
3862375,1,0,28
3862475,0,0,15
3862575,1,0,19
3862676,1,0,11
3862777,1,0,20
3862877,1,0,28
3862978,1,0,12
3863078,1,0,21
3863179,0,0,22
3863280,0,0,20
3863380,0,0,14
3863481,1,0,29
3863582,1,0,20
3863682,1,0,26
3863783,1,0,16
3863883,1,0,26
3863984,1,0,31
3864084,1,0,15
3864185,1,0,18
3864286,1,0,19
3864386,1,0,11
3864487,1,0,55
3864588,1,0,11
3864688,0,0,14
3864789,1,0,11
3864889,0,0,18
3864990,1,0,21
3865091,1,0,19
3865192,1,0,25
3865292,0,0,28
3865392,1,0,19
3865493,1,0,11
3865594,0,0,22
3865694,1,0,25
3865794,1,0,23
3865895,1,0,21
3865995,0,0,14
3866096,0,0,22
3866196,1,0,23
3866296,1,0,26
3866397,1,0,26
3866497,1,0,11
3866598,1,0,25
3866698,0,0,18
3866798,1,0,11
3866899,1,0,22
3867000,1,0,31
3867100,1,0,11
3867200,1,0,18
3867300,1,0,14
3867401,1,0,26
3867502,1,0,35
3867603,1,0,22
3867704,1,0,19
3867805,0,0,16
3867905,1,0,22
3868006,1,0,23
3868106,1,0,30
3868206,0,0,14
3868306,0,0,24
3868407,1,0,31
3868507,1,0,26
3868607,1,0,26
3868708,1,0,22
3868808,1,0,11
3868908,1,0,18
3869008,1,0,21
3869109,0,0,22
3869209,0,0,23
3869310,1,0,28
3869411,1,0,33
3869512,1,0,13
3869613,1,0,32
3869713,1,0,15
3869814,1,0,21
3869914,1,0,11
3870014,1,0,18
3870115,1,0,33
3870215,0,0,20
3870316,1,0,11
3870416,1,0,22
3870516,1,0,26
3870616,0,0,30
3870716,0,0,35
3870817,0,0,28
3870918,1,0,32
3871019,0,0,15
3871120,1,0,34
3871221,0,0,22
3871321,0,0,20
3871421,0,0,18
3871521,0,0,22
3871621,1,0,26
3871722,0,0,10
3871822,1,0,24
3871922,1,0,15
3872023,1,0,11
3872124,1,0,18
3872225,1,0,36
3872325,1,0,20
3872426,1,0,20
3872527,0,0,10
3872628,1,0,11
3872729,1,0,18
3872830,1,0,20
3872931,0,0,19
3873031,0,0,19
3873131,4,0,14
3873231,3,0,37
3873332,19,0,50
3873433,25,0,52
3873533,35,0,66
3873633,45,0,80
3873733,55,26,93
3873833,56,25,78
3873933,61,12,103
3874034,60,24,87
3874135,59,15,98
3874236,59,29,117
3874336,57,13,82
3874437,54,15,87
3874538,56,33,98
3874639,59,28,90
3874740,62,35,98
3874841,63,30,104
3874941,64,25,106
3875041,64,34,95
3875142,67,28,105
3875242,66,25,107
3875342,66,28,110
3875443,64,38,102
3875543,61,16,98
3875643,61,16,91
3875744,61,16,102
3875845,60,20,99
3875946,61,18,94
3876046,62,11,115
3876146,63,30,103
3876247,65,30,95
3876347,64,15,98
3876447,62,23,88
3876547,63,15,95
3876648,64,36,102
3876748,64,10,106
3876848,62,14,92
3876948,61,32,83
3877049,61,27,108
3877149,60,28,78
3877250,56,26,92
3877351,56,26,95
3877452,57,22,92
3877552,59,15,95
3877653,61,31,110
3877754,60,10,105
3877854,60,19,108
3877955,62,23,87
3878056,62,26,121
3878156,64,28,94
3878256,64,15,99
3878356,65,12,105
3878456,66,30,99
3878556,65,38,91
3878657,64,23,117
3878758,65,35,106
3878858,66,18,101
3878959,63,35,95
3879060,64,21,116
3879160,63,35,93
3879260,64,25,106
3879361,62,19,87
3879462,62,28,103
3879563,62,23,112
3879664,62,34,89
3879764,63,13,94
3879864,61,28,106
3879964,64,21,86
3880065,62,34,103
3880165,64,19,105
3880266,63,19,109
3880367,63,21,107
3880468,60,27,94
3880569,58,28,107
3880670,59,17,97
3880771,59,17,97
3880871,66,17,83
3880972,70,26,87
3881072,79,34,123
3881173,91,51,129
3881274,102,55,128
3881375,108,56,151
3881476,117,94,143
3881577,123,85,169
3881677,121,86,165
3881777,138,97,168
3881877,138,100,170
3881977,140,103,168
3882077,138,122,175
3882178,137,95,182
3882279,137,105,182
3882380,134,98,170
3882480,132,79,168
3882581,132,95,179
3882681,130,87,169
3882782,129,88,175
3882883,125,87,163
3882984,128,88,168
3883084,126,82,168
3883184,121,91,161
3883285,121,77,155
3883385,122,104,174
3883485,125,70,164
3883585,124,86,177
3883685,124,96,158
3883786,125,95,162
3883887,128,95,171
3883988,127,92,161
3884088,125,77,164
3884189,128,95,141
3884289,126,103,172
3884390,127,96,152
3884490,125,87,156
3884590,120,72,165
3884691,120,87,166
3884792,118,89,160
3884893,118,79,155
3884994,118,68,160
3885094,117,61,155
3885194,113,73,138
3885294,113,77,155
3885395,113,82,144
3885496,112,74,166
3885597,111,85,147
3885698,112,65,150
3885799,113,78,150
3885900,109,60,130
3886000,108,66,135
3886101,107,72,145
3886202,107,74,146
3886303,108,67,161
3886403,116,88,154
3886504,125,77,158
3886604,139,93,179
3886705,150,126,187
3886806,166,123,214
3886906,178,142,226
3887006,187,161,216
3887106,192,150,233
3887206,197,156,231
3887307,210,174,261
3887407,206,168,243
3887508,208,161,236
3887609,209,186,236
3887710,208,162,230
3887811,207,172,251
3887911,207,170,236
3888011,206,158,249
3888112,202,165,234
3888213,202,160,253
3888314,200,157,248
3888415,202,157,233
3888516,202,163,251
3888617,205,160,253
3888717,207,183,236
3888817,206,169,251
3888918,207,181,250
3889019,205,171,231
3889120,204,168,250
3889220,198,160,229
3889321,195,167,252
3889421,196,153,246
3889521,197,161,242
3889622,196,153,235
3889723,194,157,232
3889824,193,138,234
3889924,193,148,230
3890025,193,172,225
3890125,194,140,233
3890225,194,161,219
3890325,196,169,233
3890425,196,148,239
3890525,197,165,239
3890626,194,151,221
3890726,192,164,234
3890827,186,158,204
3890927,187,158,242
3891028,185,147,217
3891128,183,146,237
3891228,183,147,213
3891329,183,145,227
3891430,184,152,233
3891531,182,133,220
3891631,190,158,234
3891732,206,178,236
3891832,236,196,260
3891932,255,224,279
3892033,261,228,314
3892134,271,237,311
3892235,271,222,322
3892336,272,236,316
3892437,273,234,305
3892538,271,235,317
3892638,269,227,296
3892738,268,235,302
3892839,265,253,298
3892940,268,232,308
3893041,264,212,305
3893142,262,227,292
3893242,264,226,309
3893342,266,230,297
3893443,265,222,318
3893543,263,225,302
3893643,264,215,294
3893743,264,212,285
3893843,260,239,304
3893943,263,226,298
3894044,263,219,294
3894144,260,220,289
3894244,260,212,303
3894345,258,217,307
3894446,258,226,287
3894546,258,221,293
3894647,259,230,294
3894747,260,210,286
3894847,259,226,295
3894948,257,212,306
3895048,260,224,303
3895149,262,226,276
3895249,264,208,294
3895349,263,224,317
3895449,264,221,300
3895550,262,216,294
3895650,260,216,302
3895751,259,225,295
3895851,259,230,295
3895952,262,226,282
3896053,260,228,300
3896154,257,222,292
3896255,256,209,281
3896355,256,219,303
3896456,257,228,296
3896556,255,217,269
3896657,253,211,290
3896757,253,208,284
3896858,252,207,287
3896959,252,205,280
3897059,252,209,282
3897160,254,224,277
3897261,250,212,284
3897362,248,195,287
3897463,250,216,300
3897564,258,218,297
3897665,267,231,307
3897765,283,256,316
3897866,295,244,324
3897967,315,286,342
3898067,329,298,363
3898167,331,293,362
3898267,342,314,372
3898368,331,299,368
3898469,330,297,383
3898570,331,288,378
3898670,327,298,352
3898771,324,283,370
3898871,323,291,356
3898971,323,284,354
3899071,324,285,366
3899171,327,286,363
3899272,325,286,367
3899373,330,282,354
3899473,327,284,371
3899574,330,291,373
3899675,330,305,361
3899776,331,287,373
3899877,332,302,370
3899977,332,300,379
3900078,331,270,361
3900179,331,293,368
3900280,332,293,373
3900380,336,300,365
3900481,334,278,380
3900581,337,294,375
3900682,338,307,374
3900782,339,308,378
3900883,338,297,360
3900984,336,299,367
3901084,336,285,373
3901184,338,291,379
3901285,340,293,383
3901386,343,306,373
3901487,345,297,384
3901588,342,305,376
3901688,341,290,380
3901788,338,301,380
3901888,342,314,396
3901988,346,312,397
3902089,346,311,390
3902189,346,312,373
3902290,348,315,401
3902391,347,303,394
3902492,347,302,384
3902593,346,302,381
3902693,345,311,389
3902793,344,305,383
3902894,346,327,391
3902994,344,299,384
3903095,346,289,379
3903195,349,299,386
3903295,348,322,378
3903396,350,299,392
3903497,351,310,381
3903597,349,311,393
3903698,351,323,390
3903798,349,314,387
3903898,349,312,385
3903999,348,303,388
3904099,350,313,369
3904199,348,305,387
3904300,350,299,386
3904400,351,298,389
3904500,347,306,387
3904601,346,315,385
3904702,348,299,396
3904803,346,314,387
3904904,344,312,398
3905005,347,298,379
3905106,350,311,378
3905207,352,299,395
3905308,353,308,393
3905408,362,324,405
3905508,368,332,404
3905609,382,345,419
3905710,393,352,436
3905811,401,372,450
3905912,411,382,437
3906012,421,387,461
3906112,426,385,463
3906212,430,397,449
3906312,422,388,459
3906413,420,390,452
3906513,418,376,444
3906614,422,375,462
3906714,428,370,455
3906815,430,399,461
3906915,426,372,468
3907015,415,376,439
3907116,407,371,459
3907216,408,379,456
3907317,412,370,452
3907418,418,378,444
3907518,409,371,440
3907619,403,360,436
3907720,411,379,448
3907820,417,361,439
3907921,411,373,435
3908022,404,372,442
3908123,414,375,449
3908224,421,373,448
3908325,426,372,474
3908426,427,386,474
3908526,420,353,457
3908627,409,378,451
3908727,415,375,455
3908828,415,374,446
3908928,415,372,463
3909028,417,378,449
3909128,410,376,457
3909228,418,395,467
3909329,417,383,461
3909430,413,383,448
3909531,424,382,461
3909631,416,374,457
3909732,421,382,460
3909833,428,390,485
3909933,432,378,457
3910034,438,400,464
3910134,440,409,483
3910235,440,391,473
3910335,438,406,485
3910435,440,399,485
3910535,440,398,492
3910636,438,408,490
3910736,435,397,479
3910837,438,409,467
3910937,439,388,475
3911038,443,416,472
3911138,446,410,487
3911239,438,401,493
3911339,439,391,484
3911440,440,384,474
3911540,437,403,474
3911640,433,383,476
3911741,434,391,481
3911841,429,397,479
3911942,424,381,466
3912043,421,381,460
3912143,417,362,445
3912244,416,387,461
3912344,423,389,453
3912444,423,373,449
3912545,429,378,482
3912646,428,376,464
3912746,429,395,469
3912847,279,240,323
3912947,114,75,158
3913048,24,0,61
3913148,3,0,19
3913249,0,0,12
3913350,0,0,15
3913450,0,0,10
3913550,0,0,10
3913651,0,0,14
3913751,0,0,14
3913851,0,0,36
3913952,0,0,18
3914053,0,0,10
3914154,0,0,20
3914255,1,0,29
3914356,0,0,34
3914457,1,0,38
3914558,1,0,17
3914659,1,0,24
3914760,0,0,15
3914861,1,0,39
3914962,0,0,14
3915062,0,0,11
3915163,0,0,14
3915263,1,0,24
3915363,1,0,26
3915463,0,0,24
3915563,1,0,17
3915663,1,0,17
3915764,1,0,13
3915864,1,0,19
3915965,0,0,25
3916066,0,0,19
3916167,0,0,11
3916268,0,0,24
3916369,0,0,10
3916469,1,0,14
3916570,1,0,23
3916670,0,0,27
3916771,1,0,23
3916871,0,0,14
3916971,1,0,12
3917071,0,0,19
3917172,0,0,12
3917273,0,0,16
3917374,0,0,24
3917475,0,0,21