Sensor RM 

300g,600g,900g,1200g,1500g,2000g,2900g

Test1:
22756,0,0,36
22856,1,0,24
22956,1,0,17
23056,1,0,32
23156,0,0,33
23256,1,0,31
23357,1,0,28
23458,1,0,33
23558,1,0,29
23658,0,0,20
23758,1,0,36
23859,1,0,29
23959,1,0,26
24059,1,0,40
24159,1,0,29
24259,1,0,20
24359,0,0,26
24459,1,0,35
24559,0,0,18
24659,0,0,28
24759,1,0,24
24859,1,0,31
24959,1,0,22
25060,1,0,29
25161,1,0,24
25261,0,0,29
25361,0,0,24
25461,0,0,32
25561,1,0,16
25661,1,0,22
25761,1,0,22
25862,0,0,18
25962,0,0,29
26062,1,0,16
26162,1,0,24
26262,1,0,24
26362,1,0,17
26462,1,0,21
26563,1,0,33
26663,0,0,27
26764,1,0,20
26864,1,0,34
26964,1,0,26
27064,1,0,24
27164,0,0,17
27264,1,0,27
27365,0,0,34
27465,1,0,20
27565,1,0,30
27665,0,0,23
27765,1,0,26
27866,0,0,20
27966,0,0,20
28066,0,0,20
28166,1,0,17
28266,0,0,28
28366,1,0,27
28466,0,0,17
28566,1,0,27
28666,1,0,30
28766,1,0,20
28866,1,0,25
28966,1,0,31
29066,1,0,25
29166,1,0,31
29266,0,0,28
29367,1,0,20
29468,1,0,22
29568,0,0,23
29669,1,0,30
29769,0,0,19
29869,0,0,33
29969,0,0,23
30069,1,0,21
30169,1,0,25
30269,1,0,21
30369,1,0,22
30469,1,0,27
30569,1,0,33
30669,0,0,26
30769,1,0,31
30869,1,0,19
30969,1,0,34
31070,0,0,24
31171,0,0,34
31271,1,0,21
31372,1,0,29
31472,1,0,16
31572,1,0,33
31672,0,0,27
31772,1,0,37
31872,1,0,22
31973,0,0,27
32073,1,0,39
32173,1,0,32
32273,0,0,24
32373,1,0,34
32473,0,0,40
32573,1,0,15
32673,1,0,25
32773,1,0,26
32873,1,0,25
32974,1,0,29
33074,1,0,21
33175,1,0,31
33276,0,0,37
33376,0,0,24
33477,4,0,37
33577,2,0,20
33677,2,0,26
33778,3,0,33
33878,2,0,32
33978,3,0,28
34078,3,0,30
34178,3,0,33
34278,3,0,34
34378,3,0,28
34479,2,0,37
34579,2,0,52
34679,3,0,20
34780,2,0,27
34880,3,0,30
34980,2,0,30
35080,3,0,26
35180,3,0,45
35280,2,0,27
35380,3,0,31
35480,3,0,39
35580,3,0,43
35680,2,0,34
35780,3,0,26
35880,2,0,37
35980,2,0,34
36080,4,0,35
36180,4,0,27
36280,3,0,28
36381,4,0,27
36482,3,0,22
36582,3,0,29
36683,3,0,37
36783,3,0,25
36883,3,0,29
36984,2,0,26
37084,3,0,32
37184,4,0,29
37285,2,0,30
37385,3,0,33
37485,3,0,31
37585,2,0,20
37685,3,0,44
37785,3,0,28
37885,3,0,20
37986,3,0,30
38086,2,0,24
38186,3,0,26
38286,2,0,30
38386,1,0,24
38487,3,0,36
38587,3,0,25
38687,3,0,28
38787,3,0,32
38888,4,0,40
38988,3,0,34
39088,3,0,29
39188,2,0,35
39288,3,0,29
39388,3,0,39
39488,3,0,39
39588,4,0,40
39688,6,0,41
39788,12,0,50
39888,21,0,55
39988,33,17,77
40088,49,17,93
40189,64,38,104
40289,77,39,117
40389,84,74,125
40490,92,70,136
40590,94,57,147
40690,87,56,131
40791,88,55,135
40891,90,51,143
40991,93,62,134
41091,93,55,136
41192,92,47,139
41292,90,51,142
41392,87,49,127
41492,88,64,128
41592,89,54,134
41692,85,56,141
41793,84,40,131
41893,86,60,127
41993,84,40,127
42093,90,57,137
42194,90,58,131
42295,89,58,125
42395,89,50,141
42495,87,35,123
42596,86,60,135
42696,88,51,128
42796,89,63,132
42897,88,55,132
42997,87,58,138
43097,90,69,136
43198,89,55,145
43298,94,54,134
43398,95,71,137
43499,100,47,143
43599,90,61,138
43699,90,66,136
43799,84,44,131
43900,88,47,129
44000,92,61,141
44100,88,59,138
44200,89,47,135
44300,83,44,129
44400,89,57,140
44500,88,61,139
44600,86,47,138
44700,89,30,129
44800,86,52,135
44901,84,28,120
45001,86,55,137
45101,94,63,139
45201,96,58,144
45301,96,63,141
45401,98,63,150
45501,97,51,133
45601,98,61,141
45701,96,52,143
45801,94,42,142
45902,96,56,142
46003,99,68,148
46104,99,81,152
46204,100,44,143
46305,95,59,144
46406,95,65,136
46507,93,68,139
46607,95,58,143
46707,102,66,139
46807,104,77,145
46907,108,72,157
47007,115,82,162
47107,122,74,169
47207,130,110,174
47307,136,95,180
47407,145,111,186
47507,148,117,197
47607,157,122,209
47707,162,123,206
47807,163,127,209
47907,163,134,202
48007,157,123,198
48107,159,105,209
48207,160,119,198
48307,161,131,198
48407,160,121,206
48507,163,138,209
48608,165,128,211
48708,169,120,219
48809,169,128,216
48909,165,131,209
49010,166,135,206
49111,163,128,214
49211,161,126,208
49311,162,116,215
49411,159,121,206
49511,160,121,206
49611,162,114,205
49712,164,139,205
49812,165,129,203
49912,164,146,213
50012,166,134,208
50112,166,133,208
50212,166,122,211
50312,164,113,211
50412,159,108,216
50512,160,129,211
50612,159,123,206
50713,158,122,198
50813,159,120,222
50913,159,118,209
51013,161,118,216
51113,160,121,204
51213,164,128,209
51313,165,112,210
51413,164,135,210
51513,161,117,204
51613,162,125,205
51713,164,135,205
51814,164,123,210
51914,166,127,214
52014,165,125,219
52114,166,130,211
52214,167,121,211
52314,167,128,229
52415,168,119,219
52515,167,126,222
52615,167,127,211
52715,167,134,218
52815,168,131,211
52915,164,140,214
53015,164,130,212
53115,164,129,212
53215,162,122,201
53316,162,123,209
53416,163,121,202
53517,163,115,208
53618,162,105,211
53718,160,120,203
53818,161,105,206
53919,164,131,210
54020,164,132,213
54120,164,112,219
54220,161,123,196
54320,161,130,206
54420,163,126,212
54521,161,133,206
54622,159,122,209
54722,162,136,211
54822,161,112,214
54922,166,143,209
55022,167,128,216
55122,168,116,213
55222,170,118,211
55323,168,123,221
55424,167,138,213
55525,165,134,209
55626,164,134,209
55726,165,131,226
55826,168,133,211
55926,169,128,214
56026,168,124,225
56126,166,112,218
56226,167,126,206
56327,170,121,214
56427,171,150,218
56527,171,132,221
56628,170,133,216
56728,170,143,210
56828,171,135,224
56928,169,123,214
57028,172,131,217
57128,174,138,215
57228,174,122,230
57328,175,123,220
57428,175,131,209
57528,169,148,232
57628,170,141,218
57728,178,130,220
57829,191,152,235
57929,195,149,250
58029,211,176,258
58130,221,179,259
58231,230,182,278
58331,238,199,285
58431,248,212,283
58531,257,210,303
58631,258,222,302
58731,260,232,303
58831,261,221,315
58931,262,235,314
59031,264,223,319
59132,265,219,316
59232,267,221,318
59333,270,249,321
59433,270,241,319
59533,271,236,315
59633,270,232,320
59733,264,216,315
59833,266,230,317
59934,267,237,319
60034,265,208,320
60134,268,236,305
60234,269,236,318
60334,273,234,329
60434,274,226,315
60535,272,217,321
60635,274,236,329
60735,273,233,320
60835,269,208,316
60935,270,219,315
61035,270,219,313
61135,267,232,319
61235,265,243,312
61335,268,229,312
61435,267,232,319
61535,268,224,312
61636,269,214,308
61736,263,229,307
61836,260,223,309
61936,257,214,310
62036,263,227,313
62137,264,234,310
62237,266,239,312
62337,263,218,304
62437,260,227,316
62537,259,221,299
62637,261,226,305
62737,259,226,316
62837,259,227,307
62937,257,221,302
63038,258,215,321
63138,259,219,309
63239,264,225,316
63339,263,216,316
63439,268,233,313
63540,265,233,316
63641,268,243,309
63741,273,242,310
63841,272,240,307
63941,270,230,319
64041,266,219,316
64141,264,220,314
64241,263,220,315
64342,263,225,306
64442,265,211,323
64542,267,237,324
64642,261,230,306
64742,259,232,301
64842,266,214,316
64943,262,207,300
65044,263,221,307
65144,266,213,315
65245,269,237,314
65345,269,236,319
65446,271,240,327
65546,269,224,318
65646,267,234,307
65746,265,224,309
65846,263,220,304
65946,260,229,308
66046,260,218,315
66147,259,223,310
66247,261,224,316
66347,262,215,311
66447,263,221,312
66547,263,221,320
66648,269,226,317
66748,266,228,306
66849,264,233,320
66949,261,205,301
67049,258,215,310
67149,254,208,304
67249,254,222,299
67349,256,215,309
67449,257,215,304
67549,256,220,308
67649,253,214,308
67749,255,205,288
67850,262,225,306
67951,263,221,317
68051,260,218,319
68151,261,239,307
68251,262,224,311
68351,266,229,313
68451,264,227,308
68551,264,223,315
68651,263,219,318
68751,264,225,296
68851,270,234,316
68952,277,237,331
69052,286,243,331
69152,295,253,341
69252,304,273,364
69352,315,270,365
69453,322,279,380
69553,328,285,374
69653,331,296,382
69753,330,276,375
69854,333,294,380
69954,331,285,376
70054,332,294,387
70154,331,292,390
70254,330,281,374
70354,332,302,376
70455,331,284,371
70556,324,291,374
70656,323,281,374
70756,323,282,364
70856,326,289,374
70956,324,290,366
71056,319,270,365
71156,325,273,370
71256,326,294,372
71356,328,285,375
71456,328,291,372
71556,331,291,377
71656,331,285,381
71757,334,296,391
71857,331,292,377
71957,328,280,383
72057,328,281,386
72157,333,298,382
72257,329,279,373
72357,324,307,382
72457,325,285,377
72557,327,279,376
72658,325,270,372
72758,323,282,363
72858,322,274,370
72959,322,280,362
73059,327,279,367
73159,331,288,376
73260,327,289,376
73361,332,295,380
73461,331,284,379
73561,327,291,370
73661,328,294,368
73761,331,287,376
73861,331,292,379
73961,331,288,371
74062,330,289,374
74162,324,284,372
74263,325,286,375
74363,326,302,376
74463,325,297,377
74563,326,282,369
74663,323,280,367
74763,323,284,363
74863,325,294,373
74963,320,287,369
75063,324,276,377
75163,321,286,362
75263,324,270,369
75363,326,282,376
75463,325,300,381
75563,324,296,378
75663,323,299,373
75763,324,270,374
75863,325,283,373
75963,325,289,371
76063,326,286,371
76163,327,293,373
76263,326,290,387
76363,324,299,364
76463,325,286,383
76563,328,295,372
76663,331,287,387
76763,331,288,388
76863,333,286,376
76963,335,298,390
77063,333,283,387
77163,336,300,383
77264,334,291,383
77365,331,282,375
77465,331,289,382
77565,330,293,375
77665,331,287,378
77765,329,295,373
77865,328,298,381
77966,326,276,366
78067,332,292,382
78167,332,311,387
78267,332,305,390
78368,331,282,372
78468,327,270,377
78568,328,284,375
78669,328,296,370
78770,327,289,386
78871,331,278,384
78971,332,288,379
79071,332,286,378
79171,328,291,376
79272,331,288,374
79373,335,287,385
79473,332,283,389
79573,328,277,376
79673,328,291,384
79773,336,283,378
79874,332,311,374
79975,333,295,375
80075,344,319,396
80175,360,323,407
80275,377,320,425
80376,390,356,446
80477,402,366,457
80577,407,368,452
80677,401,353,454
80777,400,348,455
80878,400,358,449
80978,401,373,446
81078,397,366,443
81179,395,353,446
81279,395,339,448
81380,401,373,445
81480,400,350,442
81580,401,364,443
81680,396,365,441
81780,399,358,455
81881,397,358,437
81981,398,366,436
82081,390,348,446
82181,395,374,453
82281,397,355,437
82381,396,372,442
82481,397,360,449
82581,397,362,441
82681,400,366,449
82781,401,369,440
82882,397,362,455
82983,394,366,443
83083,399,365,450
83183,397,361,460
83283,399,359,453
83383,396,357,438
83483,400,359,445
83583,404,371,450
83683,401,360,448
83784,400,369,447
83884,405,385,453
83984,406,356,456
84085,402,363,450
84185,402,370,452
84286,406,354,451
84386,405,351,455
84486,404,361,447
84586,406,368,457
84687,408,366,455
84787,409,367,454
84887,406,379,452
84987,407,368,454
85088,407,370,450
85188,411,374,460
85289,411,371,466
85389,409,360,448
85489,409,358,457
85589,411,367,467
85690,412,366,457
85790,409,373,450
85890,409,365,462
85990,411,365,449
86090,412,378,467
86190,413,366,456
86290,413,360,462
86390,412,365,453
86491,413,376,461
86591,408,356,461
86691,408,374,464
86791,407,366,450
86891,405,356,466
86991,407,342,453
87091,398,339,436
87191,400,362,450
87291,398,365,446
87391,400,362,445
87492,395,359,443
87592,390,337,435
87692,392,356,439
87792,411,387,457
87893,433,385,484
87993,458,404,512
88094,484,449,539
88194,509,469,554
88294,525,497,573
88394,533,482,578
88494,535,516,584
88594,532,489,577
88694,530,490,581
88794,537,498,576
88894,540,491,591
88995,542,512,586
89095,546,505,598
89196,554,518,595
89296,548,511,588
89396,543,501,588
89496,537,500,588
89597,543,497,592
89697,538,501,584
89797,538,489,582
89898,534,492,583
89998,533,505,596
90098,535,501,579
90199,543,508,588
90299,541,504,593
90399,540,505,588
90499,535,506,587
90599,531,482,579
90699,534,488,584
90799,531,512,576
90899,529,490,573
91000,526,488,580
91100,532,480,582
91200,527,488,581
91300,531,499,582
91400,527,472,578
91500,527,474,581
91600,528,486,575
91700,533,503,584
91800,536,480,580
91900,527,489,577
92000,520,484,569
92100,519,477,565
92200,516,486,568
92300,517,488,568
92401,523,485,571
92502,524,489,577
92602,523,482,575
92702,525,482,567
92802,527,491,578
92903,525,475,568
93003,521,495,567
93104,524,489,579
93204,525,492,579
93304,535,504,582
93404,537,494,590
93505,533,477,585
93605,532,500,580
93705,530,496,574
93805,529,500,572
93905,529,490,580
94005,527,511,574
94105,532,495,579
94205,529,474,580
94305,531,493,587
94405,524,463,578
94505,527,487,574
94605,519,486,564
94705,516,470,569
94805,520,487,571
94905,517,482,561
95005,525,485,574
95105,519,479,573
95206,539,494,584
95306,551,510,596
95406,573,529,622
95506,587,548,636
95606,610,571,658
95706,637,590,675
95807,658,624,700
95907,689,654,740
96008,726,704,772
96108,753,722,806
96208,763,716,806
96309,772,732,816
96409,773,724,818
96509,744,717,789
96609,760,731,814
96709,766,724,818
96810,758,724,805
96910,764,740,817
97010,773,726,831
97110,779,736,835
97210,787,752,836
97310,776,733,829
97410,788,757,831
97510,782,728,827
97611,778,757,835
97711,784,749,836
97811,771,728,813
97911,768,721,818
98012,771,718,823
98112,775,728,822
98212,784,745,826
98312,787,750,829
98412,790,747,835
98512,794,759,832
98612,783,747,828
98712,795,755,846
98812,803,761,852
98912,799,770,852
99012,800,752,851
99113,789,737,832
99213,791,742,837
99313,785,736,826
99413,791,747,845
99513,784,737,830
99613,796,750,850
99713,790,759,840
99813,787,743,833
99914,779,727,834
100014,772,735,816
100114,775,743,818
100214,778,749,828
100314,774,735,819
100414,788,745,825
100514,800,759,852
100614,794,756,837
100714,803,752,845
100814,787,761,834
100915,783,739,834
101015,781,740,829
101115,774,740,822
101216,778,733,827
101316,768,718,823
101416,766,732,813
101516,771,736,817
101616,777,727,832
101717,779,734,824
101818,783,733,846
101918,784,748,830
102018,762,721,805
102118,720,619,821
102218,387,193,1162
102318,92,0,1076
102418,8,0,39
102518,3,0,29
102618,3,0,34
102718,2,0,28
102818,0,0,17
102918,0,0,24
103019,0,0,19
103119,0,0,24
103219,0,0,27
103319,0,0,18
103419,0,0,25
103519,0,0,31
103619,0,0,17
103719,0,0,14
103820,1,0,25
103920,0,0,20
104021,0,0,28
104121,1,0,27
104221,1,0,32
104321,1,0,40
104421,0,0,38
104521,0,0,22
104621,1,0,20
104721,1,0,25
104821,0,0,33
104921,0,0,29
105021,1,0,33
105121,1,0,17
105221,1,0,30
105321,1,0,23
105421,0,0,29
105521,1,0,21
105621,0,0,31
105722,0,0,22
105822,0,0,28
105923,0,0,22
106023,0,0,27
106123,1,0,28
106223,0,0,26
106323,0,0,27
106424,0,0,12
106525,0,0,18
106626,1,0,31
106726,0,0,28
106826,0,0,19
106926,0,0,30
107027,0,0,30
107128,1,0,35
107228,0,0,29
107328,0,0,22
107428,1,0,27
107528,0,0,15
107628,0,0,28
107728,1,0,27
107828,0,0,24
107928,0,0,35
108028,0,0,18
108128,0,0,17
108228,0,0,19
108328,0,0,24
108428,0,0,23
108528,0,0,26
108628,0,0,36
108728,0,0,26
108828,0,0,24
108929,0,0,23
109029,0,0,32
109129,1,0,31
109229,0,0,25
109329,0,0,26
109429,0,0,33
109529,1,0,25
109629,1,0,26
109730,1,0,23
109831,0,0,26
109931,0,0,21
110032,0,0,18
110132,0,0,22
110232,1,0,17
110332,1,0,25
110432,0,0,25
110533,0,0,18
110633,0,0,27
110733,0,0,16
110834,0,0,26
110935,0,0,33
111035,1,0,33
111135,0,0,19
111235,0,0,23
111335,0,0,33
111435,0,0,26
111535,1,0,34
111635,1,0,21
111735,0,0,26
111835,0,0,18
111935,0,0,20
112035,0,0,26
112135,1,0,16
112236,0,0,23
112336,0,0,24
112436,0,0,23
112536,1,0,22
112636,0,0,30
112736,0,0,17
112836,0,0,18
112936,0,0,27
113036,0,0,25
113136,0,0,35
113236,0,0,24
113336,0,0,20
113436,1,0,20
113536,1,0,24
113636,0,0,27
113736,0,0,16
113836,0,0,24
113936,0,0,19
114036,1,0,30
114137,0,0,22
114237,0,0,39

Test2:
211848,1,0,25
211948,1,0,23
212049,1,0,24
212149,1,0,32
212249,0,0,26
212349,1,0,23
212450,1,0,18
212550,1,0,23
212651,1,0,21
212752,1,0,22
212852,0,0,25
212952,1,0,17
213052,1,0,32
213152,1,0,26
213252,1,0,33
213353,1,0,28
213453,0,0,20
213554,1,0,25
213654,1,0,24
213754,1,0,32
213854,1,0,32
213954,1,0,32
214054,1,0,30
214155,0,0,20
214255,1,0,29
214356,0,0,22
214456,1,0,22
214556,1,0,29
214656,1,0,24
214756,0,0,25
214856,0,0,26
214956,1,0,32
215056,1,0,22
215156,1,0,24
215256,1,0,32
215357,1,0,25
215457,1,0,25
215557,0,0,22
215657,1,0,24
215757,0,0,22
215857,0,0,24
215957,1,0,35
216057,0,0,26
216157,1,0,34
216258,1,0,19
216358,0,0,19
216459,0,0,37
216560,1,0,32
216660,0,0,24
216760,1,0,31
216860,1,0,23
216960,1,0,22
217060,1,0,28
217161,1,0,29
217261,1,0,25
217361,1,0,25
217461,0,0,36
217561,0,0,20
217661,1,0,39
217761,1,0,30
217861,0,0,26
217961,1,0,24
218061,1,0,24
218161,0,0,23
218261,1,0,37
218362,1,0,26
218462,1,0,25
218562,0,0,24
218662,0,0,23
218763,0,0,18
218863,1,0,31
218963,1,0,35
219063,1,0,28
219163,0,0,28
219263,1,0,22
219363,0,0,20
219463,1,0,29
219563,0,0,29
219663,1,0,27
219763,1,0,33
219863,1,0,22
219963,1,0,33
220063,0,0,26
220163,1,0,26
220263,1,0,34
220364,1,0,32
220464,1,0,29
220564,1,0,26
220664,1,0,32
220764,0,0,30
220864,1,0,24
220964,1,0,23
221064,1,0,16
221164,1,0,39
221264,1,0,23
221365,1,0,31
221465,1,0,33
221565,1,0,33
221665,0,0,22
221765,1,0,25
221865,1,0,30
221965,0,0,24
222066,1,0,37
222166,1,0,21
222266,1,0,31
222366,1,0,28
222466,1,0,19
222566,1,0,30
222666,1,0,20
222766,2,0,25
222866,3,0,30
222966,2,0,32
223066,3,0,29
223166,3,0,32
223266,3,0,28
223366,3,0,29
223466,2,0,31
223566,2,0,28
223666,3,0,34
223766,2,0,25
223866,3,0,23
223966,3,0,41
224066,3,0,28
224167,3,0,31
224267,3,0,29
224367,3,0,20
224467,2,0,24
224567,3,0,33
224667,2,0,29
224767,3,0,31
224867,3,0,28
224967,3,0,33
225067,3,0,33
225167,2,0,28
225267,3,0,36
225368,3,0,32
225468,3,0,40
225568,3,0,30
225668,3,0,39
225769,2,0,23
225869,4,0,34
225969,3,0,30
226070,3,0,30
226170,3,0,32
226271,4,0,33
226371,2,0,28
226471,2,0,24
226572,2,0,41
226672,3,0,26
226772,3,0,22
226873,3,0,33
226973,5,0,28
227073,6,0,30
227173,15,0,47
227273,23,4,60
227373,29,3,73
227473,41,13,76
227573,50,12,94
227673,61,24,111
227773,70,52,112
227873,73,51,116
227973,83,54,140
228073,85,54,136
228173,87,48,127
228273,90,49,142
228373,86,50,138
228474,90,55,142
228574,92,57,146
228674,92,55,137
228775,90,68,138
228875,87,52,139
228975,85,62,135
229075,83,48,127
229175,83,57,128
229276,83,41,144
229376,87,65,130
229476,91,60,133
229577,90,62,131
229677,89,63,133
229777,89,51,129
229877,91,66,138
229977,92,42,132
230077,91,42,136
230177,92,48,138
230277,87,49,131
230377,88,36,135
230477,90,56,134
230578,89,54,132
230678,91,47,142
230778,90,49,146
230878,92,58,144
230979,93,73,142
231079,93,64,134
231179,95,55,140
231279,89,58,129
231379,88,44,128
231479,82,54,140
231579,77,55,114
231679,79,51,120
231779,85,59,144
231879,85,68,131
231979,85,56,132
232079,86,45,128
232180,82,52,121
232280,83,58,127
232380,83,42,126
232480,83,52,125
232580,84,64,134
232680,84,58,119
232780,79,41,124
232880,78,36,122
232980,77,40,134
233080,81,37,125
233180,83,48,122
233280,81,29,129
233380,85,46,136
233480,83,61,134
233580,88,41,125
233681,88,36,138
233781,89,40,137
233882,91,58,133
233983,96,63,142
234083,97,68,135
234183,96,57,143
234283,94,59,142
234383,92,53,130
234483,97,61,143
234583,96,53,147
234683,93,55,126
234783,93,51,139
234883,86,51,119
234983,92,60,135
235084,98,54,140
235184,106,70,148
235284,111,78,163
235384,119,78,166
235484,128,90,176
235584,137,90,191
235684,141,112,193
235784,150,94,201
235885,154,108,205
235986,161,138,210
236086,162,108,207
236186,155,128,208
236286,156,101,209
236386,156,123,193
236486,158,137,201
236586,157,127,211
236686,157,128,213
236786,159,125,196
236886,159,119,209
236986,162,120,218
237086,164,127,219
237186,162,128,210
237286,162,128,211
237386,162,129,221
237487,160,119,206
237588,160,124,201
237688,163,137,208
237788,162,114,224
237888,164,134,204
237988,162,125,204
238088,160,127,208
238188,161,119,206
238288,164,121,212
238388,161,126,217
238488,163,120,206
238588,161,119,204
238688,165,141,210
238788,164,113,216
238888,162,127,210
238988,163,111,202
239088,164,115,205
239189,164,144,207
239289,163,129,215
239389,161,110,221
239489,157,122,200
239590,155,113,201
239691,158,130,205
239792,157,106,210
239892,158,121,207
239992,161,107,208
240092,160,119,210
240193,157,128,200
240293,159,111,204
240393,155,120,203
240493,157,118,204
240594,157,117,204
240694,157,142,196
240794,155,125,197
240894,155,120,203
240994,158,131,198
241094,157,117,206
241194,157,109,199
241294,158,125,201
241394,157,108,198
241494,157,121,208
241594,158,104,200
241695,162,120,225
241796,162,142,206
241896,163,131,206
241996,164,129,200
242096,164,130,201
242196,164,123,211
242296,164,133,205
242396,165,136,213
242496,170,124,213
242596,170,141,218
242696,170,148,212
242796,171,147,218
242896,167,137,212
242997,165,126,213
243097,168,135,222
243197,170,124,214
243297,169,128,216
243397,165,131,214
243497,162,137,209
243598,165,131,209
243698,162,130,206
243798,158,119,201
243898,161,133,212
243998,169,136,205
244098,176,143,223
244198,184,155,226
244298,198,154,248
244399,204,170,251
244499,218,185,272
244599,225,177,264
244699,235,206,286
244799,242,210,298
244899,240,197,284
245000,244,206,297
245100,245,201,293
245200,243,206,294
245300,241,207,285
245400,242,206,287
245500,245,208,285
245600,241,187,286
245700,242,205,290
245800,243,195,286
245900,243,208,297
246000,242,190,291
246100,245,188,296
246200,245,200,287
246300,245,208,295
246400,240,203,288
246501,239,204,282
246601,239,175,286
246701,241,196,288
246801,239,193,282
246901,240,204,283
247002,238,195,280
247102,236,186,288
247202,238,200,282
247302,236,194,281
247402,236,203,283
247502,240,208,293
247602,242,203,290
247703,244,202,296
247804,243,216,293
247905,245,201,289
248005,248,202,297
248105,244,200,299
248205,244,199,291
248305,242,203,299
248406,244,187,292
248506,247,207,292
248607,240,204,285
248707,242,201,294
248807,240,205,294
248908,236,192,284
249009,234,199,278
249109,231,186,282
249209,232,191,281
249309,234,190,287
249409,233,197,277
249509,235,193,287
249609,237,190,284
249710,237,200,286
249810,237,187,287
249910,234,182,281
250011,236,198,287
250111,237,203,287
250212,237,194,273
250312,238,190,283
250412,239,196,288
250512,242,201,294
250612,240,196,293
250713,238,184,284
250814,239,190,284
250914,239,205,278
251014,240,185,293
251114,238,192,279
251214,241,211,293
251314,238,192,286
251415,239,194,281
251515,240,186,284
251616,237,204,285
251716,237,204,284
251817,237,208,285
251917,238,202,285
252018,237,209,295
252118,238,203,285
252218,239,182,283
252319,241,216,290
252420,239,190,285
252520,238,186,281
252620,238,194,284
252720,237,201,279
252821,237,192,291
252921,239,195,289
253021,241,210,291
253121,241,206,289
253222,239,199,285
253322,245,205,297
253422,249,208,303
253522,258,231,308
253622,266,232,312
253722,271,233,308
253822,279,243,333
253922,290,235,340
254022,300,268,356
254122,306,267,357
254222,311,274,362
254322,316,274,361
254422,321,287,366
254522,320,290,362
254622,326,286,367
254722,328,287,372
254822,330,299,370
254922,332,318,373
255022,333,286,378
255122,328,281,375
255222,330,282,381
255322,331,279,382
255422,330,299,391
255523,325,267,375
255623,322,268,372
255723,325,283,363
255823,327,288,381
255923,330,304,380
256023,325,284,371
256124,327,296,371
256224,323,294,370
256325,322,297,380
256425,320,269,373
256525,321,282,361
256625,322,276,361
256725,319,262,366
256825,317,287,365
256925,318,287,369
257025,322,283,365
257125,321,289,384
257225,321,281,363
257325,323,274,361
257425,323,273,380
257525,325,293,370
257625,323,281,378
257725,321,305,366
257825,322,291,365
257925,323,281,369
258026,316,262,360
258126,316,279,361
258227,316,285,359
258327,320,278,377
258427,323,289,367
258527,326,288,383
258627,330,295,379
258727,325,289,371
258827,325,282,375
258927,325,277,370
259028,325,275,375
259128,321,279,361
259228,322,296,372
259328,325,291,371
259428,322,271,363
259528,328,268,384
259629,327,298,373
259729,334,305,389
259829,332,281,386
259929,329,292,374
260029,330,282,376
260129,326,299,380
260229,322,293,368
260330,323,276,376
260430,329,288,388
260531,329,291,373
260631,331,303,383
260731,329,284,382
260831,326,290,373
260931,322,298,382
261031,319,290,374
261131,317,261,364
261231,315,266,363
261331,321,275,365
261431,327,297,368
261531,331,286,388
261631,343,290,401
261731,353,322,396
261831,362,314,405
261931,371,342,416
262031,380,349,431
262131,380,338,431
262231,384,342,432
262331,385,348,433
262431,386,331,441
262531,388,347,443
262631,388,349,448
262732,389,358,442
262832,388,350,438
262932,384,345,438
263033,390,364,439
263134,391,343,441
263234,388,355,444
263334,391,360,447
263434,389,331,437
263534,385,341,429
263634,384,328,421
263734,382,346,442
263834,380,343,427
263934,384,339,442
264034,386,344,440
264134,386,336,433
264234,388,344,443
264334,388,370,438
264434,388,340,435
264534,388,340,433
264635,387,347,443
264735,388,365,431
264835,383,335,428
264936,387,356,424
265036,386,352,425
265136,384,342,425
265236,386,332,427
265336,385,341,427
265436,386,350,435
265536,383,354,436
265636,383,341,422
265736,383,364,432
265836,377,349,424
265936,377,342,425
266036,381,330,448
266136,383,355,431
266236,385,342,441
266336,383,345,430
266436,381,336,435
266536,385,357,437
266636,386,333,443
266736,388,356,430
266836,391,332,440
266936,385,332,442
267036,379,338,430
267136,380,349,431
267236,379,339,433
267336,383,348,424
267436,385,349,425
267536,385,342,432
267636,384,349,430
267736,382,330,428
267837,386,349,433
267937,384,354,438
268037,386,353,431
268137,398,351,450
268237,425,374,473
268337,439,414,482
268437,459,409,514
268537,472,434,524
268637,502,452,546
268737,513,471,565
268837,521,480,568
268937,517,476,574
269037,523,478,572
269137,524,482,573
269237,515,477,568
269337,504,459,554
269437,501,454,541
269537,501,446,556
269637,503,459,551
269737,500,456,558
269837,503,461,543
269937,501,465,541
270037,504,468,552
270137,502,461,543
270237,502,468,545
270337,497,467,559
270437,493,446,541
270537,493,453,540
270637,494,455,540
270737,494,445,551
270837,494,467,547
270937,496,457,544
271037,502,463,548
271138,503,472,546
271238,493,447,545
271339,497,452,557
271439,503,471,545
271539,498,439,549
271640,492,456,548
271740,494,469,549
271840,496,452,541
271941,496,451,544
272041,496,450,544
272141,498,442,566
272241,505,460,548
272341,507,462,553
272442,517,477,569
272542,519,484,567
272643,512,474,562
272743,509,469,555
272843,511,477,555
272944,516,474,559
273044,509,456,564
273144,514,469,565
273244,517,475,569
273344,513,476,556
273444,523,493,564
273544,514,462,567
273644,509,463,552
273744,508,469,561
273844,515,479,566
273944,510,464,554
274044,510,465,557
274144,513,479,556
274244,512,471,562
274345,518,472,558
274445,530,492,578
274545,525,492,578
274645,524,475,579
274745,522,487,573
274846,519,485,570
274946,519,480,565
275046,520,484,572
275146,528,471,572
275246,522,492,565
275346,521,469,572
275446,512,484,563
275546,513,449,569
275646,504,465,555
275746,503,468,553
275846,497,469,548
275947,493,452,534
276048,503,474,554
276148,507,467,548
276249,511,480,570
276349,510,476,557
276449,508,470,563
276549,512,487,564
276649,514,475,560
276750,521,482,575
276850,521,463,569
276950,533,491,582
277050,552,508,603
277151,590,546,647
277251,638,600,676
277351,675,638,730
277451,712,693,760
277551,741,710,789
277651,750,705,798
277751,740,697,788
277851,736,697,787
277951,758,707,800
278051,748,695,806
278151,748,716,805
278252,731,688,778
278352,739,709,783
278452,744,693,785
278553,749,711,793
278653,769,720,827
278754,758,710,798
278854,769,721,810
278954,770,715,824
279054,761,724,815
279154,777,743,830
279254,776,733,822
279355,766,714,814
279455,770,734,818
279555,757,712,807
279656,765,727,812
279756,766,737,817
279856,760,708,817
279956,762,711,805
280056,763,735,810
280156,760,713,799
280256,760,725,812
280356,776,728,822
280456,765,723,813
280556,760,719,802
280656,764,725,820
280756,765,721,826
280856,753,714,794
280956,747,697,794
281056,748,712,790
281156,741,711,789
281256,744,700,781
281356,749,705,794
281456,755,724,815
281556,762,726,813
281656,761,713,816
281757,764,718,821
281857,773,734,823
281957,765,723,813
282058,772,723,819
282159,760,713,812
282260,757,702,797
282360,752,718,798
282460,739,692,782
282560,739,688,794
282660,753,711,802
282760,754,731,793
282861,751,696,791
282961,746,701,801
283061,755,727,805
283161,765,729,816
283261,751,703,804
283361,738,707,795
283461,751,719,812
283561,729,679,775
283661,727,677,774
283761,740,689,782
283861,728,700,774
283962,714,671,763
284062,735,698,777
284162,754,703,803
284262,755,719,794
284363,758,716,823
284463,754,717,798
284563,754,708,805
284664,746,696,792
284764,734,706,784
284864,741,705,786
284964,738,699,784
285064,742,707,789
285164,764,728,806
285264,756,714,811
285364,754,714,803
285464,760,714,802
285564,775,741,824
285665,785,755,827
285765,803,762,850
285865,787,740,838
285965,780,745,828
286065,786,745,832
286166,770,724,819
286266,771,726,829
286366,777,738,835
286466,776,726,824
286566,784,734,841
286666,771,735,824
286767,784,739,841
286867,786,754,824
286967,696,599,794
287067,374,187,1124
287167,89,0,1173
287267,8,0,35
287367,3,0,23
287467,4,0,40
287567,3,0,29
287667,0,0,25
287767,0,0,26
287867,1,0,26
287967,1,0,29
288067,1,0,21
288167,1,0,31
288267,0,0,19
288367,0,0,23
288467,1,0,32
288567,0,0,23
288667,0,0,17
288767,0,0,33
288868,0,0,26
288968,0,0,25
289068,0,0,16
289168,0,0,23
289268,0,0,20
289368,0,0,22
289469,1,0,28
289569,0,0,26
289669,0,0,21
289769,0,0,24
289869,0,0,23
289970,1,0,33
290070,0,0,26
290170,0,0,28
290270,1,0,32
290370,0,0,23
290470,0,0,13
290570,0,0,21
290671,1,0,23
290771,0,0,21
290871,1,0,28
290971,0,0,16
291071,0,0,29
291171,1,0,19
291271,1,0,26
291372,1,0,31
291473,0,0,24
291573,0,0,28
291673,0,0,21
291774,1,0,38
291874,2,0,30
291974,3,0,37
292074,4,0,40
292174,7,0,34
292274,15,0,56
292374,15,0,48
292474,12,0,43
292574,3,0,29
292674,1,0,27
292774,0,0,28
292874,1,0,18
292974,0,0,21
293074,0,0,14
293174,0,0,22
293274,0,0,18
293374,0,0,24
293474,1,0,31
293574,0,0,24
293674,0,0,25
293774,0,0,28
293874,0,0,18
293975,0,0,19
294075,0,0,23
294175,0,0,28
294276,0,0,17
294376,0,0,25
294476,0,0,23
294577,0,0,25
294678,0,0,26
294778,0,0,28
294878,0,0,16
294978,1,0,36
295078,0,0,33
295178,0,0,26
295278,0,0,21
295378,1,0,30
295478,1,0,26
295578,0,0,18
295678,0,0,27
295778,0,0,26
295879,0,0,34
295979,0,0,28
296079,0,0,29
296179,0,0,25
296279,1,0,32
296379,0,0,24
296479,0,0,28
296579,0,0,23
296679,0,0,17
296779,0,0,21
296879,1,0,33
296979,0,0,30
297079,0,0,22
297179,0,0,20
297280,0,0,21
297381,0,0,22
297482,1,0,29
297582,1,0,23
297682,0,0,34
297782,0,0,23
297882,0,0,23
297983,0,0,24
298083,1,0,27
298183,0,0,26
298283,0,0,30
298383,0,0,27
298483,0,0,27

Test3:
385895,1,0,24
385995,1,0,22
386095,1,0,23
386195,1,0,24
386295,1,0,31
386395,1,0,28
386495,0,0,32
386595,1,0,31
386695,1,0,32
386796,1,0,27
386896,1,0,30
386996,1,0,26
387097,1,0,20
387198,0,0,16
387298,1,0,33
387398,1,0,32
387498,1,0,24
387598,1,0,27
387698,1,0,25
387798,1,0,28
387898,1,0,29
387998,1,0,30
388099,1,0,26
388199,1,0,25
388299,1,0,27
388399,1,0,28
388499,1,0,24
388599,1,0,27
388699,1,0,27
388799,0,0,16
388899,1,0,32
388999,1,0,26
389100,1,0,22
389200,0,0,27
389300,0,0,32
389400,1,0,33
389500,1,0,34
389600,1,0,29
389700,0,0,27
389800,0,0,20
389900,1,0,25
390000,1,0,35
390100,1,0,27
390200,1,0,22
390300,1,0,30
390400,0,0,17
390500,0,0,18
390600,1,0,35
390700,1,0,28
390800,0,0,28
390900,1,0,25
391000,0,0,38
391100,0,0,26
391200,1,0,22
391300,1,0,29
391400,1,0,27
391500,0,0,20
391600,1,0,28
391700,0,0,21
391800,1,0,22
391900,1,0,28
392000,1,0,19
392100,1,0,28
392200,1,0,20
392300,1,0,26
392401,1,0,25
392502,0,0,24
392603,1,0,28
392703,0,0,33
392804,0,0,23
392905,1,0,25
393005,1,0,31
393105,1,0,30
393205,1,0,28
393305,1,0,30
393405,1,0,22
393505,1,0,30
393605,1,0,26
393705,1,0,30
393805,0,0,27
393906,1,0,17
394006,0,0,25
394106,1,0,27
394206,0,0,25
394306,0,0,23
394406,1,0,33
394506,1,0,25
394606,0,0,23
394706,1,0,37
394807,1,0,19
394907,1,0,21
395007,1,0,34
395107,1,0,33
395208,0,0,30
395309,1,0,27
395409,1,0,23
395510,1,0,17
395610,1,0,35
395710,0,0,25
395810,0,0,28
395910,1,0,27
396011,1,0,34
396111,1,0,36
396211,0,0,27
396311,1,0,16
396411,1,0,30
396511,0,0,22
396611,1,0,32
396711,1,0,33
396811,1,0,16
396911,1,0,22
397011,1,0,20
397111,1,0,18
397211,1,0,17
397311,1,0,26
397411,1,0,20
397511,1,0,23
397611,1,0,21
397711,0,0,22
397812,1,0,26
397912,1,0,25
398012,1,0,28
398112,0,0,27
398213,1,0,17
398313,3,0,26
398413,2,0,25
398513,3,0,33
398613,4,0,28
398713,3,0,45
398813,3,0,28
398913,3,0,26
399013,3,0,35
399113,4,0,32
399213,2,0,25
399313,3,0,19
399413,2,0,35
399513,3,0,36
399613,3,0,30
399713,3,0,31
399814,3,0,36
399914,3,0,30
400014,3,0,31
400114,3,0,30
400215,3,0,27
400315,3,0,31
400416,1,0,32
400516,3,0,30
400616,3,0,27
400716,5,0,31
400816,3,0,31
400916,3,0,34
401016,3,0,35
401116,3,0,23
401217,3,0,29
401317,4,0,42
401417,2,0,23
401517,2,0,32
401617,4,0,40
401717,3,0,37
401818,4,0,37
401918,2,0,21
402018,3,0,39
402118,3,0,32
402218,4,0,29
402318,3,0,28
402418,4,0,30
402519,3,0,29
402619,2,0,38
402719,3,0,31
402819,4,0,28
402919,3,0,30
403019,2,0,28
403119,3,0,30
403220,3,0,48
403321,2,0,25
403421,2,0,22
403521,3,0,29
403621,3,0,32
403721,4,0,37
403821,3,0,37
403921,3,0,36
404021,2,0,31
404122,3,0,33
404222,3,0,41
404322,3,0,35
404423,3,0,34
404523,4,0,34
404624,3,0,33
404724,3,0,29
404824,3,0,34
404924,3,0,30
405024,3,0,28
405124,4,0,28
405224,3,0,28
405324,3,0,43
405424,3,0,28
405524,10,0,47
405624,14,0,50
405724,18,0,58
405824,25,4,60
405924,37,7,71
406024,47,18,92
406124,55,17,95
406224,67,39,118
406324,69,37,115
406424,76,49,117
406524,82,46,131
406624,87,48,131
406724,92,50,146
406824,83,38,132
406924,83,61,128
407024,80,33,119
407124,78,32,126
407224,79,47,130
407324,79,55,127
407424,80,52,127
407525,82,55,132
407626,85,45,124
407726,85,49,133
407826,83,50,130
407926,83,55,124
408026,84,33,139
408126,86,56,133
408226,82,62,126
408326,82,62,130
408426,84,44,136
408526,88,46,129
408626,89,56,138
408726,89,52,137
408826,89,66,132
408926,90,51,135
409026,91,49,132
409127,86,53,126
409227,81,56,122
409327,83,45,128
409428,88,50,136
409528,91,58,136
409628,91,50,141
409728,95,69,134
409829,93,56,143
409929,93,59,138
410030,89,44,141
410131,86,44,136
410232,85,56,129
410332,84,54,132
410432,85,65,125
410532,86,43,127
410632,86,59,128
410732,85,45,125
410832,84,56,121
410932,85,55,129
411032,82,46,121
411132,81,56,124
411232,81,53,125
411332,86,35,127
411433,88,50,140
411533,91,61,131
411633,90,78,123
411733,87,58,126
411833,87,57,129
411933,85,51,134
412033,88,51,130
412133,85,58,125
412233,84,52,127
412334,83,55,126
412434,82,59,123
412535,85,45,135
412635,85,45,137
412735,86,45,125
412835,86,42,128
412935,86,62,128
413035,89,49,137
413135,89,88,134
413235,90,57,128
413335,88,39,133
413436,90,60,150
413536,90,60,141
413636,90,52,131
413737,92,54,134
413837,94,57,133
413937,91,49,136
414037,88,52,134
414137,90,44,132
414237,88,55,128
414337,90,74,135
414437,89,52,131
414537,85,57,138
414638,87,54,135
414738,88,58,131
414838,89,50,137
414939,94,56,144
415039,100,63,139
415139,107,85,152
415239,118,75,163
415339,128,98,183
415439,137,105,174
415539,148,122,194
415639,155,122,198
415739,156,129,196
415839,162,135,212
415939,165,124,215
416039,164,123,215
416139,164,121,213
416239,163,126,220
416340,164,120,209
416440,167,137,212
416540,167,128,207
416640,166,135,208
416740,163,121,204
416840,161,111,207
416941,164,116,224
417041,166,101,219
417141,165,139,210
417241,169,121,213
417341,171,128,223
417442,168,138,228
417543,169,138,214
417643,167,127,210
417743,170,116,221
417843,169,123,221
417943,168,123,206
418043,167,126,211
418143,166,130,209
418243,170,126,216
418344,172,139,208
418445,171,129,219
418545,170,141,217
418645,165,137,209
418745,163,134,210
418845,161,140,207
418945,160,132,207
419046,157,130,204
419146,155,118,213
419246,156,110,203
419346,152,120,192
419446,153,123,199
419546,150,123,207
419647,151,107,200
419748,149,115,195
419848,150,126,202
419948,151,118,204
420048,149,115,194
420148,153,106,199
420248,152,122,200
420348,155,118,209
420448,158,127,206
420548,157,128,201
420648,158,127,205
420749,159,118,206
420849,160,119,207
420949,163,129,211
421049,163,138,208
421149,163,106,203
421249,160,132,206
421349,159,118,201
421449,154,133,191
421550,155,112,196
421650,156,112,211
421750,158,119,207
421850,155,137,197
421950,155,120,208
422050,156,124,194
422150,157,121,213
422250,158,114,206
422350,161,127,208
422450,160,116,203
422551,162,134,220
422651,163,126,213
422751,164,121,213
422851,165,124,214
422951,164,135,224
423051,165,135,215
423151,167,124,223
423251,169,144,208
423352,164,109,211
423453,163,125,199
423554,166,141,204
423655,164,125,206
423755,163,112,219
423855,163,138,207
423955,163,121,214
424056,162,120,209
424156,163,116,214
424256,167,131,215
424356,168,136,211
424457,169,139,213
424557,168,124,209
424657,167,137,213
424757,168,128,220
424858,168,122,213
424958,166,133,221
425059,168,123,216
425159,166,132,214
425259,166,113,217
425360,165,139,219
425460,164,138,208
425560,165,127,204
425660,160,127,202
425760,163,130,211
425860,161,119,207
425961,161,129,214
426061,159,115,208
426162,157,110,213
426263,152,114,201
426363,155,124,209
426463,152,116,195
426563,156,112,199
426663,164,133,201
426764,176,140,225
426864,190,140,241
426964,208,179,260
427064,222,189,284
427164,242,197,291
427264,249,214,295
427364,255,232,304
427464,266,216,300
427565,263,217,311
427665,258,213,310
427765,260,229,305
427866,257,213,306
427966,257,232,313
428066,258,213,300
428166,255,202,312
428266,255,212,295
428366,257,210,307
428466,255,212,305
428567,258,219,301
428668,259,226,298
428768,259,230,299
428868,262,226,309
428968,264,241,310
429068,261,222,310
429169,257,213,304
429269,253,210,314
429369,253,203,309
429469,251,208,298
429570,251,201,298
429670,248,192,297
429770,249,207,301
429870,250,207,301
429971,252,214,307
430072,251,209,298
430172,256,229,307
430272,254,214,306
430373,259,225,315
430473,255,211,304
430573,254,198,297
430673,253,226,304
430773,250,220,298
430873,254,220,303
430973,252,223,295
431073,245,194,291
431174,243,204,282
431275,249,203,288
431375,247,199,298
431475,249,217,300
431575,246,201,294
431675,249,212,299
431775,252,220,297
431875,254,206,315
431975,259,225,321
432075,261,222,304
432176,262,234,316
432276,254,217,296
432376,257,220,302
432476,254,205,294
432576,251,197,300
432676,253,196,300
432776,251,221,301
432876,245,204,294
432976,245,219,281
433076,248,217,301
433176,246,210,285
433276,244,187,290
433376,244,209,286
433476,243,208,286
433576,244,207,298
433676,246,215,287
433776,244,217,286
433876,246,220,295
433976,245,193,288
434076,245,221,295
434176,248,206,293
434276,249,217,299
434376,249,219,303
434477,251,212,292
434577,255,226,305
434678,253,210,300
434778,259,218,315
434878,254,210,299
434978,254,215,306
435078,248,224,291
435178,244,215,289
435278,242,199,289
435378,246,193,291
435479,247,205,300
435580,250,220,304
435680,247,219,293
435780,250,213,300
435880,251,222,298
435980,252,201,295
436080,250,216,301
436180,247,213,304
436281,244,194,297
436381,244,210,289
436481,251,207,308
436582,252,214,301
436682,250,225,295
436783,250,219,296
436883,252,222,302
436984,251,208,309
437084,250,203,304
437184,255,217,304
437284,258,229,304
437384,262,228,305
437484,269,236,321
437584,274,240,326
437685,286,240,337
437785,291,259,338
437885,300,261,348
437985,306,256,355
438085,312,281,363
438185,318,280,365
438285,316,284,372
438385,322,277,375
438485,307,263,353
438585,308,254,349
438686,319,275,367
438786,319,292,373
438886,319,284,366
438986,318,269,364
439086,317,275,361
439187,313,273,358
439288,312,281,360
439388,314,294,366
439488,322,295,366
439588,319,274,370
439688,319,285,374
439788,320,272,368
439888,323,286,367
439988,324,276,369
440088,326,281,374
440188,324,283,368
440288,326,290,383
440388,325,281,371
440488,327,269,371
440588,329,295,380
440688,330,272,372
440788,330,296,382
440888,325,293,363
440988,327,286,373
441088,329,291,383
441189,328,292,373
441289,331,284,378
441389,328,283,370
441489,323,285,367
441589,316,272,370
441689,322,274,367
441789,323,293,369
441889,328,298,374
441989,320,282,376
442089,323,274,386
442189,318,272,362
442289,322,280,370
442389,320,294,367
442489,324,278,370
442590,325,279,378
442690,332,286,380
442790,337,293,374
442890,332,280,391
442991,329,295,382
443091,332,298,393
443191,330,284,388
443291,331,305,380
443391,330,297,377
443491,334,288,381
443592,341,313,387
443692,340,294,395
443792,341,276,384
443892,350,298,392
443992,345,296,392
444092,345,310,394
444193,345,314,385
444293,340,303,390
444393,339,285,384
444493,338,298,392
444593,343,301,382
444693,346,329,398
444793,346,291,396
444893,346,304,395
444993,341,300,386
445093,342,291,390
445193,340,306,396
445293,336,292,383
445394,339,301,393
445495,346,304,398
445595,347,316,398
445696,341,312,390
445796,332,286,383
445896,339,284,398
445996,333,282,381
446096,333,306,383
446196,325,289,380
446296,319,271,380
446397,317,282,358
446497,318,262,367
446597,308,263,353
446697,310,274,349
446797,312,273,357
446897,316,277,361
446997,317,272,358
447098,310,272,351
447198,307,256,359
447298,307,253,357
447398,312,267,357
447498,316,270,363
447598,314,276,361
447698,313,260,355
447798,319,266,361
447899,317,269,374
447999,318,272,364
448099,319,288,372
448199,319,282,361
448299,319,279,368
448400,319,254,361
448500,324,277,376
448600,324,269,368
448700,326,284,373
448800,328,274,377
448900,334,293,388
449001,330,290,390
449101,325,276,374
449201,324,281,376
449301,329,292,377
449401,337,307,393
449501,347,307,407
449601,356,313,396
449702,364,314,411
449802,374,316,422
449903,377,330,427
450004,380,339,432
450104,386,347,436
450204,383,357,430
450304,389,347,451
450404,387,336,437
450505,384,345,433
450605,386,350,447
450705,391,343,437
450806,390,364,429
450906,389,351,447
451006,387,344,436
451106,387,352,450
451206,385,342,440
451307,388,345,442
451407,389,342,436
451507,383,352,421
451607,383,340,427
451707,386,349,439
451808,387,354,425
451908,387,326,438
452008,391,381,436
452108,389,331,439
452208,389,360,443
452308,386,358,432
452409,390,354,428
452509,390,355,437
452609,388,343,429
452709,387,354,434
452809,387,345,434
452909,384,355,433
453009,385,342,432
453110,385,342,430
453210,383,355,430
453310,384,345,436
453410,380,351,422
453510,378,339,434
453610,382,329,423
453711,382,342,431
453811,385,351,427
453911,383,336,421
454011,381,333,439
454111,384,354,440
454211,381,339,424
454311,384,347,439
454411,385,330,427
454512,390,340,435
454612,385,356,434
454712,388,352,439
454812,384,350,448
454912,386,350,436
455012,387,324,433
455112,387,337,432
455212,384,349,435
455313,383,345,427
455414,380,345,428
455515,378,345,424
455615,380,337,424
455715,381,341,427
455816,380,342,431
455916,382,340,422
456017,378,336,422
456117,378,341,421
456217,381,339,434
456317,374,346,417
456417,371,341,417
456517,370,337,416
456618,367,324,417
456718,373,339,429
456818,376,343,426
456919,382,339,431
457019,384,344,432
457119,380,319,430
457220,380,344,431
457321,384,355,430
457421,381,348,434
457521,384,353,436
457621,384,345,433
457722,374,347,422
457822,376,345,427
457922,375,332,429
458022,373,334,427
458122,371,330,416
458222,375,326,429
458322,375,323,413
458422,378,332,422
458522,381,344,422
458622,382,340,428
458722,389,350,440
458822,386,358,424
458922,378,344,429
459022,381,349,421
459122,380,340,420
459222,379,327,431
459322,381,342,425
459422,380,333,423
459522,382,342,424
459622,384,342,434
459722,387,329,437
459822,387,336,427
459923,385,368,435
460023,383,328,438
460123,382,344,429
460223,379,338,428
460323,376,336,425
460423,380,332,420
460523,379,347,421
460624,380,333,424
460725,384,345,442
460825,381,351,429
460925,379,335,430
461025,384,345,436
461126,387,349,428
461226,382,348,435
461326,388,352,433
461426,402,357,449
461527,420,378,461
461628,432,392,481
461728,451,396,503
461828,473,427,516
461928,488,449,532
462028,503,454,542
462128,507,458,554
462229,521,469,574
462329,525,479,573
462429,527,485,572
462529,525,489,573
462629,520,483,563
462729,523,493,568
462829,527,492,573
462929,529,486,581
463029,533,475,584
463129,528,489,587
463229,528,494,571
463329,532,478,578
463429,529,489,576
463529,526,495,570
463629,529,504,582
463729,524,469,574
463829,528,484,568
463929,525,488,580
464029,524,486,567
464129,528,478,583
464229,524,492,570
464330,529,482,570
464430,523,482,566
464530,520,475,567
464630,523,501,578
464730,531,485,574
464830,532,504,578
464930,523,485,571
465030,524,488,570
465130,519,471,574
465230,521,466,561
465330,518,468,570
465431,525,487,571
465531,522,486,578
465631,523,476,569
465731,524,484,578
465831,521,478,569
465931,519,489,568
466031,524,490,579
466131,526,480,574
466232,522,478,565
466332,527,490,575
466432,525,472,582
466532,525,479,583
466632,527,489,576
466732,527,479,578
466832,522,476,571
466932,528,491,567
467032,528,493,575
467132,527,493,573
467232,527,494,576
467332,526,487,568
467432,527,486,575
467532,524,490,571
467632,521,500,562
467732,521,484,573
467832,522,485,563
467932,520,469,574
468032,524,480,571
468133,523,487,573
468233,527,496,568
468333,531,480,577
468433,532,509,578
468533,533,492,593
468633,531,487,582
468733,531,488,584
468833,536,496,595
468933,530,475,579
469033,528,474,583
469133,530,495,583
469233,535,476,583
469333,531,475,574
469434,532,487,587
469534,528,494,571
469634,529,485,583
469734,527,487,574
469835,530,483,570
469935,524,505,583
470035,526,478,566
470135,526,488,577
470235,526,479,581
470335,526,490,589
470435,522,484,568
470535,528,497,575
470635,530,481,569
470735,526,482,571
470835,522,496,573
470935,525,471,568
471035,528,480,588
471135,531,485,572
471235,526,480,572
471336,520,478,567
471436,519,498,578
471536,522,483,563
471637,529,487,570
471737,527,487,581
471837,529,487,575
471937,529,488,581
472037,531,485,569
472137,528,487,575
472237,529,484,574
472337,524,483,572
472437,529,493,580
472537,528,474,579
472637,524,475,572
472738,521,485,570
472838,519,495,566
472938,517,481,569
473038,521,491,568
473138,520,492,573
473238,531,482,586
473339,543,507,588
473439,559,535,603
473539,569,527,614
473640,603,558,658
473740,619,564,669
473841,654,607,704
473941,670,608,731
474042,703,653,756
474142,713,666,760
474242,735,687,777
474342,756,716,815
474442,746,707,789
474542,768,727,816
474642,762,730,814
474742,778,746,823
474842,763,719,813
474942,751,701,804
475042,747,718,789
475142,723,681,783
475242,708,679,759
475342,702,678,758
475442,702,643,757
475542,715,672,760
475642,734,695,774
475743,734,687,782
475843,739,702,780
475943,742,712,798
476043,739,703,794
476143,740,702,790
476243,734,704,792
476343,750,687,804
476443,741,699,799
476544,733,697,787
476645,730,684,779
476745,743,690,785
476846,726,682,765
476947,747,688,793
477047,743,704,782
477147,746,710,800
477247,757,721,798
477347,752,708,799
477447,756,723,812
477548,771,734,834
477648,773,740,826
477749,768,721,815
477849,764,730,815
477949,778,747,831
478049,784,739,822
478149,794,749,842
478249,790,763,841
478349,791,748,857
478449,800,765,841
478549,812,756,861
478649,826,780,868
478749,824,781,865
478850,823,773,877
478950,829,786,875
479050,816,773,872
479150,807,778,860
479250,814,772,869
479350,804,775,856
479450,793,751,838
479551,768,727,808
479651,767,737,817
479751,764,730,819
479852,761,727,807
479952,754,715,802
480053,769,716,817
480154,776,739,829
480254,776,750,828
480354,775,739,826
480454,782,745,839
480554,771,724,813
480654,777,744,827
480754,772,742,825
480855,765,720,817
480955,755,721,801
481055,773,722,825
481155,770,735,814
481256,765,725,818
481356,765,734,810
481456,757,714,805
481556,758,709,802
481656,763,724,822
481756,756,695,806
481856,765,717,815
481957,758,715,807
482057,743,703,786
482157,750,695,798
482257,747,695,798
482357,740,696,793
482457,744,691,791
482557,752,718,805
482657,758,734,801
482757,764,727,808
482857,755,724,808
482958,756,718,801
483058,756,723,802
483158,759,714,803
483258,763,710,814
483358,779,739,834
483458,783,750,828
483558,781,726,822
483658,775,739,824
483758,772,723,814
483859,774,723,827
483959,769,730,820
484060,757,712,811
484160,766,723,812
484260,755,716,803
484360,751,700,794
484460,751,712,801
484560,752,710,803
484660,749,697,794
484760,753,720,798
484861,698,601,796
484961,375,187,1127
485061,90,0,1172
485161,8,0,45
485261,4,0,41
485361,4,0,38
485462,1,0,25
485562,1,0,29
485663,0,0,25
485763,0,0,31
485864,1,0,28
485964,0,0,21
486064,0,0,31
486164,0,0,18
486264,0,0,29
486364,0,0,30
486464,0,0,30
486564,0,0,21
486664,0,0,23
486764,0,0,23
486864,0,0,23
486964,0,0,24
487065,0,0,34
487165,0,0,30
487265,1,0,31
487365,0,0,29
487465,0,0,25
487565,0,0,26
487665,1,0,27
487765,0,0,21
487865,1,0,23
487965,0,0,21
488065,0,0,21
488165,0,0,28
488265,0,0,24
488365,0,0,23
488466,0,0,23
488566,0,0,30
488666,0,0,28
488766,0,0,22
488866,0,0,24
488966,0,0,19
489066,0,0,23
489167,1,0,26
489267,0,0,22
489367,0,0,24
489467,0,0,34
489568,0,0,22
489668,1,0,23
489768,1,0,19
489868,0,0,23
489968,0,0,24
490068,2,0,31
490168,3,0,40
490268,4,0,24
490368,5,0,34
490468,11,0,44
490568,11,0,34
490668,8,0,46
490768,3,0,46
490868,1,0,29
490969,1,0,28
491069,0,0,26
491169,0,0,29
491270,0,0,21
491371,0,0,31
491471,0,0,23
491571,0,0,29
491671,0,0,23
491771,1,0,23
491872,0,0,26
491972,0,0,19
492072,0,0,30
492172,0,0,14
492272,0,0,25
492372,0,0,23
492472,1,0,25
492572,0,0,22
492673,0,0,18
492773,0,0,24
492873,0,0,27
492973,0,0,24
493073,1,0,32
493173,0,0,29
493274,0,0,24
493374,0,0,23
493474,0,0,32
493575,0,0,21
493675,0,0,25
493776,0,0,24
493876,0,0,19
493976,0,0,23
494077,0,0,30
494177,0,0,27
494277,0,0,19
494377,1,0,29
494478,0,0,23
494579,0,0,37
494679,0,0,28
494779,0,0,19
494879,1,0,27
494979,0,0,26
495080,0,0,24
495180,1,0,23
495280,0,0,27
495380,0,0,29
495481,0,0,23
495581,0,0,28
495681,1,0,33
495781,0,0,35
495881,0,0,26
495981,1,0,22
496081,0,0,19
496181,1,0,38
496281,1,0,22
496381,1,0,19
496481,0,0,22
496581,0,0,12
496682,0,0,19
496782,1,0,22
496883,0,0,32
496983,0,0,31
497084,0,0,27
497184,0,0,21
497285,1,0,21
497385,1,0,26
497485,0,0,25
497585,1,0,27
497685,0,0,23
497785,1,0,29
497886,0,0,16
497986,0,0,24
498086,0,0,17
498187,0,0,18
498287,1,0,18
498387,0,0,22
498487,1,0,32
498587,0,0,28
498687,0,0,33
498787,0,0,27
498887,0,0,26
498987,0,0,20
499088,0,0,28
499188,0,0,29
499288,0,0,24
499388,0,0,24
499488,0,0,25
499588,1,0,29
499689,0,0,34
499790,1,0,26
499890,0,0,30
499990,0,0,18
500090,1,0,30
500190,0,0,27
500290,0,0,19

Test4:
611480,1,0,21
611580,0,0,32
611680,1,0,23
611780,1,0,29
611880,1,0,30
611980,0,0,28
612080,1,0,33
612180,1,0,25
612280,1,0,26
612380,0,0,29
612480,1,0,26
612580,1,0,37
612680,1,0,29
612780,1,0,32
612880,1,0,31
612980,0,0,30
613080,0,0,26
613180,0,0,20
613280,0,0,19
613380,0,0,26
613481,0,0,24
613581,1,0,22
613681,1,0,26
613781,1,0,27
613882,1,0,30
613983,1,0,23
614083,1,0,32
614183,1,0,20
614283,1,0,18
614383,0,0,29
614483,1,0,25
614583,0,0,23
614683,0,0,35
614783,1,0,25
614884,1,0,27
614984,1,0,24
615084,1,0,25
615184,0,0,17
615284,1,0,26
615384,1,0,30
615485,0,0,35
615585,1,0,17
615685,1,0,32
615785,0,0,27
615885,1,0,17
615985,1,0,25
616086,0,0,14
616186,1,0,34
616287,0,0,34
616387,1,0,25
616487,1,0,24
616587,0,0,23
616687,0,0,27
616787,1,0,23
616887,1,0,27
616987,0,0,20
617088,1,0,21
617189,1,0,19
617290,1,0,41
617390,1,0,31
617490,0,0,21
617590,1,0,27
617690,1,0,28
617790,1,0,20
617890,1,0,26
617990,0,0,29
618090,1,0,27
618190,1,0,35
618290,1,0,26
618390,1,0,25
618490,0,0,21
618590,0,0,27
618690,1,0,19
618790,1,0,23
618890,1,0,29
618990,1,0,19
619091,1,0,25
619192,1,0,30
619292,0,0,25
619392,1,0,29
619492,1,0,21
619592,1,0,42
619692,1,0,32
619792,1,0,23
619893,0,0,19
619993,1,0,23
620094,0,0,25
620195,0,0,25
620295,1,0,25
620395,1,0,37
620495,1,0,24
620595,0,0,32
620695,0,0,26
620796,1,0,34
620897,1,0,22
620997,1,0,22
621097,1,0,38
621197,1,0,29
621297,1,0,31
621397,1,0,20
621497,1,0,34
621597,0,0,23
621697,1,0,27
621797,1,0,40
621898,1,0,24
621998,0,0,32
622098,1,0,19
622198,0,0,32
622298,1,0,21
622398,1,0,27
622498,1,0,33
622598,1,0,24
622698,0,0,20
622798,1,0,29
622899,0,0,25
622999,1,0,31
623099,0,0,22
623200,1,0,33
623300,1,0,22
623400,1,0,27
623500,0,0,28
623600,1,0,37
623700,1,0,18
623800,1,0,29
623900,0,0,25
624000,1,0,26
624100,0,0,23
624200,1,0,26
624300,1,0,31
624400,1,0,39
624500,1,0,23
624600,0,0,31
624700,1,0,27
624801,1,0,26
624901,3,0,35
625001,3,0,28
625101,2,0,26
625201,3,0,26
625302,3,0,34
625403,2,0,30
625503,2,0,17
625603,3,0,29
625703,2,0,32
625803,3,0,30
625903,2,0,28
626003,3,0,26
626103,2,0,29
626203,3,0,32
626303,3,0,23
626403,3,0,29
626503,2,0,32
626604,3,0,31
626704,3,0,27
626804,2,0,27
626904,3,0,25
627004,3,0,29
627105,3,0,27
627205,2,0,28
627305,2,0,24
627405,2,0,20
627506,4,0,30
627606,2,0,23
627706,2,0,20
627806,2,0,25
627907,3,0,37
628007,3,0,26
628107,3,0,34
628207,3,0,46
628307,3,0,21
628407,4,0,31
628507,3,0,35
628608,3,0,31
628708,3,0,28
628808,2,0,30
628909,3,0,20
629009,3,0,28
629109,3,0,37
629209,2,0,37
629309,2,0,27
629409,5,0,38
629509,17,0,47
629609,28,6,81
629710,44,8,89
629810,58,37,112
629910,72,41,108
630011,84,57,137
630111,87,48,131
630211,84,46,136
630311,85,48,140
630411,87,53,134
630511,88,57,126
630611,86,52,129
630711,86,53,130
630812,90,47,139
630913,90,52,144
631013,91,74,141
631113,95,58,144
631213,94,80,131
631313,91,42,136
631413,89,41,129
631513,88,47,134
631613,90,50,136
631713,90,38,141
631813,89,58,137
631913,87,55,129
632013,85,69,129
632113,83,55,136
632213,83,48,122
632313,80,53,130
632413,80,41,118
632513,77,47,128
632613,78,42,126
632713,79,45,119
632813,79,41,127
632913,85,60,136
633013,86,43,129
633114,90,47,131
633214,92,61,148
633314,92,63,140
633414,92,62,135
633514,89,55,142
633614,89,59,141
633714,88,42,135
633814,88,53,125
633915,88,39,135
634015,88,64,133
634115,89,58,137
634215,88,40,134
634316,88,65,122
634416,87,53,130
634517,86,61,141
634618,86,47,126
634719,82,57,124
634819,85,35,129
634919,85,46,129
635019,84,47,130
635119,86,38,133
635219,85,53,130
635319,87,44,139
635419,94,47,147
635519,93,55,134
635619,91,53,134
635719,88,45,132
635819,90,48,126
635919,89,53,132
636019,91,53,130
636119,90,59,143
636219,92,45,131
636319,92,58,146
636419,95,56,139
636519,91,65,139
636619,93,58,135
636719,92,67,136
636819,92,58,137
636920,95,64,137
637020,91,57,140
637120,88,50,139
637221,91,52,137
637321,89,49,139
637422,85,60,125
637523,85,50,137
637623,89,45,143
637723,86,47,130
637823,89,52,123
637923,91,53,134
638023,89,45,140
638124,89,62,132
638224,86,43,131
638324,87,46,136
638425,88,54,140
638526,86,52,130
638626,88,69,138
638726,92,62,136
638826,90,55,134
638926,92,53,136
639026,93,64,133
639126,89,56,132
639227,88,61,134
639328,85,41,136
639428,86,54,131
639529,86,60,134
639629,90,64,133
639729,99,62,143
639829,110,72,162
639929,124,102,164
640029,135,99,184
640129,141,116,198
640229,144,117,194
640330,139,106,189
640430,142,100,190
640530,140,112,185
640630,138,105,180
640730,142,92,192
640830,144,102,200
640931,141,104,188
641031,143,119,190
641131,143,95,186
641231,143,99,185
641331,143,115,188
641431,141,100,182
641531,143,104,186
641632,145,112,192
641733,140,102,180
641833,138,103,183
641933,140,96,179
642033,142,112,178
642133,142,124,192
642233,140,100,185
642333,140,99,180
642434,142,102,197
642534,141,83,186
642634,140,117,189
642734,136,92,180
642835,135,106,183
642935,136,95,185
643035,137,89,177
643135,136,93,175
643235,138,95,191
643335,140,110,178
643435,145,105,186
643535,145,100,196
643636,146,107,201
643736,147,113,187
643836,151,113,190
643937,150,119,193
644038,151,107,198
644138,150,107,198
644238,154,125,212
644338,156,110,203
644438,155,126,196
644538,155,110,202
644638,149,102,198
644738,147,120,190
644838,147,111,197
644939,147,110,189
645039,145,114,191
645139,144,117,194
645239,143,98,195
645339,146,111,201
645440,144,113,191
645540,145,108,183
645640,144,98,202
645740,145,118,194
645840,146,105,206
645940,145,123,189
646041,150,113,191
646141,149,94,186
646242,150,119,199
646342,149,123,202
646442,148,114,207
646542,149,115,194
646643,150,108,188
646743,148,121,191
646843,147,102,197
646944,147,101,198
647045,149,124,202
647145,149,98,200
647246,149,109,192
647347,151,114,207
647447,149,115,200
647547,149,115,205
647647,148,113,193
647747,143,97,190
647848,142,94,191
647948,143,116,187
648048,143,107,193
648148,144,101,181
648248,145,113,183
648348,146,121,197
648448,148,112,196
648548,146,115,194
648648,148,109,196
648748,151,108,195
648849,150,110,196
648950,151,120,197
649051,149,104,200
649151,149,112,201
649251,147,109,196
649351,147,93,200
649452,152,113,200
649552,155,98,202
649653,161,136,208
649753,169,135,224
649853,180,161,230
649953,187,161,237
650053,193,142,242
650153,204,165,255
650253,210,186,261
650354,220,190,270
650455,224,190,263
650555,230,202,274
650655,230,194,276
650756,224,187,271
650857,223,178,267
650958,223,189,271
651058,223,181,266
651159,224,194,278
651259,224,176,267
651359,223,197,276
651459,222,198,266
651559,220,181,273
651659,225,183,275
651760,222,206,268
651860,218,185,262
651960,216,177,263
652060,217,187,272
652161,215,170,262
652262,217,184,258
652363,220,169,259
652463,223,197,264
652563,221,178,281
652663,221,180,265
652763,222,182,277
652863,225,187,278
652963,225,170,271
653063,225,196,267
653164,225,188,270
653264,223,188,269
653365,225,177,271
653466,226,192,278
653566,231,195,283
653666,232,200,282
653767,231,190,275
653867,231,199,275
653967,233,188,279
654067,231,188,287
654167,232,203,286
654267,228,187,275
654367,229,180,282
654468,225,184,272
654568,228,194,275
654668,226,196,268
654768,228,186,281
654868,225,180,263
654968,227,194,277
655069,227,189,277
655169,226,198,286
655269,223,192,269
655369,226,198,275
655469,223,168,264
655570,227,175,275
655670,225,177,280
655770,224,160,264
655870,225,181,269
655971,223,191,272
656072,228,176,269
656173,224,186,272
656274,225,188,273
656375,225,175,277
656476,228,192,280
656576,227,188,269
656676,226,206,272
656776,224,186,276
656876,224,188,271
656976,223,165,267
657076,222,200,269
657176,221,174,268
657276,224,180,264
657376,222,184,272
657476,226,190,285
657577,223,179,279
657677,225,192,277
657777,223,183,268
657877,230,206,274
657977,230,192,277
658077,232,193,281
658177,231,186,276
658277,227,193,271
658377,219,163,275
658477,216,182,261
658577,218,182,259
658678,218,164,272
658778,218,175,266
658878,221,177,271
658979,220,163,267
659079,222,198,272
659179,218,184,262
659279,221,173,264
659380,223,183,269
659480,223,191,266
659580,227,177,274
659680,225,189,271
659780,222,183,274
659880,222,170,276
659980,224,189,272
660080,226,199,278
660180,227,177,269
660280,228,191,281
660380,228,184,276
660480,234,193,286
660580,234,203,278
660680,245,202,291
660780,253,215,297
660881,260,219,308
660981,272,219,323
661081,279,235,327
661181,288,240,341
661281,297,267,342
661381,301,255,351
661482,311,280,356
661582,312,266,354
661682,310,275,362
661782,314,281,364
661883,310,260,347
661983,309,267,346
662083,307,272,358
662183,311,271,357
662283,311,289,367
662383,306,272,363
662483,303,267,351
662583,304,257,353
662683,307,250,359
662784,308,271,350
662884,310,268,359
662984,307,279,347
663085,308,259,357
663185,308,265,356
663286,311,287,362
663386,315,274,362
663486,317,273,367
663586,317,266,370
663686,318,286,372
663786,317,280,369
663886,316,274,375
663986,318,295,368
664086,317,276,365
664187,315,262,358
664287,312,270,351
664388,308,252,352
664488,305,287,353
664588,306,276,357
664689,310,271,354
664789,311,270,367
664889,309,258,355
664989,309,252,357
665089,305,268,357
665189,302,259,346
665289,300,257,351
665390,305,279,357
665490,309,263,359
665590,308,256,362
665690,312,277,364
665790,314,277,366
665890,321,281,378
665990,320,260,372
666090,320,287,359
666191,321,285,371
666291,318,283,362
666391,319,278,378
666492,320,280,364
666592,316,267,358
666692,318,283,370
666792,319,273,368
666893,319,267,362
666993,316,264,365
667093,312,262,367
667194,312,278,360
667295,312,266,367
667395,308,273,357
667495,311,254,362
667595,314,258,348
667695,312,280,354
667795,312,275,360
667895,307,276,363
667995,309,277,360
668095,312,275,357
668196,310,287,349
668296,310,269,348
668396,307,271,356
668496,308,272,352
668597,311,286,353
668697,314,275,361
668797,311,271,365
668897,311,265,363
668997,309,272,355
669097,316,274,358
669197,310,265,357
669297,307,273,344
669397,308,250,351
669497,303,261,361
669597,302,258,357
669697,310,277,351
669798,309,269,360
669898,316,281,366
669998,319,284,378
670098,320,294,365
670198,316,280,359
670298,322,286,370
670399,320,282,368
670499,321,266,370
670600,319,276,372
670700,322,283,364
670800,320,267,366
670900,324,279,359
671001,321,288,363
671102,320,289,377
671202,324,282,370
671302,321,279,363
671402,325,278,372
671502,327,277,374
671602,321,301,371
671702,320,297,365
671802,319,280,364
671902,317,277,370
672002,318,272,374
672102,318,287,363
672202,312,272,363
672302,307,270,359
672402,303,247,352
672503,298,254,344
672603,303,272,348
672703,308,268,359
672803,312,274,356
672904,309,255,358
673004,308,275,359
673105,315,270,362
673206,314,260,364
673306,317,266,361
673406,325,273,373
673506,339,306,392
673606,352,317,387
673706,367,328,417
673806,375,344,429
673906,377,334,424
674006,382,337,427
674106,378,330,422
674206,379,348,423
674306,379,333,428
674407,380,348,433
674507,378,332,419
674608,380,334,426
674709,381,347,425
674809,377,322,426
674910,377,351,435
675010,374,334,433
675111,373,337,426
675211,373,331,420
675311,371,326,418
675411,374,344,424
675511,375,342,426
675611,379,339,426
675711,377,338,420
675811,377,348,423
675911,377,338,427
676011,378,330,426
676112,375,335,419
676212,379,330,434
676313,375,328,435
676413,379,335,429
676513,380,346,437
676613,378,344,416
676713,376,343,426
676814,376,335,418
676914,374,339,430
677014,373,350,422
677115,377,326,420
677215,373,325,420
677315,367,339,414
677415,366,334,424
677515,367,329,408
677616,368,331,419
677716,366,329,407
677816,362,329,414
677916,365,322,410
678017,368,341,415
678117,373,324,412
678217,373,330,426
678317,371,332,420
678417,366,330,425
678517,364,338,415
678618,367,328,420
678718,369,311,415
678818,373,316,423
678919,377,338,427
679019,376,339,430
679119,372,327,420
679219,372,337,421
679319,377,323,431
679420,378,336,435
679520,380,337,425
679621,382,337,428
679722,382,335,437
679822,382,333,432
679922,378,339,416
680023,379,335,423
680124,376,332,437
680224,380,335,421
680324,383,334,426
680424,391,355,446
680524,402,371,450
680624,419,377,461
680724,439,408,476
680824,461,417,508
680924,470,417,515
681024,477,425,522
681125,485,454,523
681225,487,455,536
681325,501,467,551
681425,506,458,555
681525,504,450,555
681626,505,459,545
681726,499,461,546
681826,493,447,544
681926,494,463,539
682026,492,448,548
682126,489,443,534
682226,483,442,532
682326,484,460,527
682426,479,439,526
682527,473,433,520
682628,473,436,521
682729,472,426,525
682829,470,415,514
682929,487,442,539
683030,486,438,540
683130,493,450,545
683230,490,450,543
683330,489,453,544
683430,486,446,544
683530,486,450,532
683630,484,449,539
683730,482,449,532
683830,480,443,535
683930,482,445,534
684031,483,436,529
684131,478,429,527
684232,477,449,537
684333,485,445,527
684433,484,445,529
684533,486,441,535
684634,478,438,528
684734,484,444,525
684834,493,447,542
684934,494,445,536
685034,500,443,546
685134,490,452,536
685234,488,459,534
685334,481,421,532
685434,476,451,529
685535,486,454,535
685635,491,461,541
685735,493,450,540
685835,495,457,540
685935,489,447,532
686035,485,454,544
686135,482,444,525
686236,479,444,520
686336,485,462,536
686437,483,429,536
686537,479,435,529
686637,485,436,548
686738,490,454,536
686838,495,466,544
686938,490,444,542
687039,490,448,535
687139,485,458,542
687239,485,461,538
687339,488,452,534
687439,485,427,530
687539,485,446,541
687639,485,445,543
687739,477,441,516
687839,497,447,544
687940,520,480,566
688040,544,509,590
688140,580,560,631
688240,619,560,665
688341,648,611,695
688441,668,627,710
688541,679,645,727
688641,676,638,721
688741,675,630,721
688841,671,634,718
688941,681,637,723
689041,691,655,744
689141,712,666,765
689241,702,671,750
689342,704,673,759
689442,690,652,739
689543,696,663,740
689643,695,647,741
689743,672,628,721
689844,667,620,711
689944,670,622,721
690045,668,615,713
690145,655,624,705
690245,675,638,715
690345,686,652,737
690445,671,630,723
690545,679,634,734
690645,662,625,715
690745,651,603,698
690845,639,587,694
690946,625,596,679
691046,633,587,677
691146,639,582,676
691246,633,600,675
691346,653,608,706
691446,661,616,707
691546,674,635,720
691646,680,652,730
691746,679,640,722
691846,682,631,725
691946,684,629,730
692046,691,651,741
692146,681,624,730
692246,660,623,714
692346,680,643,722
692446,683,657,729
692546,690,630,742
692646,694,653,740
692746,697,651,754
692847,703,662,759
692947,693,650,745
693047,676,647,722
693147,676,628,723
693247,672,626,726
693348,673,629,713
693448,670,623,714
693548,659,609,707
693648,651,610,694
693748,645,603,694
693848,644,595,700
693949,637,593,684
694049,650,624,705
694149,651,625,699
694249,655,621,706
694349,648,614,697
694449,652,618,701
694549,653,617,706
694649,649,610,694
694749,643,596,690
694850,649,610,704
694950,654,611,702
695050,658,597,703
695150,665,616,717
695250,662,628,710
695350,669,623,715
695450,653,605,703
695550,676,630,722
695650,673,634,722
695750,633,544,721
695850,340,170,1021
695950,81,0,946
696050,8,0,42
696151,3,0,32
696251,4,0,26
696352,1,0,22
696452,1,0,23
696553,0,0,27
696653,0,0,28
696753,0,0,26
696854,1,0,32
696954,0,0,22
697054,0,0,37
697154,1,0,28
697255,0,0,27
697355,0,0,17
697455,0,0,21
697555,0,0,30
697655,1,0,31
697755,1,0,29
697855,1,0,22
697955,0,0,29
698055,0,0,29
698156,1,0,25
698256,0,0,31
698356,1,0,28
698456,0,0,18
698556,0,0,32
698656,0,0,35
698756,0,0,16
698856,0,0,25
698956,0,0,31
699056,1,0,24
699156,1,0,33
699256,1,0,22
699357,1,0,16
699457,1,0,29
699557,0,0,35
699657,1,0,26
699757,1,0,26
699858,1,0,18
699958,0,0,27
700059,2,0,24
700159,3,0,34
700259,4,0,32
700359,5,0,36
700459,10,0,49
700559,10,0,43
700659,7,0,34
700759,3,0,36
700859,1,0,25
700959,0,0,22
701060,0,0,24
701160,1,0,21
701260,0,0,39
701360,1,0,23
701460,0,0,20
701560,0,0,22
701660,0,0,16
701760,1,0,31
701860,0,0,25
701961,0,0,16
702062,1,0,32
702162,0,0,27
702262,0,0,19
702362,1,0,18
702462,1,0,23
702562,0,0,23
702662,0,0,34
702762,1,0,22
702862,0,0,25
702962,0,0,23
703062,0,0,27
703163,0,0,30
703264,0,0,25
703365,1,0,28
703465,0,0,16
703566,1,0,28
703666,1,0,25
703767,0,0,26
703867,0,0,34
703967,0,0,15
704067,0,0,23
704168,0,0,20
704268,0,0,34
704368,0,0,28
704468,0,0,23
704568,0,0,23
704668,0,0,27
704769,1,0,22
704869,1,0,35
704969,0,0,19
705069,0,0,24
705169,0,0,25
705269,0,0,28
705370,1,0,25
705470,1,0,25
705570,0,0,23
705670,0,0,28
705770,1,0,27
705870,0,0,32
705971,0,0,20
706071,1,0,23
706171,0,0,28
706271,0,0,25
706371,0,0,23
706471,0,0,26
706571,0,0,26
706671,0,0,29
706771,0,0,31
706871,0,0,16
706971,0,0,22
707071,0,0,25
707171,0,0,21
707271,1,0,30
707371,1,0,23
707471,1,0,27
707571,0,0,20
707671,1,0,26
707771,0,0,25
707871,0,0,28
707971,0,0,23
708071,0,0,20
708171,0,0,27
708271,1,0,20
708372,0,0,32
708472,0,0,35
708573,0,0,31
708673,0,0,32
708773,0,0,20
708874,1,0,23
708975,1,0,34
709075,0,0,23
709175,0,0,20
709275,0,0,20
709375,1,0,21
709475,0,0,28
709575,0,0,25
709675,0,0,22
709775,0,0,31
709876,1,0,31
709976,0,0,20
710076,1,0,22
710177,1,0,25
710277,0,0,21
710378,0,0,19
710478,1,0,28
710579,0,0,26
710680,0,0,24
710780,0,0,20
710880,0,0,31
710980,0,0,20
711080,1,0,27
711180,0,0,21
711280,0,0,24
711380,0,0,33
711480,1,0,27
711581,1,0,26
711682,1,0,24
711782,0,0,35

Test5:
822721,1,0,28
822821,1,0,28
822921,1,0,21
823021,1,0,27
823121,1,0,14
823221,0,0,34
823321,1,0,26
823421,1,0,29
823521,1,0,31
823621,1,0,24
823721,1,0,24
823821,1,0,34
823922,1,0,23
824022,1,0,22
824122,1,0,27
824222,1,0,29
824322,1,0,26
824422,1,0,38
824522,1,0,25
824622,1,0,29
824722,0,0,12
824822,1,0,26
824922,0,0,22
825022,0,0,18
825122,1,0,29
825222,1,0,25
825322,0,0,29
825423,1,0,29
825523,1,0,29
825623,1,0,35
825724,1,0,29
825824,0,0,21
825925,0,0,27
826025,1,0,23
826125,0,0,14
826225,1,0,33
826326,1,0,18
826427,1,0,27
826527,0,0,26
826627,0,0,19
826727,1,0,27
826827,1,0,33
826928,1,0,22
827029,0,0,24
827129,1,0,25
827229,1,0,16
827329,1,0,26
827429,0,0,34
827529,1,0,23
827629,0,0,29
827729,1,0,19
827829,1,0,32
827929,1,0,31
828029,1,0,30
828129,1,0,26
828229,1,0,29
828329,0,0,21
828430,1,0,22
828530,1,0,30
828630,1,0,28
828731,1,0,25
828831,1,0,32
828932,0,0,36
829032,1,0,26
829132,1,0,29
829232,1,0,25
829332,1,0,30
829432,1,0,27
829532,1,0,33
829633,1,0,35
829734,1,0,26
829834,0,0,31
829934,1,0,23
830034,1,0,33
830134,0,0,21
830235,1,0,32
830335,1,0,24
830436,1,0,29
830536,0,0,28
830636,0,0,22
830736,0,0,23
830836,0,0,23
830936,0,0,23
831036,1,0,26
831137,1,0,20
831238,1,0,19
831338,1,0,24
831438,1,0,40
831539,1,0,31
831639,1,0,30
831739,1,0,18
831839,1,0,27
831939,1,0,27
832039,0,0,27
832140,1,0,26
832240,1,0,29
832340,1,0,21
832440,1,0,35
832540,0,0,42
832640,1,0,18
832740,1,0,22
832840,0,0,31
832940,1,0,29
833041,1,0,30
833141,1,0,23
833241,1,0,33
833341,1,0,28
833441,1,0,30
833541,1,0,17
833641,1,0,27
833741,1,0,32
833842,1,0,24
833942,1,0,30
834042,0,0,28
834142,0,0,23
834242,1,0,25
834342,1,0,33
834442,0,0,25
834542,1,0,37
834642,0,0,23
834743,1,0,19
834844,1,0,27
834944,1,0,32
835044,1,0,30
835144,1,0,27
835244,1,0,27
835344,1,0,33
835444,1,0,29
835545,1,0,29
835645,2,0,38
835745,1,0,27
835845,3,0,28
835945,2,0,35
836045,3,0,37
836145,2,0,32
836245,3,0,28
836345,3,0,39
836445,3,0,31
836545,2,0,28
836645,2,0,26
836746,3,0,38
836847,3,0,33
836947,3,0,25
837047,2,0,35
837147,2,0,35
837248,2,0,30
837348,3,0,29
837449,3,0,29
837549,2,0,29
837650,4,0,35
837750,2,0,26
837850,3,0,29
837950,3,0,34
838050,2,0,24
838150,3,0,26
838250,3,0,28
838350,2,0,27
838450,1,0,28
838551,2,0,33
838651,3,0,28
838752,3,0,42
838852,3,0,29
838952,2,0,33
839052,2,0,30
839152,2,0,33
839252,3,0,37
839353,2,0,32
839453,3,0,23
839553,3,0,38
839653,3,0,24
839753,4,0,29
839853,15,1,46
839953,26,1,57
840054,43,19,87
840155,58,20,100
840255,70,49,108
840355,79,31,117
840455,83,56,136
840556,83,51,134
840656,82,72,131
840756,82,61,129
840856,89,60,130
840956,85,32,132
841056,86,60,141
841156,82,48,134
841256,85,44,128
841356,84,42,125
841456,81,44,117
841556,90,77,131
841657,93,49,142
841757,86,41,133
841857,88,47,130
841958,88,77,130
842058,92,54,138
842158,93,47,144
842258,96,68,136
842358,94,58,137
842458,99,57,138
842558,96,61,135
842658,93,49,142
842758,89,54,130
842859,91,57,133
842959,88,44,142
843059,87,54,132
843159,81,51,128
843259,85,54,125
843359,90,64,142
843459,88,55,127
843560,88,63,136
843660,92,61,140
843760,92,60,129
843860,89,56,135
843961,89,61,138
844061,86,44,127
844161,89,52,140
844261,92,59,134
844361,89,67,131
844461,87,36,137
844561,86,51,134
844661,90,55,139
844761,93,62,135
844861,95,57,139
844961,88,62,143
845061,87,46,140
845161,85,53,138
845261,85,61,128
845361,84,54,125
845461,87,54,133
845561,89,59,140
845661,88,68,131
845761,85,46,123
845861,86,57,124
845962,85,52,134
846063,86,55,134
846163,88,57,133
846263,85,52,118
846364,86,60,132
846464,86,54,125
846564,85,41,122
846664,88,68,128
846765,86,47,128
846865,86,45,125
846965,86,44,121
847065,84,43,129
847166,82,36,128
847267,88,43,134
847368,89,81,135
847469,90,73,144
847569,88,48,139
847669,90,49,130
847769,89,56,143
847869,89,51,133
847969,93,58,142
848069,96,64,142
848169,94,55,142
848269,90,48,131
848369,91,64,138
848469,92,63,141
848569,89,55,132
848669,86,64,131
848769,84,42,126
848870,84,58,125
848970,86,51,126
849070,83,41,122
849171,84,43,124
849271,85,31,120
849371,84,57,131
849471,88,58,129
849571,85,52,120
849671,84,41,141
849772,87,55,149
849873,85,55,119
849973,84,58,130
850074,86,46,125
850174,96,85,129
850274,101,60,140
850374,116,79,171
850474,127,99,166
850575,140,99,190
850675,148,113,197
850775,151,119,197
850875,159,113,204
850975,154,125,217
851075,157,122,200
851176,154,111,200
851276,153,110,195
851377,151,108,192
851477,154,111,196
851577,154,96,201
851677,153,112,200
851777,154,118,207
851877,152,109,205
851977,156,125,202
852077,154,116,206
852177,150,112,191
852277,153,118,215
852377,155,124,199
852477,157,142,202
852578,157,114,208
852678,156,126,203
852778,155,106,207
852878,151,122,198
852978,147,121,194
853078,146,119,200
853178,144,119,193
853278,146,105,198
853378,141,90,189
853478,140,102,187
853578,140,101,181
853678,143,130,185
853778,140,107,190
853878,143,115,202
853978,149,135,198
854078,144,96,185
854178,144,113,197
854278,143,104,178
854378,145,103,186
854478,148,103,197
854578,148,106,185
854678,149,98,188
854778,151,119,194
854879,152,115,198
854980,151,107,208
855081,150,111,200
855181,150,110,194
855281,149,113,206
855381,150,118,188
855481,155,123,198
855581,154,126,199
855682,152,110,206
855783,155,120,202
855883,159,144,210
855984,160,122,209
856084,155,117,199
856185,151,116,198
856285,150,118,206
856385,148,104,189
856485,149,127,198
856585,151,112,194
856685,152,121,193
856785,154,128,199
856885,153,113,198
856985,154,115,200
857085,154,107,196
857185,151,116,193
857286,147,101,194
857386,150,121,201
857486,151,108,204
857587,151,122,196
857687,148,113,192
857787,149,100,197
857887,150,111,202
857987,151,105,197
858087,149,120,198
858188,153,114,202
858288,156,109,198
858388,153,101,201
858488,150,103,197
858588,155,134,207
858689,160,117,214
858789,163,115,214
858889,177,142,231
858989,187,148,226
859090,196,162,246
859190,203,150,257
859290,213,166,263
859390,221,187,269
859491,225,172,272
859591,234,199,277
859691,232,192,272
859791,225,178,283
859891,227,196,264
859991,225,200,271
860091,225,198,277
860191,229,187,284
860291,230,198,282
860391,228,192,276
860492,226,192,275
860592,232,190,279
860693,227,185,271
860793,229,188,279
860893,226,185,274
860993,225,197,275
861093,221,176,273
861193,222,201,277
861293,224,186,269
861393,229,181,290
861494,228,187,278
861594,232,194,281
861694,230,193,291
861794,227,200,279
861895,226,190,281
861995,223,183,277
862096,228,184,271
862196,227,174,278
862297,228,180,277
862397,224,186,266
862497,224,181,272
862598,228,189,274
862698,225,189,283
862798,222,197,286
862898,224,193,275
862998,225,191,271
863098,222,186,271
863198,221,173,267
863298,224,192,284
863399,226,182,273
863499,231,208,286
863599,234,198,278
863699,232,188,275
863799,229,192,280
863899,229,192,274
863999,234,199,286
864099,233,194,276
864199,228,200,262
864300,225,190,272
864400,230,184,288
864500,230,188,278
864600,231,192,276
864700,229,183,279
864801,227,183,278
864901,227,197,281
865001,230,190,270
865101,232,200,283
865201,233,201,279
865301,233,187,285
865401,234,190,278
865501,231,203,274
865602,233,197,272
865703,229,190,273
865803,233,205,285
865903,231,186,273
866003,229,183,280
866103,226,180,271
866204,225,178,270
866304,228,169,281
866405,233,196,285
866505,230,197,279
866605,228,193,277
866705,228,185,279
866805,224,210,266
866905,228,200,278
867005,229,184,276
867105,234,181,288
867205,236,188,291
867305,237,207,288
867405,236,196,281
867505,235,223,282
867605,235,198,287
867705,232,208,272
867805,229,190,277
867906,226,197,270
868006,234,210,271
868106,236,187,292
868206,244,204,289
868306,251,205,299
868407,260,215,304
868507,272,244,319
868607,279,232,328
868707,288,243,342
868808,292,246,342
868908,297,254,348
869008,298,267,341
869108,307,268,343
869208,310,275,360
869308,311,278,359
869408,313,261,370
869508,313,266,362
869608,308,269,350
869708,304,275,349
869808,301,256,355
869908,300,277,357
870009,294,259,336
870109,291,241,339
870209,293,249,345
870309,288,256,335
870409,291,258,348
870509,290,254,339
870610,292,260,341
870710,290,254,338
870810,294,243,342
870910,295,246,344
871011,300,254,349
871111,302,268,355
871211,297,260,339
871312,292,266,341
871413,296,259,343
871514,294,261,349
871615,291,253,342
871715,293,256,340
871815,293,263,353
871915,293,255,340
872015,294,256,339
872115,296,254,347
872215,292,252,336
872316,292,247,345
872416,297,258,351
872516,298,252,344
872616,298,251,344
872716,298,247,351
872816,302,264,351
872916,303,261,352
873016,303,255,358
873116,306,266,354
873216,310,268,363
873316,313,279,355
873416,308,286,353
873516,312,276,355
873616,312,267,365
873716,308,285,353
873816,305,268,345
873916,313,272,360
874016,312,252,362
874116,316,283,371
874216,310,258,366
874316,315,290,373
874416,310,265,364
874516,314,291,357
874617,316,272,364
874717,314,272,354
874817,309,263,358
874918,309,272,356
875018,307,260,354
875118,304,271,348
875218,301,262,336
875318,302,266,347
875418,295,260,338
875518,295,254,341
875618,298,259,345
875718,297,255,348
875818,295,254,343
875918,291,271,337
876018,295,255,338
876118,300,278,344
876218,298,263,344
876318,302,266,351
876419,300,252,346
876519,299,271,355
876619,300,270,348
876719,305,262,348
876819,313,269,358
876919,318,286,366
877019,328,288,376
877119,336,300,379
877219,341,305,384
877319,347,296,395
877419,347,304,402
877519,348,307,386
877619,351,313,402
877719,350,314,396
877820,345,294,390
877920,350,304,389
878020,352,305,399
878120,352,299,402
878220,349,306,396
878320,348,300,400
878421,348,304,397
878521,351,296,395
878621,346,307,394
878721,346,315,393
878821,348,309,400
878921,343,293,393
879021,342,292,391
879121,340,305,380
879222,336,289,380
879322,341,298,386
879422,342,301,391
879523,347,306,388
879623,351,324,396
879723,353,311,396
879823,352,302,397
879923,353,308,398
880023,353,294,387
880124,346,318,394
880224,341,296,389
880324,342,313,391
880424,345,311,399
880524,343,311,391
880624,340,307,380
880724,338,301,387
880824,338,294,388
880925,335,285,382
881025,340,294,390
881125,340,295,388
881225,345,302,398
881325,346,302,395
881425,353,304,398
881525,358,316,408
881625,353,326,396
881725,352,300,399
881825,355,313,397
881926,358,317,404
882026,362,342,406
882126,361,318,407
882227,365,327,414
882327,365,328,414
882427,361,323,415
882527,369,310,420
882627,364,335,414
882727,365,316,420
882828,364,324,412
882929,363,308,417
883029,360,325,408
883129,359,317,406
883230,362,316,401
883330,360,320,409
883430,360,317,401
883530,358,326,399
883630,359,309,398
883730,359,313,405
883830,357,325,413
883930,359,325,411
884030,357,295,410
884130,354,318,398
884230,351,308,399
884330,350,299,397
884430,345,310,392
884530,348,304,400
884631,349,298,404
884731,347,299,402
884831,352,318,392
884931,357,307,411
885031,358,323,405
885131,358,306,408
885231,354,323,406
885331,349,313,400
885431,348,306,398
885531,350,307,390
885631,355,317,400
885731,355,308,396
885831,352,302,401
885931,354,315,412
886031,353,293,401
886131,351,313,400
886231,351,315,398
886332,350,317,400
886433,347,295,396
886533,345,312,391
886633,345,314,382
886733,346,310,383
886833,346,318,390
886934,348,300,394
887034,348,313,389
887134,347,310,398
887234,347,303,389
887335,344,288,394
887435,342,301,390
887535,341,314,385
887636,342,306,393
887736,341,294,381
887836,342,300,398
887936,338,303,387
888036,340,301,381
888136,341,312,390
888237,342,300,390
888337,354,320,405
888437,354,310,393
888537,366,327,411
888637,383,335,432
888737,396,349,452
888837,409,368,456
888937,429,386,476
889037,441,395,487
889137,459,422,509
889237,478,454,526
889337,489,441,536
889437,491,451,547
889537,502,450,546
889638,512,468,562
889738,504,466,550
889838,499,452,547
889939,502,469,551
890039,501,467,556
890139,498,446,546
890239,496,455,543
890339,496,463,541
890439,498,459,542
890539,508,464,549
890640,513,466,558
890740,515,489,563
890840,512,461,565
890940,518,470,566
891040,519,475,562
891141,518,490,570
891241,518,462,562
891341,520,490,567
891441,514,464,563
891541,514,484,560
891641,510,465,560
891741,515,468,559
891841,523,487,574
891941,522,476,570
892041,520,481,573
892142,520,476,563
892242,523,482,573
892343,519,485,566
892443,513,475,566
892544,510,466,558
892644,508,484,564
892744,509,469,556
892844,506,468,559
892944,513,478,560
893044,502,467,555
893144,504,464,544
893244,502,463,546
893344,503,466,549
893445,506,472,550
893545,504,465,546
893646,505,460,544
893746,506,464,558
893846,503,458,553
893946,513,479,566
894046,505,472,559
894146,501,452,550
894246,502,473,544
894346,504,458,548
894446,507,460,558
894546,504,462,572
894646,498,457,542
894746,496,463,543
894846,496,439,546
894946,500,472,553
895046,500,466,545
895146,504,454,553
895246,509,476,569
895346,510,460,560
895446,509,474,564
895546,508,463,564
895646,496,454,550
895746,495,440,541
895847,500,460,544
895947,494,458,540
896048,493,455,535
896149,493,437,549
896249,495,451,535
896350,487,448,536
896450,487,452,541
896550,485,433,539
896650,487,442,530
896751,494,455,550
896851,494,456,548
896952,500,463,558
897052,504,471,562
897153,506,464,560
897254,505,465,554
897354,496,454,542
897454,494,448,537
897554,502,454,549
897654,494,467,547
897754,510,469,565
897854,513,460,561
897954,534,497,585
898054,549,509,594
898154,568,517,629
898254,586,539,634
898354,614,585,657
898454,636,590,690
898554,651,608,699
898655,671,627,721
898755,692,650,740
898855,691,665,732
898955,706,648,753
899055,712,663,770
899155,724,690,787
899256,723,675,783
899356,732,686,788
899456,740,702,785
899556,731,692,778
899656,724,685,771
899757,723,708,775
899857,728,701,781
899957,725,670,775
900058,734,697,791
900158,742,706,786
900258,739,693,797
900359,735,689,779
900460,739,699,784
900561,725,687,773
900661,725,673,775
900761,725,689,771
900861,712,672,765
900961,703,651,761
901061,703,669,742
901162,711,671,754
901262,718,676,768
901362,725,700,771
901462,729,693,781
901562,716,664,766
901662,702,676,755
901762,683,641,725
901862,681,644,720
901963,684,644,736
902063,677,640,733
902163,674,646,728
902263,664,613,721
902364,662,621,710
902465,673,629,731
902565,684,633,727
902665,678,630,738
902765,679,657,746
902866,671,630,720
902966,671,636,721
903067,684,650,743
903167,681,632,727
903267,682,645,725
903367,692,654,734
903467,677,639,732
903567,671,625,719
903667,676,633,719
903768,679,639,729
903868,684,624,724
903968,674,637,715
904068,674,641,727
904168,676,634,721
904269,701,664,749
904369,699,657,739
904469,687,651,736
904569,673,636,728
904669,671,641,731
904770,673,646,723
904870,673,645,720
904970,673,638,724
905070,670,640,721
905170,654,620,699
905270,695,658,744
905370,686,649,747
905470,699,666,746
905570,717,681,761
905671,730,686,776
905771,736,689,775
905871,756,712,813
905971,751,707,803
906071,648,558,739
906171,348,174,1046
906271,83,0,923
906371,6,0,43
906471,4,0,27
906571,2,0,20
906671,2,0,23
906771,0,0,24
906871,0,0,24
906972,0,0,24
907072,0,0,23
907172,0,0,30
907272,0,0,29
907372,1,0,33
907472,0,0,29
907572,0,0,20
907672,0,0,37
907772,0,0,22
907873,0,0,27
907973,1,0,17
908073,1,0,25
908173,0,0,22
908273,1,0,23
908374,1,0,26
908474,0,0,28
908574,0,0,29
908674,0,0,17
908774,0,0,30
908874,0,0,32
908974,2,0,31
909074,3,0,28
909175,4,0,25
909275,7,0,33
909376,14,0,53
909476,14,0,48
909576,11,0,41
909676,3,0,29
909776,1,0,22
909876,0,0,15
909976,1,0,27
910076,0,0,34
910176,0,0,25
910276,1,0,29
910376,1,0,25
910476,0,0,25
910576,0,0,20
910676,0,0,18
910776,1,0,33
910876,0,0,29
910976,1,0,24
911077,0,0,29
911177,0,0,28
911277,1,0,30
911377,1,0,25
911477,1,0,35
911578,0,0,24
911679,0,0,17
911779,0,0,29
911879,1,0,24
911979,0,0,23
912080,1,0,22
912180,0,0,22
912280,0,0,25
912380,1,0,27
912480,1,0,27
912580,0,0,25
912681,1,0,34
912782,1,0,25
912883,0,0,19
912983,1,0,25
913084,0,0,27
913184,0,0,25
913284,1,0,33
913384,0,0,28
913484,0,0,29
913584,1,0,21
913684,1,0,25
913784,0,0,20
913884,0,0,22
913984,0,0,31
914084,0,0,26
914184,0,0,27
914284,0,0,21
914384,0,0,31
914485,1,0,20
914585,0,0,28
914685,0,0,28
914785,0,0,28
914885,0,0,31
914985,0,0,20
915085,1,0,22
915186,1,0,20
915286,0,0,22
915386,0,0,19
915486,0,0,22
915587,0,0,27
915688,1,0,29
915788,0,0,26
915888,0,0,30
915988,0,0,20
916088,0,0,21
916188,0,0,34
916288,1,0,25
916388,0,0,32
916489,0,0,21
916589,1,0,30
916689,0,0,29
916789,1,0,18
916889,1,0,26
916989,0,0,18
917089,1,0,31
917189,0,0,23
917289,0,0,33
917389,0,0,20
917489,0,0,27
917589,0,0,37
917689,1,0,21
917789,0,0,27
917889,0,0,40
917989,0,0,22
918090,0,0,21
918190,0,0,25
918290,0,0,26
918390,0,0,30
918491,1,0,28
918591,0,0,29
918691,0,0,18
918792,0,0,29
918892,0,0,23
918992,0,0,14
919092,0,0,22
919193,0,0,23
919293,0,0,35
919393,0,0,22
919493,0,0,31
919593,0,0,28
919693,0,0,19
919793,1,0,24
919893,0,0,29
919993,0,0,33
920093,0,0,27
920193,0,0,19
920293,1,0,20
920393,1,0,22
920494,0,0,33

Test6:
1033975,1,0,27
1034075,0,0,27
1034175,1,0,24
1034275,0,0,21
1034375,0,0,27
1034476,1,0,28
1034576,1,0,31
1034676,1,0,28
1034777,0,0,19
1034878,0,0,35
1034978,0,0,26
1035078,1,0,31
1035178,1,0,22
1035278,1,0,29
1035378,1,0,22
1035478,0,0,23
1035578,1,0,34
1035679,0,0,24
1035779,1,0,27
1035880,1,0,31
1035981,1,0,30
1036081,1,0,19
1036181,1,0,29
1036281,1,0,23
1036381,0,0,27
1036481,0,0,21
1036581,1,0,27
1036681,1,0,25
1036781,0,0,21
1036882,0,0,25
1036982,1,0,40
1037082,1,0,19
1037182,1,0,20
1037282,1,0,13
1037382,1,0,26
1037483,1,0,30
1037583,1,0,22
1037683,0,0,28
1037783,1,0,32
1037884,0,0,23
1037984,1,0,34
1038085,1,0,26
1038185,1,0,19
1038285,1,0,38
1038386,0,0,29
1038486,1,0,28
1038586,0,0,29
1038687,1,0,24
1038787,1,0,23
1038887,0,0,35
1038987,1,0,37
1039087,1,0,23
1039187,1,0,16
1039287,1,0,21
1039388,1,0,40
1039488,1,0,28
1039589,0,0,26
1039689,1,0,19
1039789,1,0,32
1039889,1,0,23
1039989,1,0,22
1040089,0,0,21
1040189,0,0,29
1040289,1,0,24
1040389,0,0,24
1040489,1,0,34
1040589,0,0,25
1040689,1,0,22
1040789,0,0,19
1040889,1,0,28
1040989,0,0,26
1041089,1,0,19
1041189,1,0,30
1041289,0,0,17
1041389,1,0,20
1041489,1,0,24
1041589,0,0,27
1041689,1,0,29
1041789,1,0,22
1041889,1,0,39
1041990,1,0,27
1042090,1,0,25
1042191,1,0,25
1042291,0,0,27
1042391,1,0,28
1042491,1,0,23
1042591,1,0,30
1042691,1,0,19
1042792,1,0,21
1042892,1,0,19
1042992,1,0,32
1043092,1,0,27
1043192,1,0,31
1043292,1,0,37
1043392,1,0,14
1043492,2,0,27
1043593,2,0,24
1043693,2,0,24
1043793,1,0,32
1043893,2,0,18
1043993,3,0,24
1044093,2,0,24
1044193,2,0,33
1044293,3,0,28
1044394,3,0,15
1044494,2,0,45
1044594,2,0,26
1044694,3,0,32
1044794,1,0,23
1044894,3,0,32
1044994,2,0,26
1045094,2,0,31
1045195,2,0,29
1045296,3,0,34
1045397,3,0,25
1045497,3,0,25
1045597,2,0,39
1045697,3,0,36
1045798,2,0,28
1045898,1,0,28
1045998,1,0,26
1046098,2,0,22
1046198,2,0,28
1046298,2,0,25
1046398,3,0,35
1046499,1,0,29
1046599,2,0,23
1046699,2,0,21
1046800,2,0,33
1046900,2,0,37
1047001,3,0,27
1047102,3,0,36
1047203,3,0,40
1047303,2,0,24
1047403,2,0,41
1047504,3,0,31
1047604,2,0,29
1047705,3,0,30
1047805,2,0,23
1047906,2,0,31
1048007,2,0,40
1048107,3,0,24
1048207,3,0,26
1048307,2,0,35
1048408,2,0,28
1048508,3,0,40
1048609,1,0,34
1048709,2,0,34
1048809,1,0,15
1048909,1,0,19
1049009,2,0,27
1049109,3,0,37
1049209,3,0,49
1049309,6,0,36
1049409,13,0,53
1049510,20,0,59
1049611,26,9,68
1049711,36,5,72
1049811,46,26,87
1049911,54,16,104
1050011,64,24,96
1050112,73,35,120
1050212,82,34,127
1050312,87,48,130
1050412,85,48,133
1050512,91,33,136
1050612,83,41,125
1050712,85,63,141
1050812,81,42,131
1050912,86,52,131
1051013,87,50,137
1051113,89,41,133
1051213,86,51,138
1051313,84,45,126
1051413,82,48,124
1051513,87,58,134
1051613,84,47,138
1051713,86,50,126
1051813,83,49,123
1051913,87,53,133
1052013,88,25,130
1052113,82,56,126
1052213,81,40,134
1052313,83,56,122
1052413,82,52,124
1052513,90,46,146
1052614,88,52,134
1052714,88,45,129
1052814,89,54,136
1052914,94,60,143
1053014,92,78,133
1053114,88,58,139
1053214,91,60,131
1053314,95,77,131
1053414,97,57,143
1053514,96,59,152
1053614,95,67,138
1053714,90,55,136
1053814,91,68,135
1053914,90,46,138
1054014,84,52,134
1054115,81,35,121
1054216,87,54,129
1054317,85,53,125
1054418,88,51,123
1054518,88,46,129
1054618,92,62,148
1054719,90,62,133
1054819,85,37,126
1054919,88,63,145
1055019,88,55,127
1055119,84,47,135
1055219,86,51,129
1055319,89,54,131
1055419,93,52,145
1055519,94,58,139
1055619,96,61,138
1055720,99,61,148
1055820,91,54,134
1055920,90,66,140
1056020,91,60,128
1056120,95,52,135
1056220,98,67,138
1056321,94,53,134
1056421,95,69,148
1056521,94,58,138
1056621,90,60,133
1056721,91,68,132
1056821,95,65,142
1056921,97,67,148
1057022,101,68,151
1057122,99,67,144
1057222,97,63,144
1057322,96,75,141
1057422,95,58,138
1057522,94,57,136
1057623,95,58,135
1057723,91,59,140
1057823,100,77,140
1057923,99,49,148
1058023,98,65,151
1058124,100,68,161
1058225,98,75,142
1058325,95,76,137
1058425,102,55,146
1058525,116,65,165
1058625,131,94,171
1058725,144,100,185
1058825,155,116,195
1058925,160,133,206
1059025,165,120,212
1059125,162,128,212
1059225,164,137,210
1059325,164,135,211
1059425,164,132,219
1059526,165,124,207
1059627,165,132,212
1059727,166,128,216
1059827,165,125,215
1059927,164,131,216
1060027,164,125,216
1060127,161,109,209
1060227,160,130,213
1060327,158,121,203
1060427,160,110,210
1060527,162,130,202
1060627,161,125,207
1060727,158,125,203
1060827,160,109,211
1060928,160,127,222
1061028,158,124,197
1061128,155,114,200
1061228,155,107,206
1061328,155,108,196
1061429,155,110,202
1061530,155,106,206
1061630,154,104,199
1061730,155,119,207
1061830,156,118,209
1061930,160,118,205
1062031,158,106,207
1062131,155,127,203
1062231,154,117,199
1062331,154,133,201
1062431,158,124,217
1062531,159,125,205
1062631,164,133,212
1062731,164,127,223
1062831,162,107,212
1062931,165,113,219
1063031,167,118,210
1063131,165,115,220
1063231,165,131,215
1063331,163,117,212
1063431,166,141,207
1063531,165,119,219
1063631,165,120,208
1063731,163,131,204
1063831,164,129,206
1063931,162,126,213
1064031,162,132,216
1064131,163,118,215
1064231,167,130,209
1064331,168,127,214
1064431,167,130,215
1064531,166,135,208
1064631,163,118,201
1064731,161,125,207
1064831,159,128,213
1064931,159,118,204
1065031,161,123,196
1065131,161,116,204
1065231,164,121,203
1065331,163,104,205
1065431,164,125,217
1065531,164,128,220
1065631,167,131,214
1065731,163,137,220
1065831,164,129,217
1065931,164,136,211
1066031,161,117,205
1066131,160,127,211
1066232,158,111,209
1066332,158,123,211
1066432,158,119,211
1066532,157,117,198
1066632,157,125,199
1066732,158,121,205
1066832,160,136,208
1066932,161,128,203
1067032,166,122,218
1067132,169,158,206
1067232,169,137,209
1067332,170,141,205
1067432,165,127,213
1067532,163,121,205
1067632,160,136,205
1067733,159,114,208
1067833,159,125,199
1067934,160,130,201
1068034,157,113,202
1068134,155,128,215
1068234,154,109,199
1068335,152,119,191
1068435,152,120,200
1068535,154,102,195
1068636,152,119,207
1068737,153,125,203
1068837,153,116,191
1068938,153,108,204
1069038,151,116,201
1069138,148,113,194
1069238,152,125,202
1069338,154,114,203
1069438,154,123,196
1069538,162,128,212
1069639,179,141,230
1069739,189,145,223
1069839,207,171,250
1069939,225,171,266
1070039,244,202,299
1070139,254,215,294
1070239,257,212,308
1070339,250,219,292
1070439,252,210,298
1070539,252,204,315
1070639,251,204,301
1070739,249,218,287
1070839,251,199,291
1070939,255,212,313
1071040,260,212,310
1071140,257,221,308
1071240,260,218,306
1071341,258,223,308
1071441,258,219,309
1071541,258,218,305
1071642,258,225,305
1071742,255,206,301
1071842,256,202,297
1071942,256,216,310
1072042,256,203,305
1072142,254,224,296
1072242,255,215,301
1072342,256,223,296
1072442,256,208,306
1072542,260,215,302
1072642,254,211,301
1072742,255,216,303
1072842,252,208,296
1072943,248,193,303
1073043,249,214,295
1073144,247,212,295
1073244,248,217,290
1073345,252,203,301
1073445,253,205,298
1073545,255,216,292
1073645,255,221,311
1073745,258,227,306
1073845,258,236,307
1073945,259,237,306
1074046,259,218,314
1074147,258,213,306
1074247,255,222,303
1074348,257,228,299
1074448,258,229,308
1074548,254,205,300
1074648,254,214,300
1074749,257,212,299
1074849,256,214,301
1074949,258,216,307
1075049,261,235,309
1075149,260,217,302
1075249,258,225,304
1075349,257,212,302
1075449,255,226,301
1075549,253,225,302
1075650,252,215,296
1075750,252,232,296
1075850,253,221,303
1075950,252,202,299
1076050,252,202,303
1076151,250,214,304
1076251,250,207,303
1076352,250,204,298
1076452,251,220,301
1076552,250,215,288
1076652,249,201,295
1076752,249,214,294
1076852,249,216,297
1076953,248,209,298
1077053,249,219,288
1077154,247,204,299
1077254,247,209,309
1077354,252,206,300
1077454,252,209,303
1077555,253,212,306
1077656,250,197,298
1077756,256,225,301
1077856,258,210,316
1077956,255,241,300
1078056,256,197,310
1078156,256,201,304
1078256,258,217,308
1078357,256,223,318
1078457,254,227,311
1078557,255,221,305
1078657,254,205,307
1078757,259,218,303
1078858,256,223,308
1078958,257,240,301
1079058,255,220,300
1079158,250,200,297
1079258,254,233,310
1079358,254,209,304
1079459,254,214,313
1079559,256,209,305
1079659,259,221,303
1079760,257,212,301
1079860,260,237,310
1079961,263,230,312
1080061,264,227,304
1080161,265,215,313
1080261,267,227,305
1080362,266,207,313
1080462,268,236,313
1080562,268,233,320
1080662,269,215,310
1080762,271,219,315
1080862,261,220,331
1080963,270,226,316
1081063,283,246,325
1081163,294,264,339
1081263,306,269,357
1081363,319,277,372
1081463,326,294,368
1081563,334,281,384
1081663,339,298,387
1081763,340,296,383
1081863,336,287,396
1081963,337,307,389
1082064,333,294,383
1082165,327,296,366
1082265,334,277,392
1082365,332,291,384
1082466,328,282,380
1082566,328,285,370
1082666,331,291,379
1082766,334,292,381
1082866,330,278,381
1082967,328,282,381
1083067,327,301,380
1083168,328,292,373
1083269,332,284,376
1083369,333,291,379
1083470,333,288,380
1083571,332,302,385
1083671,329,285,382
1083771,330,303,386
1083871,326,293,368
1083971,325,301,378
1084072,332,309,370
1084173,332,290,378
1084273,333,287,390
1084374,335,290,388
1084474,335,268,386
1084574,338,320,382
1084674,342,303,392
1084774,341,298,394
1084874,342,311,383
1084974,340,300,396
1085074,337,297,375
1085175,339,294,392
1085275,338,288,383
1085375,338,309,384
1085475,336,274,378
1085575,337,295,392
1085675,335,302,381
1085775,338,296,385
1085876,338,301,394
1085977,338,303,386
1086078,339,284,389
1086178,344,306,389
1086278,340,295,391
1086378,331,291,380
1086478,328,287,366
1086578,328,267,381
1086678,326,277,374
1086778,323,274,367
1086878,327,294,376
1086978,325,299,371
1087079,326,295,379
1087180,324,308,367
1087280,326,296,366
1087380,321,284,371
1087480,323,283,365
1087580,322,290,365
1087681,323,278,365
1087781,322,279,372
1087881,318,279,369
1087981,320,287,367
1088082,324,295,378
1088182,328,303,383
1088282,329,288,377
1088382,327,307,378
1088482,329,298,378
1088583,323,290,368
1088684,325,283,365
1088784,326,273,381
1088884,325,290,371
1088984,330,294,382
1089084,331,290,376
1089184,334,297,381
1089285,331,276,373
1089386,333,291,372
1089486,330,303,370
1089587,331,289,381
1089687,334,297,391
1089787,338,312,388
1089887,347,305,396
1089987,357,319,400
1090087,369,323,418
1090188,380,342,414
1090288,388,351,430
1090389,399,370,447
1090489,406,378,456
1090589,410,365,461
1090689,397,354,445
1090790,396,367,439
1090890,394,346,447
1090990,394,359,448
1091090,394,362,445
1091190,399,354,445
1091290,404,361,458
1091390,409,360,461
1091490,411,356,456
1091590,412,376,462
1091690,410,370,460
1091790,404,359,448
1091890,405,354,461
1091991,400,365,448
1092092,401,361,454
1092192,404,366,464
1092292,406,353,456
1092393,409,386,456
1092493,406,360,461
1092593,408,364,461
1092693,405,370,450
1092793,402,362,458
1092893,400,356,448
1092993,404,371,453
1093093,404,373,448
1093193,405,356,453
1093293,406,379,462
1093393,402,364,450
1093493,402,360,459
1093593,407,367,461
1093693,405,364,453
1093793,403,367,455
1093893,400,354,453
1093993,398,371,448
1094094,403,369,445
1094194,403,359,446
1094294,404,343,453
1094394,402,360,449
1094495,395,357,444
1094595,397,354,448
1094696,396,354,450
1094796,398,346,436
1094896,402,363,455
1094996,405,354,460
1095096,409,366,460
1095196,411,358,459
1095297,418,372,454
1095397,415,373,460
1095497,410,375,462
1095597,416,375,464
1095697,413,358,469
1095797,412,369,454
1095897,414,387,468
1095997,410,367,460
1096097,412,368,462
1096197,411,365,458
1096298,413,384,457
1096398,415,363,457
1096498,414,376,460
1096599,415,386,461
1096700,416,364,476
1096800,414,384,460
1096900,415,359,457
1097000,415,366,460
1097100,419,383,469
1097200,420,379,467
1097301,421,374,467
1097401,419,380,468
1097501,420,372,474
1097601,419,383,462
1097702,418,374,463
1097802,415,363,463
1097902,412,360,461
1098002,414,381,462
1098103,416,378,471
1098204,412,369,473
1098304,412,374,453
1098404,411,393,457
1098504,404,348,451
1098604,403,363,457
1098705,405,362,458
1098805,407,345,451
1098905,407,359,459
1099005,407,374,454
1099105,408,367,449
1099205,409,367,455
1099306,412,383,460
1099406,410,376,449
1099506,413,372,466
1099606,416,365,466
1099706,410,387,458
1099806,411,380,462
1099906,416,381,462
1100007,416,381,458
1100107,415,387,463
1100207,413,379,456
1100307,412,369,456
1100407,411,367,454
1100507,412,366,461
1100607,408,369,454
1100707,411,362,454
1100808,408,376,452
1100908,411,357,461
1101008,412,370,454
1101108,413,377,457
1101208,409,367,448
1101308,404,364,447
1101408,410,367,462
1101508,428,382,477
1101608,442,412,492
1101708,478,439,526
1101808,496,463,547
1101908,522,483,570
1102008,547,505,601
1102108,553,524,606
1102208,562,519,609
1102308,554,528,603
1102408,556,521,608
1102508,562,528,604
1102608,572,543,637
1102708,572,519,624
1102808,574,540,632
1102909,574,535,620
1103010,574,532,626
1103110,571,543,622
1103210,573,533,617
1103310,577,557,623
1103410,577,537,627
1103510,574,521,626
1103610,573,548,620
1103711,575,541,619
1103811,577,530,626
1103912,579,530,635
1104012,569,517,629
1104112,561,527,606
1104212,561,514,600
1104312,553,497,595
1104413,549,501,613
1104514,553,516,598
1104614,550,518,599
1104714,546,512,593
1104814,548,505,598
1104914,554,524,599
1105014,563,527,618
1105114,563,544,603
1105214,560,521,609
1105314,555,516,607
1105415,554,502,594
1105515,554,517,612
1105615,551,509,605
1105715,554,544,613
1105815,566,527,614
1105915,563,530,610
1106015,563,523,606
1106115,564,528,619
1106215,564,531,621
1106315,559,526,604
1106415,561,529,603
1106515,557,503,612
1106616,551,515,599
1106716,548,495,590
1106816,549,516,591
1106916,552,514,597
1107016,547,503,591
1107117,550,512,593
1107217,549,513,603
1107317,552,502,594
1107417,558,522,611
1107517,556,497,597
1107617,550,510,595
1107717,545,506,591
1107817,544,501,589
1107917,548,508,601
1108017,552,509,600
1108117,551,520,590
1108217,554,491,603
1108317,544,503,597
1108417,539,498,581
1108517,566,518,614
1108617,586,548,641
1108717,606,561,649
1108817,633,602,683
1108917,657,624,701
1109017,686,650,729
1109117,716,672,759
1109217,744,710,796
1109317,756,711,799
1109417,759,720,805
1109517,739,709,789
1109617,734,703,786
1109717,723,697,787
1109817,726,689,776
1109918,733,691,793
1110018,744,708,794
1110118,741,704,799
1110218,764,716,823
1110318,766,728,826
1110418,780,753,827
1110518,786,738,836
1110618,791,743,832
1110719,787,741,835
1110819,791,742,845
1110919,782,737,834
1111020,792,759,833
1111120,790,769,836
1111221,790,752,838
1111322,796,767,842
1111422,797,753,848
1111522,792,758,841
1111622,788,753,838
1111722,788,737,846
1111822,789,739,828
1111922,805,758,862
1112022,782,745,828
1112122,774,733,827
1112222,781,745,828
1112322,773,725,814
1112422,774,726,823
1112523,787,745,834
1112624,779,723,823
1112725,782,748,829
1112825,794,757,842
1112925,800,763,853
1113026,810,769,854
1113126,811,771,862
1113226,794,750,835
1113326,779,739,830
1113426,778,728,832
1113526,758,728,802
1113626,751,717,805
1113726,743,713,799
1113827,736,686,788
1113928,739,690,782
1114029,742,706,799
1114129,739,705,780
1114229,750,714,801
1114329,757,729,807
1114429,760,717,807
1114529,770,728,825
1114629,763,703,808
1114729,747,698,793
1114830,758,717,804
1114930,766,716,814
1115030,760,726,813
1115130,755,710,797
1115230,761,724,810
1115330,755,718,801
1115430,751,708,794
1115530,748,711,799
1115630,744,716,794
1115730,733,690,775
1115830,753,721,798
1115930,753,714,792
1116030,755,716,803
1116130,753,712,808
1116230,755,720,796
1116330,750,716,801
1116430,762,706,816
1116531,770,719,818
1116631,764,731,815
1116731,756,721,818
1116831,759,712,805
1116931,773,733,818
1117032,778,740,821
1117132,784,755,838
1117232,774,733,823
1117333,764,732,822
1117434,763,719,809
1117535,750,707,794
1117635,758,725,795
1117735,763,732,821
1117835,759,709,813
1117935,754,708,797
1118035,739,700,786
1118135,749,715,797
1118235,755,721,803
1118335,765,719,815
1118435,768,722,822
1118535,773,724,832
1118636,762,711,810
1118736,758,726,807
1118836,708,609,807
1118936,381,190,1143
1119036,91,0,1150
1119136,7,0,39
1119236,2,0,20
1119336,4,0,28
1119436,1,0,16
1119536,0,0,20
1119637,0,0,29
1119737,0,0,32
1119838,1,0,27
1119938,0,0,24
1120038,1,0,18
1120138,0,0,34
1120238,0,0,22
1120339,0,0,26
1120440,1,0,21
1120540,1,0,41
1120640,0,0,27
1120741,0,0,34
1120841,1,0,23
1120941,0,0,20
1121041,0,0,26
1121141,0,0,24
1121241,1,0,32
1121341,0,0,17
1121441,0,0,24
1121541,0,0,15
1121641,0,0,26
1121741,0,0,24
1121841,0,0,22
1121941,0,0,32
1122041,0,0,17
1122141,0,0,21
1122242,0,0,25
1122342,0,0,23
1122442,0,0,23
1122542,0,0,32
1122642,0,0,22
1122743,1,0,24
1122843,0,0,13
1122943,0,0,23
1123043,1,0,30
1123143,0,0,26
1123243,1,0,34
1123343,0,0,28
1123443,1,0,30
1123543,0,0,16
1123643,0,0,24
1123744,1,0,25
1123844,0,0,32
1123944,0,0,20
1124044,1,0,27
1124145,0,0,26
1124245,0,0,21
1124345,0,0,23
1124446,0,0,21
1124547,0,0,21
1124647,0,0,17
1124747,0,0,24
1124847,0,0,31
1124947,1,0,31
1125047,0,0,20
1125147,1,0,28
1125248,0,0,25
1125348,0,0,26
1125448,0,0,30
1125548,0,0,30
1125648,0,0,28
1125748,1,0,22
1125849,1,0,18
1125949,0,0,22
1126049,1,0,22
1126149,0,0,21
1126249,1,0,26
1126349,0,0,19
1126449,1,0,28
1126550,0,0,30
1126650,0,0,21
1126750,0,0,25
1126850,1,0,23
1126950,0,0,23
1127050,0,0,35
1127150,0,0,19
1127250,1,0,23
1127350,0,0,21
1127450,0,0,30
1127551,0,0,22
1127652,0,0,23
1127752,0,0,23
1127852,0,0,30
1127952,0,0,25
1128052,0,0,20
1128152,0,0,24
1128252,1,0,31
1128352,0,0,20
1128453,1,0,31
1128553,0,0,20
1128654,0,0,25
1128754,0,0,25
1128854,1,0,37
1128954,0,0,15
1129054,0,0,26
1129154,0,0,26
1129255,1,0,23
1129355,0,0,18
1129456,1,0,30
1129556,0,0,32
1129656,1,0,28
1129756,0,0,29
1129856,0,0,18

Test7:
1285067,1,0,32
1285168,1,0,29
1285268,1,0,35
1285368,1,0,27
1285468,1,0,28
1285568,1,0,32
1285668,1,0,28
1285768,1,0,17
1285869,0,0,32
1285969,0,0,22
1286070,1,0,31
1286170,0,0,30
1286270,1,0,27
1286370,0,0,20
1286470,0,0,21
1286570,1,0,39
1286670,0,0,29
1286770,1,0,39
1286871,0,0,23
1286971,1,0,33
1287071,1,0,23
1287172,1,0,24
1287272,1,0,31
1287372,1,0,26
1287472,0,0,15
1287572,1,0,17
1287672,1,0,28
1287772,1,0,38
1287872,0,0,17
1287972,1,0,30
1288072,1,0,23
1288172,1,0,27
1288272,0,0,30
1288372,1,0,19
1288472,1,0,39
1288572,1,0,32
1288672,0,0,32
1288772,1,0,39
1288872,1,0,30
1288972,0,0,24
1289073,0,0,15
1289174,1,0,23
1289275,1,0,30
1289375,1,0,25
1289475,0,0,27
1289575,1,0,31
1289675,1,0,24
1289775,0,0,27
1289875,1,0,16
1289975,1,0,34
1290075,1,0,23
1290175,1,0,31
1290275,0,0,21
1290375,0,0,24
1290475,1,0,32
1290575,1,0,23
1290675,0,0,27
1290775,1,0,36
1290876,1,0,34
1290976,1,0,39
1291076,1,0,20
1291177,1,0,38
1291277,1,0,27
1291377,1,0,26
1291477,1,0,32
1291577,1,0,29
1291677,1,0,26
1291777,1,0,28
1291878,0,0,35
1291978,1,0,25
1292079,1,0,22
1292179,1,0,26
1292279,0,0,22
1292379,1,0,29
1292480,1,0,18
1292580,0,0,33
1292680,0,0,18
1292780,0,0,20
1292880,1,0,26
1292980,1,0,23
1293081,1,0,23
1293182,0,0,24
1293282,0,0,22
1293382,1,0,28
1293482,1,0,21
1293582,1,0,25
1293682,1,0,33
1293782,1,0,27
1293882,0,0,32
1293982,1,0,31
1294082,1,0,34
1294182,1,0,38
1294282,0,0,22
1294383,0,0,24
1294483,1,0,18
1294583,1,0,30
1294684,0,0,23
1294785,1,0,16
1294885,0,0,24
1294985,1,0,32
1295085,0,0,27
1295185,0,0,27
1295285,1,0,30
1295385,0,0,30
1295485,1,0,28
1295585,0,0,21
1295685,0,0,15
1295785,1,0,33
1295885,1,0,28
1295985,0,0,17
1296085,0,0,28
1296185,1,0,31
1296286,1,0,16
1296386,1,0,25
1296486,1,0,16
1296586,1,0,34
1296686,1,0,19
1296787,0,0,20
1296887,1,0,29
1296988,1,0,31
1297088,0,0,33
1297188,1,0,22
1297289,1,0,22
1297389,0,0,35
1297489,1,0,29
1297589,1,0,25
1297690,1,0,37
1297791,1,0,26
1297891,0,0,15
1297991,1,0,19
1298091,1,0,29
1298192,1,0,26
1298292,1,0,24
1298392,2,0,28
1298492,3,0,27
1298592,3,0,33
1298692,3,0,37
1298792,4,0,30
1298892,3,0,32
1298992,3,0,31
1299092,2,0,26
1299192,3,0,24
1299293,3,0,32
1299393,2,0,29
1299494,2,0,28
1299594,3,0,37
1299694,2,0,24
1299794,3,0,40
1299894,3,0,20
1299994,2,0,36
1300094,3,0,33
1300194,1,0,22
1300294,3,0,26
1300394,3,0,25
1300494,2,0,36
1300595,3,0,44
1300695,3,0,26
1300795,3,0,34
1300895,4,0,27
1300995,3,0,29
1301095,3,0,28
1301195,3,0,33
1301295,1,0,27
1301395,2,0,30
1301496,3,0,36
1301596,3,0,33
1301696,4,0,35
1301796,2,0,32
1301896,3,0,27
1301996,2,0,35
1302097,2,0,29
1302197,3,0,36
1302298,3,0,27
1302399,3,0,36
1302500,3,0,35
1302600,3,0,37
1302700,4,0,37
1302800,3,0,31
1302900,3,0,36
1303000,3,0,33
1303100,3,0,37
1303200,3,0,26
1303301,3,0,45
1303402,3,0,44
1303503,2,0,24
1303603,3,0,35
1303703,2,0,27
1303804,4,0,30
1303904,9,0,40
1304004,16,0,44
1304104,26,14,72
1304204,35,7,78
1304304,45,12,87
1304404,56,21,104
1304504,66,38,117
1304605,82,38,138
1304705,88,48,135
1304805,93,58,139
1304905,97,72,139
1305006,97,61,141
1305106,92,67,133
1305207,90,61,134
1305307,86,52,125
1305408,89,55,131
1305508,92,49,142
1305608,90,55,128
1305708,91,69,128
1305808,93,49,134
1305908,88,55,130
1306008,89,54,145
1306108,88,61,131
1306208,86,55,135
1306308,88,64,131
1306408,85,47,127
1306508,87,47,132
1306608,82,61,131
1306708,87,49,142
1306809,87,58,138
1306909,83,51,130
1307009,83,38,132
1307109,86,61,131
1307209,88,56,127
1307309,92,57,132
1307409,97,71,142
1307509,98,86,133
1307609,98,45,144
1307709,95,50,133
1307809,97,69,144
1307909,101,58,138
1308009,100,56,144
1308109,100,83,146
1308210,100,73,146
1308310,97,54,150
1308411,99,68,147
1308511,100,61,148
1308611,102,64,144
1308711,101,67,148
1308811,102,63,144
1308911,98,67,140
1309011,104,68,145
1309111,100,74,144
1309211,101,67,138
1309312,98,54,142
1309412,100,58,146
1309512,102,72,149
1309612,98,63,141
1309712,101,64,141
1309812,97,49,148
1309912,94,54,140
1310012,94,53,134
1310112,92,57,134
1310212,93,45,144
1310312,91,50,138
1310413,93,39,144
1310513,93,51,133
1310613,87,64,138
1310713,94,54,136
1310813,90,61,137
1310913,90,52,131
1311013,93,48,132
1311113,91,65,131
1311213,91,54,141
1311313,92,64,134
1311413,91,39,140
1311513,92,52,144
1311614,94,66,147
1311714,98,70,143
1311814,99,55,145
1311914,98,58,151
1312014,98,76,144
1312114,92,65,148
1312214,93,62,144
1312314,93,58,138
1312414,93,66,132
1312515,94,67,139
1312616,98,48,144
1312716,98,54,136
1312816,96,55,142
1312916,100,72,143
1313016,105,68,144
1313116,106,73,161
1313217,106,66,154
1313317,107,68,153
1313418,112,78,163
1313518,108,75,155
1313618,107,75,152
1313719,103,67,154
1313820,102,67,153
1313920,99,65,146
1314020,99,51,147
1314120,99,75,143
1314220,98,65,148
1314320,100,76,152
1314420,100,85,146
1314520,98,68,140
1314621,97,62,139
1314721,95,50,146
1314821,91,57,129
1314922,91,48,130
1315022,97,74,139
1315122,97,70,137
1315222,101,68,153
1315322,104,75,151
1315422,99,56,143
1315522,100,57,145
1315622,96,68,145
1315722,97,58,152
1315822,100,71,140
1315923,103,62,153
1316023,110,66,154
1316124,119,83,168
1316224,138,97,186
1316324,146,119,191
1316424,161,139,208
1316524,171,128,227
1316624,176,136,228
1316725,180,134,218
1316825,174,141,224
1316925,173,144,224
1317025,173,142,218
1317125,171,134,220
1317225,173,123,215
1317325,174,128,220
1317425,177,118,219
1317525,177,139,222
1317625,183,137,230
1317725,181,148,228
1317825,180,140,229
1317925,180,151,220
1318025,180,132,235
1318125,181,151,219
1318225,181,148,226
1318325,185,144,230
1318425,184,156,231
1318525,183,146,229
1318625,179,124,228
1318725,178,148,220
1318825,178,140,225
1318925,180,156,230
1319026,180,134,229
1319126,181,145,227
1319226,181,145,224
1319326,180,144,224
1319427,177,142,222
1319527,179,142,220
1319627,179,138,226
1319727,180,143,228
1319827,182,145,227
1319928,180,143,230
1320028,180,144,238
1320129,179,141,223
1320229,176,130,229
1320330,178,134,220
1320430,179,144,226
1320530,177,149,215
1320631,178,143,238
1320731,177,143,224
1320831,177,134,232
1320931,178,135,217
1321031,180,129,220
1321132,179,149,222
1321233,180,147,224
1321333,178,145,229
1321433,179,140,224
1321534,183,147,226
1321634,183,134,231
1321734,187,135,240
1321834,184,138,238
1321935,185,151,229
1322036,183,143,234
1322136,181,135,229
1322236,181,159,228
1322336,181,130,217
1322437,184,150,233
1322537,182,153,224
1322637,183,129,224
1322737,183,138,236
1322838,183,126,228
1322938,188,139,241
1323038,186,143,229
1323138,183,147,228
1323238,185,143,228
1323338,185,150,236
1323438,180,147,225
1323538,179,133,224
1323638,178,146,225
1323738,176,142,229
1323838,177,128,222
1323938,179,138,229
1324038,186,148,234
1324139,185,160,244
1324240,181,132,233
1324341,181,148,233
1324441,179,138,221
1324541,181,139,216
1324641,184,142,230
1324741,185,153,233
1324841,187,151,241
1324941,189,147,240
1325041,189,145,230
1325141,189,137,240
1325241,189,163,234
1325341,190,151,243
1325441,188,163,235
1325541,188,147,235
1325642,186,146,234
1325742,182,142,227
1325842,179,138,225
1325942,176,142,223
1326042,175,136,220
1326143,171,145,219
1326243,173,133,224
1326343,175,141,230
1326443,177,140,227
1326543,177,120,237
1326643,183,138,225
1326743,183,148,228
1326844,190,151,226
1326944,197,162,254
1327044,206,172,261
1327145,220,161,269
1327245,227,181,276
1327345,238,196,285
1327445,247,199,295
1327546,252,213,297
1327646,265,232,309
1327746,269,237,318
1327847,278,240,332
1327948,277,240,327
1328048,274,242,330
1328149,273,234,333
1328249,279,237,326
1328349,278,233,317
1328449,273,233,322
1328549,276,250,317
1328650,274,218,319
1328750,274,235,315
1328850,275,237,320
1328950,276,232,330
1329050,272,211,328
1329150,276,230,331
1329250,274,236,317
1329351,274,239,326
1329451,274,237,319
1329551,275,233,320
1329652,276,230,320
1329752,274,237,318
1329853,273,225,330
1329953,273,224,322
1330054,271,235,325
1330154,273,233,319
1330255,276,244,325
1330355,273,232,316
1330455,277,251,329
1330555,278,220,327
1330655,280,230,329
1330755,286,241,331
1330855,279,226,328
1330955,281,250,330
1331055,282,249,335
1331156,282,244,330
1331256,281,234,330
1331356,283,241,326
1331456,280,249,338
1331556,282,239,316
1331656,284,233,338
1331756,285,248,337
1331856,284,220,327
1331956,288,251,331
1332056,290,246,346
1332156,292,258,345
1332256,289,240,334
1332356,289,258,331
1332456,284,244,349
1332556,281,233,332
1332657,279,231,328
1332757,277,219,324
1332857,278,257,329
1332958,281,243,338
1333059,278,251,324
1333159,280,246,332
1333259,279,242,324
1333360,278,242,320
1333460,274,225,321
1333560,275,230,332
1333660,276,240,329
1333761,276,235,332
1333861,273,234,313
1333961,273,244,324
1334061,266,241,320
1334161,265,230,313
1334261,267,223,307
1334361,268,229,318
1334461,272,227,332
1334561,275,214,321
1334662,271,228,326
1334762,273,230,329
1334862,272,230,321
1334962,273,239,322
1335063,272,223,317
1335163,272,242,319
1335263,272,230,320
1335363,272,214,319
1335463,271,235,319
1335563,268,232,306
1335663,269,223,320
1335763,273,241,320
1335863,271,220,316
1335963,277,241,328
1336063,279,248,317
1336163,273,236,333
1336263,275,255,320
1336364,277,245,328
1336464,278,240,318
1336564,281,223,335
1336664,283,253,332
1336764,284,241,337
1336864,277,242,323
1336965,279,215,337
1337065,282,236,332
1337165,281,241,327
1337265,282,253,335
1337366,283,244,322
1337466,278,261,331
1337566,281,239,329
1337666,286,242,332
1337766,298,257,343
1337866,307,266,364
1337966,314,279,351
1338066,326,293,367
1338166,336,300,387
1338266,343,309,383
1338366,351,319,400
1338466,356,304,411
1338566,359,312,412
1338666,350,311,400
1338766,351,311,401
1338866,350,315,396
1338966,349,318,397
1339066,349,328,401
1339166,346,306,393
1339266,346,317,396
1339366,348,301,398
1339466,356,310,410
1339566,357,304,397
1339666,353,320,397
1339766,351,321,397
1339866,346,313,395
1339967,346,300,397
1340067,346,306,388
1340167,345,307,388
1340267,344,285,401
1340367,348,311,405
1340467,348,316,403
1340567,351,299,401
1340667,347,311,394
1340768,338,294,384
1340869,338,292,393
1340969,340,312,390
1341069,342,320,386
1341169,343,300,389
1341269,340,293,396
1341370,340,299,377
1341470,343,304,394
1341570,346,306,394
1341670,345,305,394
1341770,341,293,396
1341870,344,304,394
1341971,346,314,392
1342071,345,315,394
1342172,348,300,399
1342272,342,315,389
1342372,342,316,390
1342472,340,316,395
1342572,341,314,386
1342672,343,296,388
1342772,345,319,396
1342872,349,297,398
1342972,355,315,403
1343072,352,309,401
1343173,354,304,398
1343273,354,321,401
1343373,354,319,400
1343473,353,306,397
1343573,353,307,409
1343673,358,317,406
1343774,351,305,400
1343874,349,321,397
1343974,349,323,407
1344074,350,311,400
1344174,349,299,390
1344275,353,314,399
1344376,356,324,402
1344476,361,328,408
1344576,362,314,404
1344677,356,315,403
1344777,357,311,404
1344878,360,319,397
1344978,358,329,407
1345079,357,321,407
1345179,353,315,409
1345279,353,314,401
1345379,355,308,394
1345480,358,329,407
1345580,355,331,405
1345680,354,317,405
1345780,359,316,412
1345880,362,321,400
1345980,364,330,412
1346081,360,340,417
1346181,361,314,411
1346281,362,316,415
1346381,361,323,403
1346482,361,322,408
1346582,359,314,398
1346682,362,325,409
1346783,370,337,431
1346884,380,353,429
1346984,389,350,433
1347085,405,353,457
1347186,416,367,457
1347286,422,364,479
1347386,424,397,470
1347486,429,388,475
1347586,429,403,484
1347686,424,377,475
1347786,423,373,473
1347886,421,395,470
1347986,417,388,471
1348086,418,369,460
1348187,418,376,465
1348287,418,376,467
1348387,418,378,476
1348487,420,375,466
1348588,423,374,464
1348688,424,403,462
1348788,416,375,464
1348888,421,374,471
1348988,424,368,467
1349088,429,398,477
1349188,428,386,477
1349288,433,391,481
1349389,435,388,487
1349489,432,399,488
1349589,428,390,479
1349689,426,392,474
1349789,426,385,473
1349889,420,381,463
1349989,414,371,461
1350089,416,389,474
1350189,419,374,481
1350289,417,353,467
1350389,412,376,452
1350490,415,371,472
1350590,416,365,460
1350690,416,376,462
1350791,414,361,460
1350891,416,393,465
1350991,412,365,453
1351091,414,383,457
1351192,416,376,466
1351293,417,376,471
1351393,420,382,475
1351493,421,381,471
1351594,420,363,473
1351694,417,366,465
1351795,411,374,456
1351895,408,365,457
1351995,408,372,453
1352095,412,378,463
1352195,411,374,456
1352295,419,395,470
1352396,422,387,471
1352496,422,397,463
1352597,421,381,473
1352698,421,379,476
1352798,426,379,473
1352898,424,387,470
1352998,431,397,474
1353098,442,414,493
1353199,462,423,514
1353299,476,430,528
1353400,505,481,542
1353500,525,487,571
1353600,552,520,604
1353701,561,516,607
1353801,575,546,628
1353901,577,538,621
1354001,593,543,657
1354101,587,533,632
1354201,585,530,633
1354302,581,529,627
1354402,582,547,626
1354502,583,552,627
1354602,586,542,650
1354702,597,558,645
1354802,601,553,641
1354902,601,566,644
1355002,608,564,648
1355102,596,573,645
1355202,596,556,647
1355302,599,559,656
1355402,588,540,632
1355503,592,556,647
1355603,590,562,636
1355703,591,545,632
1355804,593,555,645
1355904,589,558,635
1356004,599,561,647
1356105,593,561,651
1356205,594,559,647
1356305,588,543,637
1356405,592,539,633
1356506,592,547,646
1356606,584,544,632
1356706,594,531,644
1356806,597,548,646
1356906,599,554,640
1357006,597,569,654
1357106,594,549,646
1357206,591,561,644
1357306,594,561,645
1357407,600,539,658
1357507,597,556,650
1357607,585,546,629
1357708,581,540,632
1357809,581,539,621
1357910,577,550,624
1358010,577,531,633
1358110,571,541,613
1358210,577,537,629
1358310,577,524,627
1358410,578,536,635
1358510,581,544,634
1358610,587,535,626
1358710,576,537,624
1358810,583,549,627
1358910,584,540,629
1359010,584,540,631
1359111,582,535,627
1359211,583,543,635
1359311,585,544,628
1359411,581,533,634
1359511,580,554,620
1359612,583,526,624
1359712,576,530,620
1359812,577,533,628
1359912,573,542,623
1360012,570,527,615
1360112,571,533,614
1360212,571,530,619
1360312,575,559,623
1360412,587,532,630
1360513,611,565,661
1360613,624,579,687
1360714,663,628,722
1360814,702,670,757
1360914,733,687,786
1361014,766,724,814
1361114,793,741,840
1361214,806,769,860
1361314,820,771,868
1361414,820,784,859
1361515,824,777,878
1361615,825,780,874
1361715,821,773,865
1361815,828,790,893
1361915,829,794,875
1362015,829,789,877
1362115,818,763,881
1362215,812,753,855
1362315,806,759,853
1362416,823,788,873
1362516,825,786,867
1362616,807,773,849
1362716,795,747,851
1362816,805,763,853
1362916,797,767,843
1363016,798,750,848
1363116,795,747,850
1363216,790,749,838
1363316,804,766,855
1363416,806,779,857
1363516,804,759,851
1363616,808,772,856
1363716,817,778,871
1363817,831,794,878
1363917,816,801,866
1364017,823,791,872
1364117,819,764,863
1364218,808,753,860
1364318,772,722,819
1364418,778,726,823
1364519,777,743,826
1364620,771,734,824
1364720,793,756,845
1364821,779,755,833
1364921,788,724,837
1365021,787,746,835
1365121,782,747,829
1365221,767,713,816
1365321,778,738,828
1365421,764,734,812
1365521,759,716,805
1365621,766,712,813
1365721,766,727,814
1365821,755,709,806
1365922,755,715,808
1366022,764,713,805
1366122,763,715,818
1366223,741,695,792
1366323,755,716,800
1366424,754,699,796
1366524,780,743,828
1366624,772,717,821
1366725,801,764,847
1366825,796,738,841
1366925,803,768,848
1367025,824,779,878
1367125,806,759,850
1367226,815,777,867
1367327,829,798,875
1367427,836,806,891
1367527,850,805,895
1367627,841,806,891
1367727,842,783,900
1367827,839,808,879
1367928,850,814,899
1368028,840,799,887
1368128,837,802,882
1368228,832,791,875
1368329,821,794,880
1368430,830,792,884
1368530,833,795,885
1368630,824,779,871
1368730,830,787,879
1368830,834,798,886
1368930,838,799,885
1369030,859,822,898
1369130,834,800,875
1369230,820,771,870
1369331,837,801,883
1369431,824,771,869
1369531,837,810,881
1369631,841,782,891
1369731,847,817,899
1369832,851,813,897
1369932,856,810,908
1370032,868,844,908
1370132,857,813,901
1370233,829,782,877
1370333,832,803,866
1370434,757,651,863
1370534,407,203,1222
1370634,97,0,1169
1370734,8,0,39
1370834,2,0,29
1370934,3,0,31
1371034,1,0,28
1371135,0,0,20
1371236,0,0,31
1371337,0,0,25
1371437,0,0,24
1371538,0,0,17
1371638,0,0,23
1371738,1,0,33
1371838,1,0,18
1371938,0,0,30
1372038,1,0,29
1372138,0,0,27
1372238,0,0,29
1372338,0,0,26
1372438,0,0,37
1372539,0,0,22
1372639,1,0,30
1372740,0,0,29
1372840,0,0,20
1372940,0,0,29
1373040,1,0,31
1373140,0,0,14
1373240,0,0,27
1373340,0,0,20
1373440,1,0,24
1373540,0,0,21
1373640,0,0,20
1373740,0,0,19
1373840,0,0,32
1373940,0,0,23
1374041,1,0,22
1374141,0,0,26
1374241,0,0,19
1374341,1,0,37
1374441,0,0,25
1374541,0,0,29
1374641,0,0,23
1374742,0,0,26
1374842,1,0,31
1374942,0,0,22
1375042,0,0,20
1375142,0,0,32
1375242,1,0,18
1375342,0,0,29
1375442,0,0,26
1375542,1,0,21
1375642,0,0,35
1375743,0,0,28
1375843,1,0,30
1375943,0,0,14
1376043,0,0,25
1376143,0,0,24
1376243,0,0,21
1376344,1,0,31
1376444,1,0,32
1376544,0,0,23
1376644,1,0,32
1376744,0,0,30
1376844,0,0,29
1376945,0,0,30
1377045,0,0,25
1377145,1,0,34
1377245,0,0,25
1377346,1,0,26
1377446,0,0,21
1377547,0,0,17
1377647,1,0,23
1377747,0,0,29
1377847,0,0,30
1377947,0,0,17
1378047,0,0,22
1378148,0,0,23
1378248,0,0,34
1378348,0,0,20
1378448,0,0,24
1378548,0,0,10
1378648,0,0,23
1378748,0,0,35
1378848,0,0,29
1378948,0,0,25
1379048,1,0,28
1379149,1,0,19
1379250,1,0,33
1379350,0,0,23
1379450,1,0,37
1379550,0,0,19
1379650,0,0,27
1379750,0,0,28
1379851,1,0,34
1379951,0,0,28
1380051,0,0,21
1380151,0,0,23
1380251,0,0,31
1380352,0,0,15
1380452,1,0,22
1380552,0,0,25
1380652,0,0,31
1380752,0,0,22
1380852,1,0,28
1380953,0,0,18
1381053,0,0,32
1381153,0,0,18
1381253,0,0,28
1381353,0,0,24
1381453,0,0,15
1381553,0,0,28
1381654,1,0,27
1381755,1,0,37
1381855,1,0,21
1381955,0,0,24
1382055,0,0,23
1382155,0,0,34
1382255,0,0,24
1382356,0,0,43
1382457,1,0,22
1382557,0,0,24
1382657,0,0,21
1382757,0,0,26
1382857,0,0,26
1382957,0,0,21
1383057,0,0,27
1383157,0,0,16
1383257,0,0,22
1383358,0,0,29
1383458,0,0,14
1383558,0,0,39
1383658,0,0,23
1383758,0,0,32
1383858,0,0,22
1383958,1,0,16
1384058,0,0,28
1384158,0,0,14
1384258,0,0,25
1384358,0,0,27
1384458,0,0,20
1384558,0,0,24
1384658,0,0,24
1384759,0,0,23

Test8:
1507204,1,0,21
1507304,1,0,35
1507404,1,0,23
1507504,1,0,36
1507605,1,0,20
1507705,0,0,24
1507806,1,0,19
1507906,0,0,24
1508006,1,0,26
1508106,1,0,29
1508207,1,0,31
1508307,1,0,18
1508407,0,0,18
1508508,1,0,29
1508608,0,0,20
1508708,1,0,26
1508808,0,0,30
1508908,1,0,33
1509009,0,0,28
1509109,1,0,24
1509209,1,0,23
1509309,1,0,22
1509409,1,0,30
1509509,0,0,18
1509609,1,0,28
1509709,1,0,23
1509809,1,0,22
1509909,1,0,30
1510009,1,0,32
1510109,1,0,28
1510209,1,0,26
1510310,1,0,27
1510410,1,0,25
1510511,1,0,23
1510611,1,0,24
1510711,1,0,31
1510811,1,0,25
1510911,0,0,27
1511012,0,0,19
1511112,1,0,16
1511212,0,0,20
1511312,1,0,29
1511413,0,0,22
1511513,1,0,26
1511613,1,0,15
1511713,1,0,22
1511813,1,0,36
1511913,1,0,26
1512013,1,0,28
1512113,1,0,21
1512213,1,0,35
1512313,1,0,27
1512414,1,0,24
1512514,1,0,30
1512614,0,0,37
1512714,0,0,12
1512814,1,0,22
1512914,1,0,32
1513014,1,0,32
1513114,0,0,22
1513214,1,0,33
1513315,1,0,34
1513416,0,0,26
1513517,1,0,28
1513617,1,0,23
1513717,0,0,36
1513817,1,0,23
1513917,0,0,25
1514018,0,0,34
1514119,1,0,22
1514219,1,0,21
1514319,1,0,27
1514419,0,0,16
1514519,1,0,22
1514619,1,0,21
1514720,1,0,35
1514820,0,0,27
1514920,1,0,26
1515020,0,0,27
1515120,1,0,25
1515220,1,0,37
1515320,0,0,19
1515420,1,0,26
1515520,1,0,21
1515620,1,0,36
1515720,0,0,21
1515820,1,0,29
1515920,0,0,19
1516021,0,0,23
1516121,1,0,27
1516221,1,0,41
1516321,1,0,26
1516421,1,0,22
1516521,1,0,24
1516621,1,0,23
1516721,0,0,14
1516821,0,0,26
1516921,1,0,28
1517021,1,0,28
1517121,1,0,26
1517221,0,0,26
1517321,1,0,32
1517421,1,0,33
1517521,1,0,24
1517621,1,0,26
1517721,1,0,37
1517821,1,0,29
1517921,0,0,27
1518021,0,0,21
1518121,0,0,22
1518222,1,0,33
1518322,1,0,20
1518422,0,0,35
1518522,0,0,24
1518623,1,0,23
1518724,0,0,26
1518824,3,0,24
1518925,2,0,27
1519025,3,0,32
1519125,1,0,29
1519225,1,0,29
1519325,2,0,25
1519426,3,0,28
1519527,2,0,24
1519627,2,0,22
1519727,2,0,28
1519827,3,0,30
1519928,2,0,21
1520028,3,0,22
1520128,1,0,32
1520228,3,0,38
1520328,3,0,25
1520428,2,0,33
1520528,3,0,35
1520629,2,0,26
1520730,2,0,38
1520830,2,0,32
1520931,3,0,27
1521031,3,0,27
1521131,1,0,27
1521231,2,0,26
1521331,2,0,32
1521431,2,0,29
1521531,2,0,28
1521631,2,0,27
1521731,3,0,24
1521831,2,0,28
1521932,1,0,29
1522032,2,0,35
1522132,2,0,31
1522232,2,0,40
1522332,2,0,24
1522432,2,0,24
1522532,2,0,34
1522632,3,0,30
1522733,1,0,29
1522834,1,0,27
1522935,3,0,21
1523035,3,0,27
1523135,2,0,34
1523235,1,0,25
1523335,2,0,29
1523435,2,0,36
1523535,2,0,25
1523636,3,0,32
1523736,3,0,21
1523837,2,0,27
1523937,2,0,28
1524037,2,0,23
1524137,3,0,30
1524238,2,0,22
1524338,3,0,26
1524438,2,0,24
1524538,3,0,35
1524638,2,0,33
1524738,3,0,34
1524838,0,0,24
1524938,1,0,30
1525038,7,0,50
1525139,12,0,51
1525239,20,0,56
1525340,32,6,73
1525440,41,21,81
1525541,57,26,100
1525641,73,46,126
1525741,82,68,127
1525841,85,41,124
1525941,86,47,130
1526041,88,28,132
1526141,87,41,131
1526241,86,60,138
1526341,88,47,117
1526441,86,64,124
1526541,89,38,125
1526641,86,51,129
1526741,87,49,125
1526841,87,36,137
1526942,88,48,128
1527042,87,71,128
1527142,88,59,134
1527243,88,51,121
1527343,89,70,133
1527443,90,58,135
1527543,93,43,136
1527643,92,59,136
1527743,93,56,138
1527843,95,51,130
1527943,93,69,142
1528043,97,67,143
1528143,98,70,145
1528243,98,61,148
1528344,100,74,152
1528444,100,70,152
1528544,94,59,131
1528644,95,58,129
1528745,97,53,143
1528845,96,69,141
1528945,92,80,149
1529045,89,55,141
1529145,89,52,135
1529245,91,62,141
1529345,90,64,130
1529445,88,53,139
1529545,86,49,135
1529645,86,69,138
1529746,85,54,129
1529846,84,60,127
1529946,84,46,135
1530047,82,41,122
1530148,84,33,129
1530248,85,46,124
1530349,89,56,134
1530449,87,54,126
1530549,86,50,133
1530649,88,65,130
1530749,88,74,136
1530849,88,60,134
1530949,86,46,131
1531049,82,43,125
1531149,82,56,123
1531249,84,50,120
1531349,80,46,117
1531449,83,66,134
1531550,84,37,129
1531650,82,51,118
1531750,86,51,125
1531851,85,55,128
1531952,83,57,127
1532052,86,57,133
1532153,86,44,148
1532253,84,59,130
1532353,82,56,130
1532453,82,49,131
1532553,81,57,131
1532653,82,43,123
1532753,81,35,129
1532853,91,51,133
1532953,94,78,140
1533054,104,77,142
1533155,114,79,159
1533255,124,87,185
1533355,133,93,186
1533455,144,105,183
1533555,150,113,189
1533655,154,112,209
1533755,156,123,199
1533855,155,123,197
1533955,156,104,209
1534055,155,135,204
1534156,156,114,202
1534256,158,113,212
1534357,153,127,200
1534457,156,119,203
1534557,158,133,207
1534657,157,112,209
1534757,159,113,204
1534857,163,119,213
1534958,164,139,213
1535059,162,139,207
1535159,163,122,208
1535260,162,134,212
1535360,165,122,211
1535461,162,113,204
1535562,162,127,209
1535662,162,128,210
1535762,162,111,211
1535862,163,137,201
1535962,162,132,212
1536062,158,113,217
1536162,158,109,205
1536263,153,112,197
1536363,151,97,203
1536463,152,108,200
1536563,149,122,195
1536663,150,106,190
1536763,151,116,200
1536863,152,114,200
1536963,150,119,203
1537063,152,114,209
1537163,152,115,198
1537263,152,118,193
1537364,152,120,192
1537464,152,118,194
1537564,152,118,196
1537664,151,111,202
1537764,151,105,200
1537865,152,123,188
1537965,149,125,196
1538065,150,115,195
1538165,152,117,195
1538265,153,126,193
1538365,153,129,201
1538465,150,117,193
1538566,152,117,201
1538667,154,122,197
1538767,154,144,203
1538868,152,106,198
1538969,153,116,200
1539069,155,120,202
1539169,155,113,201
1539269,154,116,194
1539370,155,127,202
1539470,156,118,203
1539571,156,122,199
1539671,156,111,195
1539772,154,126,212
1539873,159,132,200
1539973,160,118,208
1540073,159,119,199
1540173,157,126,200
1540273,159,113,200
1540373,159,121,198
1540473,161,111,221
1540573,161,131,203
1540673,159,110,209
1540773,157,118,206
1540873,156,129,200
1540974,158,127,205
1541074,156,103,202
1541175,156,135,195
1541275,156,117,206
1541376,157,121,199
1541476,155,119,194
1541576,153,120,191
1541676,152,111,207
1541777,154,125,206
1541877,155,126,195
1541977,155,111,205
1542077,157,93,199
1542177,157,123,207
1542277,155,116,209
1542377,155,116,206
1542477,156,121,207
1542578,156,118,204
1542678,156,115,200
1542778,157,107,206
1542878,156,121,212
1542978,151,113,196
1543078,149,117,186
1543178,145,115,195
1543278,146,115,191
1543379,147,128,197
1543479,149,110,190
1543579,150,121,194
1543679,150,117,195
1543779,154,104,199
1543879,156,122,203
1543979,155,119,198
1544079,155,117,206
1544180,154,114,196
1544280,154,123,204
1544380,152,112,199
1544480,154,114,198
1544581,152,98,197
1544681,152,107,197
1544781,153,108,203
1544881,154,129,210
1544981,158,128,203
1545081,166,113,207
1545182,182,141,236
1545282,196,163,242
1545382,207,189,261
1545482,225,184,268
1545582,236,205,277
1545682,236,202,281
1545782,242,207,289
1545882,243,202,299
1545982,244,198,293
1546082,246,193,296
1546183,245,202,295
1546283,244,205,299
1546383,242,216,283
1546483,246,212,285
1546584,243,190,288
1546684,236,190,292
1546785,235,185,291
1546885,235,207,277
1546986,232,179,280
1547086,229,200,285
1547186,227,183,278
1547286,230,173,275
1547386,234,210,277
1547486,232,195,279
1547586,235,201,283
1547686,234,193,277
1547786,230,194,276
1547886,228,194,274
1547986,224,189,276
1548086,222,183,275
1548186,224,184,270
1548286,223,171,267
1548387,226,190,271
1548487,232,182,265
1548587,231,191,278
1548688,233,189,285
1548789,230,187,280
1548890,230,180,268
1548990,231,199,272
1549091,233,202,277
1549191,236,190,290
1549291,234,191,281
1549391,239,201,275
1549491,240,207,290
1549591,242,207,289
1549692,242,183,291
1549792,241,205,302
1549892,242,199,285
1549993,241,194,287
1550093,244,212,290
1550193,244,216,293
1550293,241,196,294
1550393,241,189,296
1550494,240,212,282
1550594,240,199,286
1550694,237,202,277
1550794,236,202,285
1550894,234,196,287
1550994,237,183,289
1551095,235,193,285
1551195,238,192,282
1551295,240,193,284
1551396,240,203,286
1551496,238,201,292
1551596,236,193,281
1551697,236,181,280
1551797,240,214,290
1551898,238,200,289
1551998,239,209,283
1552098,241,219,289
1552198,238,209,294
1552298,237,211,289
1552398,240,203,284
1552498,242,192,292
1552598,240,198,286
1552698,236,204,285
1552799,234,198,276
1552899,238,213,289
1552999,243,210,290
1553099,248,214,294
1553200,256,228,301
1553301,260,223,305
1553402,269,222,318
1553502,277,227,321
1553603,286,255,339
1553703,291,259,334
1553803,297,252,342
1553903,300,254,336
1554003,303,260,354
1554103,302,274,339
1554203,304,276,359
1554304,303,248,359
1554405,308,276,351
1554506,311,269,348
1554606,313,284,355
1554706,308,279,366
1554806,300,252,342
1554906,300,258,350
1555006,302,251,345
1555106,298,256,342
1555206,298,262,349
1555306,297,258,344
1555407,294,262,335
1555507,297,264,362
1555607,294,266,341
1555707,295,262,339
1555807,292,255,342
1555907,293,266,337
1556007,293,253,346
1556107,287,247,339
1556207,288,270,334
1556307,291,246,341
1556407,290,248,342
1556507,289,236,337
1556607,289,245,340
1556707,289,248,339
1556807,288,238,333
1556907,291,243,327
1557008,290,258,340
1557109,294,254,344
1557210,295,248,340
1557310,305,263,349
1557410,304,255,353
1557511,304,277,353
1557612,301,253,352
1557712,299,263,352
1557812,300,253,344
1557913,295,234,340
1558013,298,262,353
1558113,299,251,353
1558213,296,252,334
1558313,291,248,336
1558413,296,254,347
1558514,296,253,346
1558615,300,263,345
1558715,298,254,345
1558816,294,265,344
1558916,295,253,345
1559016,301,240,346
1559116,302,259,354
1559217,302,262,359
1559318,299,267,351
1559419,301,251,349
1559519,297,268,341
1559619,295,242,347
1559720,292,259,342
1559820,296,241,342
1559921,303,252,345
1560021,303,267,360
1560121,304,275,360
1560221,307,270,356
1560321,307,274,357
1560421,305,267,347
1560521,305,273,350
1560621,309,280,357
1560721,310,267,364
1560821,303,273,348
1560921,312,278,361
1561021,321,275,371
1561122,333,298,380
1561222,344,303,396
1561323,354,317,407
1561423,359,312,414
1561523,363,321,404
1561623,374,334,438
1561723,374,325,419
1561824,371,348,428
1561924,369,320,416
1562025,367,322,417
1562125,367,350,421
1562225,370,342,426
1562325,374,333,416
1562426,370,336,412
1562526,366,324,422
1562626,363,326,416
1562726,359,301,407
1562827,364,337,415
1562927,363,340,413
1563027,363,313,423
1563127,361,306,412
1563228,358,313,396
1563328,357,317,409
1563429,361,320,411
1563530,358,327,416
1563630,356,328,397
1563731,359,323,404
1563831,358,310,407
1563931,356,324,411
1564031,355,317,401
1564131,357,311,406
1564231,356,330,398
1564331,354,307,399
1564431,352,327,392
1564532,352,310,408
1564632,350,320,402
1564732,351,305,396
1564832,350,311,404
1564932,346,302,394
1565032,348,305,388
1565133,347,300,392
1565233,351,303,394
1565333,355,320,400
1565433,356,309,401
1565533,353,319,395
1565633,354,309,404
1565733,356,337,402
1565833,354,322,406
1565933,355,313,407
1566034,357,322,415
1566135,356,332,405
1566235,355,312,397
1566335,360,319,402
1566435,362,310,403
1566535,359,312,401
1566635,359,317,399
1566735,358,325,402
1566835,357,321,409
1566936,360,311,413
1567036,361,312,407
1567136,370,335,413
1567236,378,337,426
1567336,384,342,422
1567436,395,359,444
1567536,414,353,459
1567636,429,384,470
1567736,449,409,495
1567836,465,402,515
1567936,477,437,524
1568036,496,475,544
1568136,507,462,549
1568236,519,470,575
1568337,518,478,575
1568437,540,491,589
1568538,534,481,583
1568638,521,476,567
1568738,516,488,563
1568838,527,499,585
1568938,518,483,572
1569038,514,470,564
1569138,517,481,566
1569239,528,494,575
1569339,522,484,579
1569439,521,487,567
1569539,521,479,571
1569639,515,462,562
1569739,506,470,567
1569839,506,466,553
1569940,499,449,545
1570041,505,451,550
1570141,506,448,549
1570241,519,476,561
1570341,517,469,562
1570441,521,486,574
1570541,516,465,560
1570641,512,459,560
1570741,508,464,558
1570841,512,470,556
1570941,511,489,569
1571041,512,472,565
1571141,499,459,549
1571241,509,464,554
1571341,517,474,561
1571441,515,490,583
1571541,516,492,555
1571641,507,475,563
1571741,510,462,557
1571841,510,466,561
1571942,514,458,567
1572043,514,482,558
1572144,506,472,562
1572245,501,472,553
1572345,494,450,544
1572445,501,449,550
1572545,500,447,554
1572645,504,470,548
1572745,508,467,555
1572845,513,472,559
1572945,516,467,564
1573045,512,465,572
1573145,509,469,559
1573246,512,467,552
1573346,509,478,553
1573447,510,477,561
1573547,514,463,563
1573647,516,474,562
1573747,515,478,560
1573848,509,460,567
1573948,514,484,559
1574048,505,463,556
1574148,510,470,562
1574248,504,458,551
1574348,507,457,557
1574448,506,462,547
1574548,504,468,553
1574648,510,457,557
1574748,510,472,557
1574848,502,460,560
1574949,505,461,557
1575049,500,459,548
1575149,502,455,550
1575249,506,473,556
1575349,507,469,559
1575449,512,474,563
1575549,516,463,568
1575649,526,473,576
1575750,529,484,579
1575850,521,485,570
1575951,511,479,551
1576051,512,476,558
1576151,507,460,561
1576251,509,474,555
1576351,515,454,569
1576451,519,480,565
1576551,528,488,580
1576651,523,491,568
1576751,518,472,571
1576851,520,492,561
1576951,522,479,574
1577051,521,479,574
1577151,523,480,568
1577251,523,475,563
1577351,519,479,564
1577451,523,492,570
1577551,527,479,574
1577651,521,485,572
1577751,518,470,569
1577851,520,496,564
1577951,528,487,578
1578051,535,487,577
1578151,529,496,579
1578252,534,501,587
1578352,541,495,582
1578453,545,499,594
1578553,544,510,592
1578653,531,501,572
1578753,539,507,586
1578853,538,495,592
1578953,522,480,577
1579053,533,503,575
1579153,542,509,595
1579253,558,525,613
1579353,579,542,621
1579453,593,546,634
1579553,616,585,662
1579653,643,605,697
1579754,656,633,698
1579854,664,616,729
1579954,677,631,721
1580054,683,644,731
1580154,726,693,778
1580254,709,658,764
1580354,713,690,759
1580454,714,693,770
1580554,719,677,777
1580654,717,682,759
1580755,720,679,770
1580855,726,687,779
1580955,722,676,776
1581055,720,678,776
1581156,732,702,778
1581256,731,697,783
1581356,728,685,778
1581456,727,671,772
1581556,712,668,758
1581656,706,664,750
1581756,711,670,754
1581857,710,680,766
1581958,709,677,758
1582058,710,677,759
1582158,703,670,755
1582258,706,654,753
1582358,723,686,766
1582458,728,692,774
1582558,720,678,759
1582658,716,678,760
1582758,721,672,767
1582858,708,676,752
1582958,709,673,757
1583058,695,646,744
1583158,691,661,746
1583258,682,640,726
1583358,678,635,722
1583458,676,632,722
1583558,657,624,718
1583658,669,619,716
1583759,677,640,727
1583859,680,644,719
1583959,685,643,722
1584060,697,672,734
1584160,705,663,754
1584260,711,670,762
1584361,702,654,742
1584461,699,647,749
1584561,702,655,755
1584661,706,649,747
1584762,709,666,755
1584863,689,660,734
1584963,692,647,735
1585063,683,644,731
1585163,687,636,738
1585263,676,651,728
1585363,666,629,723
1585463,661,611,697
1585563,674,632,723
1585663,672,629,724
1585763,675,630,720
1585863,671,638,713
1585963,671,615,717
1586064,667,614,712
1586164,647,592,696
1586264,659,624,713
1586364,656,613,698
1586465,663,621,717
1586565,661,628,712
1586665,651,614,701
1586765,655,613,711
1586865,641,591,687
1586965,634,603,682
1587065,646,602,692
1587165,628,585,675
1587265,632,592,686
1587365,643,595,688
1587465,643,605,697
1587566,649,610,696
1587666,649,611,700
1587766,642,598,696
1587866,650,616,701
1587967,649,603,695
1588067,661,622,710
1588167,666,619,715
1588267,652,623,714
1588367,630,542,719
1588467,339,169,1017
1588567,81,0,1043
1588667,8,0,32
1588767,4,0,34
1588867,3,0,28
1588967,3,0,25
1589067,0,0,33
1589167,0,0,26
1589267,0,0,27
1589367,1,0,30
1589467,0,0,19
1589568,0,0,29
1589668,1,0,28
1589768,1,0,27
1589868,1,0,38
1589968,0,0,20
1590068,0,0,24
1590168,0,0,27
1590268,0,0,17
1590368,0,0,27
1590468,0,0,17
1590568,0,0,33
1590668,0,0,23
1590768,0,0,32
1590868,1,0,28
1590968,0,0,26
1591068,0,0,14
1591168,0,0,27
1591268,0,0,21
1591368,1,0,23
1591468,0,0,27
1591568,0,0,29
1591668,0,0,31
1591768,0,0,29
1591868,0,0,23
1591968,0,0,22
1592068,0,0,24
1592168,0,0,19
1592269,0,0,26
1592369,0,0,23
1592469,0,0,27
1592569,0,0,36
1592669,0,0,18
1592770,0,0,34
1592870,0,0,29
1592970,0,0,27
1593070,0,0,16
1593171,0,0,29
1593271,2,0,28
1593371,3,0,27
1593471,4,0,41
1593571,8,0,40
1593671,17,0,62
1593771,17,0,49
1593871,14,0,65
1593971,3,0,36
1594071,1,0,22
1594171,1,0,34
1594271,0,0,24
1594371,0,0,21
1594471,0,0,27
1594571,0,0,34
1594671,0,0,21
1594772,0,0,19
1594872,0,0,24
1594973,0,0,21
1595074,0,0,32
1595174,0,0,22
1595274,0,0,18
1595374,0,0,22
1595474,0,0,21
1595574,1,0,37
1595674,0,0,30
1595775,0,0,24
1595875,0,0,33
1595975,0,0,27
1596075,0,0,27
1596176,0,0,20
1596276,1,0,25
1596376,1,0,27
1596477,1,0,31
1596577,0,0,26
1596677,0,0,29
1596777,0,0,28
1596877,0,0,23
1596977,1,0,27
1597077,1,0,27
1597177,0,0,23
1597277,0,0,22
1597378,0,0,25
1597478,0,0,15
1597578,1,0,22
1597678,0,0,21
1597778,0,0,30
1597878,0,0,14
1597978,0,0,17
1598078,0,0,21
1598178,0,0,28
1598278,0,0,32
1598378,0,0,21
1598478,1,0,26
1598578,0,0,26
1598678,0,0,28
1598778,1,0,26
1598878,0,0,14
1598979,0,0,29
1599079,1,0,38
1599179,0,0,29
1599279,1,0,28
1599379,0,0,27
1599479,1,0,24
1599579,0,0,23
1599679,0,0,32
1599779,0,0,31
1599880,1,0,23

Test9:
1709594,0,0,33
1709695,0,0,24
1709795,1,0,30
1709896,1,0,26
1709996,1,0,24
1710096,1,0,27
1710196,1,0,30
1710296,1,0,26
1710396,0,0,22
1710496,0,0,27
1710596,0,0,26
1710696,1,0,32
1710796,1,0,38
1710897,1,0,21
1710997,1,0,27
1711098,0,0,14
1711198,1,0,31
1711298,0,0,23
1711398,1,0,32
1711498,1,0,26
1711598,0,0,27
1711698,1,0,20
1711798,0,0,22
1711898,1,0,30
1711998,1,0,34
1712099,1,0,24
1712199,1,0,25
1712299,1,0,21
1712399,1,0,23
1712499,1,0,19
1712599,1,0,25
1712699,0,0,19
1712800,0,0,27
1712901,0,0,29
1713001,1,0,27
1713101,1,0,24
1713201,1,0,21
1713301,1,0,29
1713402,1,0,19
1713502,1,0,29
1713602,1,0,27
1713702,1,0,37
1713802,0,0,26
1713902,0,0,29
1714003,1,0,22
1714103,1,0,34
1714203,1,0,34
1714303,1,0,23
1714404,1,0,19
1714504,1,0,23
1714605,1,0,31
1714705,1,0,29
1714805,1,0,38
1714905,1,0,27
1715005,1,0,32
1715105,1,0,22
1715205,1,0,36
1715305,0,0,32
1715405,0,0,28
1715505,1,0,13
1715605,1,0,26
1715705,0,0,30
1715805,1,0,31
1715905,1,0,28
1716005,0,0,22
1716105,1,0,29
1716205,0,0,20
1716305,1,0,33
1716405,1,0,35
1716505,1,0,23
1716605,0,0,24
1716705,1,0,23
1716805,1,0,24
1716905,1,0,31
1717005,0,0,27
1717106,0,0,26
1717206,1,0,31
1717306,0,0,24
1717406,0,0,30
1717506,0,0,18
1717606,1,0,24
1717707,1,0,37
1717807,1,0,20
1717907,1,0,21
1718007,1,0,19
1718107,1,0,30
1718207,1,0,31
1718307,0,0,17
1718407,1,0,22
1718507,1,0,33
1718608,1,0,24
1718708,1,0,29
1718809,1,0,21
1718910,1,0,19
1719010,1,0,26
1719110,0,0,23
1719210,1,0,22
1719311,1,0,23
1719412,1,0,36
1719512,3,0,41
1719613,1,0,30
1719714,2,0,50
1719814,3,0,28
1719914,3,0,22
1720014,2,0,25
1720114,2,0,26
1720214,3,0,22
1720314,3,0,31
1720414,2,0,33
1720514,3,0,25
1720614,2,0,32
1720714,2,0,20
1720814,3,0,31
1720915,2,0,29
1721015,3,0,30
1721115,2,0,30
1721215,2,0,26
1721315,2,0,26
1721415,3,0,33
1721515,2,0,37
1721615,2,0,28
1721716,2,0,33
1721816,2,0,24
1721916,3,0,25
1722016,2,0,24
1722116,3,0,28
1722216,1,0,29
1722316,3,0,24
1722416,3,0,31
1722517,2,0,24
1722617,2,0,28
1722717,1,0,33
1722817,1,0,29
1722917,2,0,29
1723017,2,0,25
1723117,2,0,38
1723217,3,0,33
1723317,3,0,33
1723417,2,0,36
1723517,2,0,34
1723618,2,0,25
1723718,2,0,31
1723818,2,0,33
1723918,1,0,36
1724019,3,0,34
1724120,3,0,35
1724220,2,0,22
1724320,3,0,31
1724421,2,0,36
1724521,2,0,21
1724621,2,0,31
1724721,3,0,37
1724822,2,0,24
1724923,3,0,26
1725023,2,0,24
1725123,4,0,33
1725223,3,0,31
1725324,2,0,36
1725424,2,0,34
1725524,1,0,32
1725624,3,0,33
1725724,1,0,29
1725824,3,0,23
1725924,12,0,47
1726024,19,0,59
1726125,29,2,61
1726225,44,16,81
1726325,58,19,102
1726425,67,40,106
1726525,82,50,124
1726626,87,58,137
1726726,94,46,143
1726826,96,65,144
1726926,108,73,157
1727026,105,91,145
1727127,106,60,154
1727228,103,66,155
1727328,106,68,153
1727428,103,60,144
1727528,100,66,144
1727628,100,85,146
1727728,101,66,142
1727828,99,67,145
1727928,103,63,148
1728028,104,50,153
1728128,104,72,151
1728228,105,85,156
1728329,105,62,153
1728429,108,85,156
1728529,106,80,145
1728629,107,80,147
1728729,107,71,156
1728829,106,81,155
1728929,108,62,151
1729029,107,78,147
1729130,111,88,153
1729230,108,82,158
1729331,109,77,152
1729431,105,90,151
1729531,104,73,141
1729631,104,67,151
1729732,100,69,143
1729832,101,70,143
1729933,103,88,148
1730033,105,56,153
1730133,102,65,138
1730233,104,70,153
1730333,104,62,144
1730434,105,75,148
1730534,103,70,141
1730634,101,53,150
1730734,103,74,149
1730834,99,47,144
1730934,100,67,142
1731034,103,57,149
1731134,102,72,138
1731235,104,74,151
1731335,105,62,149
1731436,108,85,149
1731536,107,60,147
1731636,103,64,145
1731736,101,78,136
1731836,104,68,150
1731936,105,67,149
1732036,105,71,152
1732136,107,77,149
1732236,107,70,156
1732336,104,68,148
1732436,105,84,152
1732536,101,60,146
1732636,101,68,149
1732736,100,66,154
1732836,99,57,139
1732937,101,78,147
1733037,97,67,143
1733137,98,63,147
1733237,93,53,134
1733337,94,61,141
1733437,96,65,144
1733537,100,64,152
1733637,99,57,143
1733737,96,64,137
1733838,96,62,140
1733939,97,59,150
1734039,94,72,139
1734139,96,59,136
1734239,93,49,137
1734340,93,64,135
1734440,96,52,140
1734540,97,66,151
1734640,97,56,140
1734740,100,56,152
1734841,101,73,146
1734941,97,73,144
1735041,98,61,155
1735141,102,60,152
1735241,111,71,157
1735341,115,86,160
1735441,123,88,175
1735541,131,101,177
1735641,140,99,189
1735741,148,104,194
1735841,160,124,203
1735941,160,124,214
1736041,169,138,225
1736141,171,119,223
1736241,171,130,219
1736341,181,139,224
1736441,179,135,227
1736541,177,151,224
1736641,174,140,224
1736741,173,142,225
1736841,169,140,207
1736941,164,111,215
1737041,165,120,219
1737141,166,140,208
1737241,166,128,218
1737341,169,127,218
1737441,168,134,220
1737541,172,138,223
1737641,177,133,222
1737741,175,139,229
1737841,174,139,223
1737941,175,130,218
1738041,172,127,221
1738141,175,150,229
1738242,177,141,220
1738342,174,125,225
1738442,173,144,220
1738542,175,143,213
1738642,176,153,220
1738742,174,131,227
1738842,172,139,221
1738942,174,127,223
1739042,177,150,220
1739142,180,131,217
1739242,180,155,227
1739342,180,149,223
1739442,175,126,222
1739542,173,129,222
1739642,174,128,221
1739742,178,145,233
1739842,176,138,221
1739942,176,141,220
1740042,177,141,233
1740142,177,144,224
1740242,180,131,230
1740342,179,144,221
1740443,176,151,217
1740543,169,132,216
1740643,169,126,217
1740743,166,116,209
1740844,167,125,214
1740944,166,140,215
1741044,166,129,209
1741144,166,127,221
1741244,165,121,217
1741344,167,120,207
1741444,172,126,213
1741544,175,142,224
1741644,179,144,224
1741745,180,150,226
1741845,178,144,223
1741945,174,145,214
1742045,177,126,223
1742145,178,140,223
1742245,179,145,229
1742345,176,129,218
1742445,175,148,221
1742545,176,138,226
1742645,180,151,227
1742745,188,158,231
1742845,201,174,244
1742945,209,173,256
1743045,219,169,270
1743146,232,178,288
1743247,241,214,292
1743347,249,203,303
1743447,254,223,305
1743547,257,216,304
1743647,260,232,303
1743748,264,208,304
1743849,266,230,321
1743950,265,225,313
1744051,266,223,309
1744151,264,245,314
1744251,261,215,320
1744351,266,225,310
1744452,263,213,300
1744552,265,245,312
1744652,261,227,299
1744752,266,244,317
1744852,268,224,333
1744952,266,216,312
1745052,271,249,326
1745153,269,233,317
1745253,263,222,309
1745353,268,225,316
1745453,267,234,322
1745553,270,240,313
1745653,270,217,311
1745753,267,228,317
1745853,265,230,313
1745954,265,239,318
1746054,263,226,316
1746154,260,217,321
1746254,258,229,302
1746354,258,221,300
1746454,261,210,308
1746555,263,232,302
1746656,264,224,313
1746756,259,230,313
1746857,258,227,302
1746957,260,211,318
1747057,258,216,296
1747157,257,215,302
1747257,263,223,316
1747357,265,221,306
1747457,263,222,313
1747557,265,230,317
1747658,263,225,311
1747758,259,219,307
1747858,256,226,301
1747958,258,224,302
1748058,257,215,305
1748158,259,227,300
1748258,254,213,300
1748358,255,207,308
1748458,252,200,299
1748558,251,209,298
1748659,255,210,306
1748759,253,216,301
1748859,251,217,302
1748960,252,221,309
1749061,252,214,297
1749161,254,208,295
1749261,259,230,313
1749362,263,215,310
1749462,267,233,303
1749563,268,213,313
1749663,265,220,323
1749764,262,212,318
1749864,264,230,313
1749964,264,244,315
1750065,262,214,307
1750165,258,216,307
1750265,255,214,305
1750365,255,200,298
1750465,252,209,294
1750565,252,190,300
1750665,252,210,304
1750766,250,212,297
1750866,253,213,303
1750966,252,234,305
1751066,255,220,301
1751166,254,233,299
1751266,254,220,301
1751366,256,225,310
1751466,258,232,299
1751566,261,227,310
1751666,263,221,310
1751766,262,213,306
1751867,261,226,310
1751967,260,223,306
1752067,257,220,304
1752167,258,225,305
1752267,258,212,301
1752368,262,226,305
1752469,264,222,307
1752569,266,224,315
1752670,265,227,319
1752770,264,231,312
1752870,264,232,307
1752970,264,217,317
1753071,260,209,313
1753171,265,215,308
1753271,261,227,308
1753371,271,215,319
1753471,282,255,328
1753572,300,261,341
1753673,314,275,361
1753773,323,297,362
1753873,324,283,368
1753973,330,302,375
1754074,329,293,365
1754174,323,278,366
1754274,320,258,364
1754375,322,276,364
1754475,319,294,364
1754575,326,302,375
1754675,325,283,375
1754775,323,277,372
1754875,328,265,374
1754975,331,303,374
1755075,329,278,375
1755175,325,289,379
1755275,327,287,371
1755375,330,291,378
1755475,330,295,373
1755575,329,287,382
1755676,328,303,378
1755776,323,279,364
1755876,320,282,369
1755977,321,294,373
1756077,323,277,378
1756177,325,304,376
1756277,330,310,366
1756377,331,291,389
1756477,324,280,387
1756577,325,269,371
1756677,326,273,369
1756778,325,270,367
1756878,328,278,379
1756978,326,269,375
1757079,325,285,370
1757179,331,283,372
1757279,327,304,382
1757379,321,289,365
1757479,319,297,367
1757580,323,279,370
1757680,326,275,374
1757781,325,288,373
1757881,324,289,371
1757981,329,289,382
1758081,329,293,379
1758181,335,297,384
1758281,331,282,385
1758381,331,278,382
1758482,336,291,381
1758582,339,294,391
1758682,341,306,388
1758782,341,304,388
1758882,339,305,392
1758983,345,309,393
1759083,343,316,392
1759183,338,311,383
1759283,335,305,393
1759383,331,302,366
1759483,331,300,371
1759583,326,292,367
1759683,329,286,387
1759783,330,286,375
1759883,325,293,376
1759983,327,287,380
1760083,333,301,382
1760183,331,295,378
1760283,328,288,389
1760383,331,306,372
1760483,326,295,368
1760583,325,287,368
1760683,326,288,367
1760783,324,282,373
1760883,322,290,376
1760984,319,288,365
1761084,319,297,372
1761184,314,287,364
1761284,316,284,362
1761384,319,275,373
1761484,320,272,369
1761584,323,300,361
1761684,320,283,367
1761784,323,292,374
1761884,323,285,370
1761984,320,284,366
1762084,324,288,376
1762184,322,281,368
1762285,317,263,360
1762385,319,276,369
1762485,316,280,368
1762586,317,279,368
1762686,321,280,366
1762786,321,288,375
1762886,327,285,385
1762986,330,280,387
1763086,340,296,391
1763186,347,304,397
1763286,354,314,406
1763386,366,338,415
1763486,373,330,428
1763586,384,343,438
1763687,392,359,436
1763787,402,355,440
1763887,409,363,460
1763987,414,380,461
1764087,418,380,462
1764187,420,384,463
1764288,418,362,464
1764388,419,380,472
1764488,418,391,466
1764588,412,377,461
1764689,411,382,455
1764790,408,356,468
1764890,408,362,456
1764991,409,369,451
1765091,410,364,465
1765191,411,372,462
1765291,415,348,468
1765391,415,368,456
1765491,423,375,474
1765591,424,398,470
1765692,427,391,471
1765792,432,400,486
1765892,430,387,481
1765992,434,388,487
1766092,429,378,488
1766192,432,398,483
1766292,432,394,481
1766392,432,384,483
1766492,432,400,484
1766592,432,399,483
1766692,430,373,487
1766793,429,393,472
1766893,427,386,468
1766994,422,380,476
1767094,424,400,469
1767195,429,387,476
1767296,434,385,480
1767396,434,377,487
1767496,433,386,486
1767596,432,414,485
1767696,429,396,475
1767796,435,392,488
1767896,432,383,473
1767996,431,383,480
1768096,427,388,480
1768197,422,373,474
1768298,422,390,467
1768398,423,394,471
1768498,421,375,462
1768598,421,372,473
1768698,423,366,468
1768799,425,389,474
1768899,425,383,483
1768999,425,379,470
1769099,419,374,470
1769200,418,379,463
1769300,420,384,468
1769400,420,383,460
1769500,420,388,485
1769600,413,372,460
1769700,417,366,464
1769800,414,358,471
1769901,419,359,478
1770001,424,381,474
1770101,419,383,459
1770201,417,379,462
1770301,417,371,464
1770401,414,357,463
1770501,412,371,459
1770601,417,365,468
1770701,418,385,467
1770801,424,387,472
1770901,420,392,468
1771001,422,384,469
1771101,422,379,473
1771202,421,380,474
1771302,426,397,473
1771402,424,387,467
1771502,419,384,476
1771602,420,376,472
1771702,423,373,475
1771803,421,377,463
1771903,428,379,484
1772003,429,412,484
1772103,428,398,475
1772203,429,387,489
1772303,428,378,470
1772403,431,388,476
1772503,428,392,477
1772603,425,399,473
1772703,421,384,458
1772803,422,362,460
1772903,422,386,471
1773003,427,395,472
1773104,427,395,471
1773204,425,399,482
1773305,422,378,472
1773405,421,394,464
1773506,423,370,472
1773606,419,388,463
1773707,415,377,464
1773807,414,376,458
1773907,415,387,464
1774007,416,380,464
1774107,411,368,462
1774207,411,362,456
1774307,407,372,454
1774408,422,388,472
1774508,437,391,495
1774608,459,433,504
1774709,473,435,534
1774809,489,450,535
1774910,507,464,556
1775010,539,496,586
1775110,547,514,598
1775210,562,509,612
1775311,564,531,608
1775411,567,542,614
1775511,568,537,617
1775611,570,535,613
1775711,572,536,621
1775812,578,525,627
1775912,573,538,623
1776012,568,533,630
1776112,567,526,610
1776212,575,543,627
1776313,572,544,632
1776414,575,535,629
1776514,572,529,611
1776614,579,541,625
1776714,579,539,632
1776814,578,537,627
1776915,575,528,620
1777016,584,547,631
1777117,573,528,627
1777217,571,529,619
1777318,578,532,622
1777418,585,550,628
1777518,584,563,627
1777618,586,537,632
1777719,584,534,630
1777819,580,534,622
1777920,577,528,621
1778020,574,528,620
1778120,574,530,614
1778221,576,543,627
1778322,576,534,620
1778422,580,545,621
1778522,581,546,643
1778622,571,543,617
1778723,573,526,627
1778823,576,537,628
1778923,572,539,623
1779023,576,527,622
1779123,578,542,624
1779224,575,534,618
1779324,568,536,613
1779424,579,534,630
1779524,575,542,621
1779624,571,531,609
1779724,566,535,612
1779824,574,533,617
1779924,572,538,622
1780024,572,542,616
1780124,576,542,632
1780225,576,538,630
1780325,576,535,625
1780425,571,525,624
1780525,572,518,621
1780626,577,545,630
1780727,573,522,621
1780828,572,524,621
1780928,570,534,622
1781028,575,525,627
1781128,566,533,614
1781229,581,545,633
1781329,578,533,626
1781429,578,524,629
1781529,583,550,633
1781629,579,545,631
1781730,572,525,612
1781830,573,532,623
1781930,572,551,625
1782030,579,531,640
1782130,575,527,622
1782230,566,521,614
1782330,568,517,619
1782430,565,524,617
1782530,568,539,633
1782630,572,521,610
1782730,565,532,622
1782830,560,527,618
1782930,562,526,610
1783030,566,538,619
1783130,573,540,620
1783230,570,535,618
1783330,574,550,628
1783430,563,532,619
1783530,549,512,599
1783630,551,508,596
1783731,548,515,595
1783831,544,505,595
1783932,544,493,595
1784032,539,508,586
1784132,537,502,588
1784232,536,500,577
1784332,541,509,597
1784432,551,513,600
1784532,558,528,612
1784633,572,532,618
1784733,567,527,623
1784833,575,529,627
1784933,579,539,633
1785033,579,536,623
1785133,574,531,625
1785233,579,544,625
1785333,583,533,639
1785433,594,548,636
1785533,593,554,633
1785634,592,550,650
1785734,585,538,634
1785834,580,542,625
1785934,574,538,617
1786034,574,530,627
1786134,577,528,632
1786234,577,531,634
1786334,574,519,634
1786434,570,549,608
1786534,575,530,619
1786635,567,527,619
1786736,582,550,630
1786836,603,559,653
1786936,634,597,678
1787036,653,606,708
1787136,685,644,735
1787236,725,683,781
1787336,739,697,784
1787437,776,729,830
1787537,808,786,855
1787637,819,782,870
1787737,833,790,883
1787838,844,801,903
1787939,876,844,925
1788039,874,817,930
1788139,866,820,926
1788239,851,801,895
1788339,852,800,905
1788439,847,805,895
1788539,847,811,895
1788639,843,792,887
1788740,846,802,909
1788841,838,809,888
1788941,836,802,887
1789041,827,792,873
1789141,839,803,884
1789241,842,799,895
1789341,843,798,888
1789441,846,805,892
1789541,845,813,891
1789641,846,801,900
1789741,849,816,899
1789841,844,810,894
1789941,841,777,882
1790041,835,789,888
1790141,839,804,894
1790241,831,791,882
1790341,833,798,879
1790441,828,794,881
1790542,843,805,893
1790642,854,828,904
1790743,851,796,914
1790843,865,832,920
1790943,857,819,913
1791044,854,800,907
1791144,850,800,918
1791244,854,818,892
1791344,859,809,910
1791445,843,784,889
1791545,839,789,883
1791646,842,796,893
1791746,834,782,876
1791846,851,794,896
1791946,856,819,904
1792046,842,797,889
1792146,844,808,893
1792246,861,837,923
1792347,867,830,926
1792447,853,799,898
1792548,848,809,889
1792648,845,790,890
1792748,839,790,882
1792849,846,804,899
1792950,852,813,905
1793050,865,812,913
1793151,858,820,912
1793251,868,829,915
1793352,860,826,904
1793452,866,826,908
1793552,860,820,902
1793652,862,820,913
1793752,866,830,916
1793853,861,808,914
1793953,852,816,898
1794053,861,831,909
1794153,854,835,910
1794254,861,826,906
1794354,865,825,921
1794454,850,804,886
1794555,858,816,900
1794655,784,674,893
1794755,421,210,1265
1794855,101,0,1292
1794955,7,0,37
1795056,4,0,34
1795157,3,0,33
1795257,3,0,39
1795357,0,0,29
1795457,1,0,29
1795557,0,0,25
1795657,0,0,21
1795757,0,0,34
1795857,0,0,29
1795957,0,0,21
1796057,1,0,25
1796157,0,0,27
1796257,0,0,17
1796357,0,0,25
1796457,0,0,27
1796557,0,0,32
1796657,1,0,20
1796758,0,0,19
1796858,1,0,28
1796958,0,0,18
1797059,0,0,26
1797160,1,0,28
1797260,1,0,21
1797360,1,0,28
1797460,0,0,29
1797561,0,0,22
1797661,0,0,30
1797761,0,0,28
1797861,0,0,22
1797962,0,0,40
1798062,1,0,30
1798162,0,0,33
1798262,0,0,24
1798362,0,0,25
1798462,1,0,23
1798562,1,0,22
1798662,0,0,29
1798762,1,0,19
1798862,1,0,20
1798962,1,0,28
1799062,0,0,27
1799162,0,0,33
1799263,0,0,30
1799363,1,0,34
1799464,0,0,14
1799564,1,0,20
1799665,0,0,24
1799765,0,0,31
1799865,0,0,34
1799965,1,0,31
1800065,1,0,26
1800165,0,0,15
1800266,0,0,30
1800366,1,0,32
1800466,0,0,16
1800566,1,0,24
1800666,0,0,20
1800766,0,0,28
1800867,0,0,25
1800967,0,0,29
1801067,1,0,28
1801167,0,0,23
1801268,0,0,22
1801368,0,0,32
1801468,0,0,22
1801568,0,0,25
1801668,0,0,16
1801768,0,0,37
1801868,0,0,26
1801969,1,0,24
1802069,1,0,11
1802170,0,0,19
1802270,0,0,20
1802370,1,0,24
1802470,0,0,29
1802570,0,0,27
1802670,0,0,28
1802770,1,0,20
1802870,0,0,24
1802970,1,0,23
1803070,0,0,17
1803170,0,0,13
1803270,0,0,30
1803370,1,0,25
1803471,0,0,27
1803571,0,0,24
1803671,0,0,26
1803772,0,0,28
1803872,0,0,25
1803972,0,0,22
1804072,0,0,13
1804172,0,0,23
1804272,0,0,22
1804373,0,0,19
1804474,0,0,25
1804575,1,0,25
1804675,0,0,18
1804775,0,0,25

Test10:
1945462,1,0,30
1945563,0,0,21
1945663,1,0,20
1945763,0,0,14
1945863,0,0,42
1945964,0,0,42
1946065,0,0,27
1946165,1,0,23
1946265,0,0,24
1946365,0,0,23
1946465,1,0,29
1946566,1,0,27
1946666,1,0,27
1946766,1,0,32
1946866,1,0,40
1946966,1,0,25
1947066,1,0,23
1947166,1,0,32
1947266,1,0,25
1947367,1,0,37
1947467,0,0,20
1947567,1,0,36
1947667,1,0,25
1947767,1,0,24
1947867,1,0,21
1947967,1,0,21
1948067,1,0,39
1948167,1,0,25
1948267,1,0,12
1948367,0,0,16
1948467,1,0,27
1948567,0,0,27
1948667,1,0,39
1948767,0,0,33
1948867,1,0,32
1948968,0,0,16
1949068,1,0,24
1949168,1,0,28
1949268,1,0,21
1949368,1,0,26
1949468,1,0,26
1949568,0,0,18
1949668,0,0,32
1949768,0,0,23
1949868,0,0,26
1949968,1,0,31
1950068,1,0,28
1950168,1,0,35
1950268,0,0,33
1950368,1,0,27
1950468,1,0,26
1950568,0,0,24
1950669,0,0,22
1950770,0,0,35
1950870,1,0,21
1950970,1,0,30
1951070,1,0,18
1951170,1,0,30
1951270,1,0,27
1951371,0,0,22
1951472,1,0,36
1951572,1,0,28
1951673,0,0,28
1951773,0,0,32
1951873,1,0,22
1951973,1,0,32
1952073,1,0,37
1952173,1,0,26
1952273,1,0,37
1952373,1,0,29
1952473,1,0,18
1952573,1,0,26
1952673,1,0,15
1952773,1,0,30
1952874,1,0,28
1952974,0,0,31
1953074,0,0,32
1953174,1,0,27
1953275,1,0,38
1953375,1,0,24
1953475,0,0,21
1953575,1,0,36
1953675,1,0,23
1953775,1,0,28
1953875,1,0,37
1953975,1,0,33
1954075,1,0,28
1954175,0,0,29
1954275,1,0,14
1954376,1,0,25
1954477,1,0,44
1954577,1,0,14
1954678,1,0,20
1954779,1,0,28
1954879,0,0,22
1954979,1,0,27
1955080,1,0,25
1955180,1,0,24
1955280,1,0,25
1955380,1,0,25
1955480,0,0,21
1955580,1,0,30
1955680,1,0,30
1955780,1,0,22
1955880,1,0,20
1955980,1,0,28
1956080,0,0,19
1956180,1,0,41
1956280,1,0,25
1956380,1,0,32
1956480,2,0,28
1956580,2,0,36
1956680,3,0,43
1956780,2,0,30
1956880,4,0,28
1956981,2,0,30
1957081,3,0,37
1957181,2,0,38
1957281,3,0,36
1957381,3,0,38
1957481,3,0,37
1957581,2,0,27
1957681,2,0,28
1957782,2,0,29
1957882,2,0,24
1957982,3,0,30
1958082,2,0,29
1958183,2,0,21
1958283,3,0,24
1958384,3,0,28
1958484,3,0,30
1958584,3,0,30
1958684,2,0,27
1958784,2,0,20
1958884,2,0,22
1958984,3,0,31
1959084,2,0,24
1959185,3,0,36
1959285,3,0,37
1959385,2,0,33
1959485,2,0,35
1959585,2,0,22
1959685,2,0,38
1959785,2,0,25
1959885,2,0,25
1959985,1,0,28
1960085,2,0,21
1960185,2,0,17
1960286,3,0,30
1960386,3,0,23
1960486,2,0,36
1960587,2,0,26
1960687,2,0,25
1960787,6,0,34
1960887,15,0,52
1960987,30,11,64
1961087,47,16,90
1961187,61,31,100
1961287,77,61,121
1961387,85,55,138
1961487,88,68,150
1961587,94,61,144
1961687,94,41,141
1961787,92,58,137
1961887,93,54,133
1961987,92,51,143
1962087,90,61,133
1962187,87,55,134
1962287,91,87,145
1962388,90,53,138
1962488,93,57,140
1962588,91,44,133
1962688,90,49,136
1962788,88,52,136
1962888,92,56,128
1962989,92,68,136
1963090,93,51,139
1963190,95,67,141
1963290,94,56,147
1963390,95,58,143
1963491,94,49,142
1963591,95,78,150
1963691,98,47,141
1963791,99,69,141
1963891,97,60,144
1963992,97,50,142
1964092,96,64,147
1964192,99,61,152
1964292,99,65,141
1964393,100,58,152
1964493,95,63,141
1964593,98,65,145
1964693,95,54,143
1964793,94,62,138
1964893,95,57,138
1964993,92,37,137
1965093,92,79,131
1965193,91,60,133
1965293,89,58,136
1965393,87,46,129
1965493,87,48,129
1965594,89,54,139
1965694,87,57,120
1965794,84,43,133
1965894,86,45,134
1965994,86,40,136
1966095,86,42,130
1966195,85,53,129
1966295,85,43,127
1966395,89,75,126
1966495,86,55,133
1966595,90,62,130
1966696,92,50,140
1966796,95,50,134
1966896,92,56,136
1966996,91,60,141
1967096,92,65,139
1967196,90,64,150
1967296,89,51,143
1967397,90,67,137
1967497,90,69,131
1967597,90,61,134
1967697,91,59,134
1967798,94,50,143
1967899,102,62,149
1967999,110,74,159
1968100,122,82,175
1968200,131,90,186
1968300,139,84,186
1968401,145,116,198
1968501,156,115,210
1968601,162,104,203
1968701,161,128,207
1968801,167,139,212
1968901,169,133,209
1969001,167,122,208
1969101,167,127,214
1969201,165,134,208
1969301,165,130,214
1969402,164,104,211
1969502,168,128,218
1969602,168,140,211
1969702,166,137,227
1969803,166,107,209
1969903,166,134,215
1970004,164,114,217
1970104,162,122,209
1970204,162,124,207
1970304,163,122,215
1970405,166,110,204
1970505,168,137,210
1970606,168,125,218
1970706,172,151,215
1970806,172,131,223
1970906,169,133,212
1971006,166,128,209
1971107,167,135,215
1971208,171,141,218
1971308,174,135,222
1971408,169,117,216
1971509,170,117,220
1971609,169,123,208
1971709,166,127,223
1971809,167,124,213
1971909,168,134,216
1972009,167,112,218
1972109,167,132,214
1972209,171,131,224
1972310,170,134,221
1972411,169,120,216
1972511,169,134,214
1972611,166,117,210
1972711,169,140,218
1972812,168,112,220
1972912,168,131,220
1973012,169,133,217
1973112,164,107,216
1973212,168,135,222
1973312,163,129,210
1973412,166,124,209
1973512,164,132,205
1973612,164,137,202
1973712,166,151,212
1973812,164,119,204
1973912,163,115,217
1974013,161,128,215
1974113,165,133,219
1974213,165,118,220
1974313,166,135,208
1974413,165,140,218
1974513,162,118,212
1974613,161,132,218
1974713,161,122,209
1974813,161,114,214
1974913,162,126,207
1975014,164,141,221
1975114,165,123,212
1975214,165,120,210
1975315,161,127,213
1975415,158,135,209
1975515,156,114,200
1975615,158,123,209
1975715,163,104,207
1975815,161,118,205
1975916,162,127,209
1976016,158,108,213
1976116,161,127,205
1976217,158,119,205
1976317,157,119,204
1976417,159,122,209
1976517,160,121,203
1976617,163,125,201
1976718,164,109,209
1976818,163,115,212
1976919,163,117,211
1977019,166,129,209
1977119,169,124,217
1977219,172,132,223
1977320,172,132,212
1977420,168,133,207
1977520,168,136,209
1977621,166,140,214
1977721,166,126,209
1977821,174,132,228
1977921,176,127,218
1978022,175,137,228
1978122,173,123,222
1978222,168,130,215
1978322,166,127,206
1978422,166,123,231
1978523,167,139,227
1978623,168,124,222
1978723,168,124,206
1978823,169,135,216
1978924,168,131,206
1979024,170,152,216
1979124,168,134,217
1979224,171,136,226
1979324,172,141,218
1979424,172,143,218
1979524,169,138,221
1979624,165,131,216
1979724,168,126,211
1979824,165,116,224
1979924,163,119,207
1980024,161,148,208
1980124,163,122,211
1980224,163,111,205
1980325,171,139,218
1980426,175,128,218
1980527,188,134,238
1980627,194,164,235
1980728,206,167,248
1980828,217,185,261
1980928,227,196,286
1981028,234,189,277
1981128,241,202,281
1981228,240,190,292
1981328,237,205,279
1981428,236,182,291
1981528,235,191,276
1981628,236,190,291
1981728,239,190,286
1981828,238,202,275
1981928,241,223,285
1982028,241,204,286
1982128,245,212,298
1982228,244,216,282
1982328,243,208,291
1982428,241,210,293
1982528,240,199,289
1982628,241,198,288
1982728,242,219,288
1982829,239,196,283
1982930,237,189,283
1983030,238,202,289
1983130,240,196,296
1983230,236,197,296
1983330,233,183,280
1983430,235,199,284
1983531,234,180,281
1983631,232,186,275
1983731,233,194,274
1983831,232,189,276
1983931,236,205,283
1984032,237,188,285
1984133,234,196,277
1984233,233,192,278
1984334,237,203,281
1984435,235,194,286
1984535,238,204,288
1984636,235,208,289
1984736,237,208,277
1984836,238,198,292
1984936,237,187,282
1985037,239,196,286
1985137,239,195,287
1985238,238,180,283
1985338,236,196,284
1985438,236,209,289
1985538,237,188,290
1985639,234,195,277
1985739,236,199,286
1985839,242,196,290
1985939,244,210,288
1986039,242,206,289
1986139,242,204,286
1986239,243,200,292
1986339,242,201,296
1986440,245,197,295
1986540,247,214,303
1986640,248,224,301
1986740,246,213,292
1986841,243,207,290
1986941,243,203,289
1987041,245,206,294
1987141,246,205,296
1987241,246,200,296
1987341,248,199,287
1987441,249,211,313
1987541,249,195,299
1987641,248,211,301
1987741,247,201,295
1987841,246,192,296
1987942,250,223,311
1988042,252,220,291
1988142,252,217,296
1988242,252,236,286
1988342,253,211,298
1988442,252,191,297
1988542,251,220,293
1988642,245,202,293
1988742,246,200,292
1988842,245,207,300
1988942,245,211,293
1989042,245,204,292
1989142,244,210,290
1989242,240,218,295
1989342,240,215,279
1989442,239,202,287
1989542,240,204,285
1989642,236,185,291
1989742,238,185,279
1989842,238,190,287
1989942,237,201,276
1990042,238,203,291
1990142,237,202,282
1990242,239,200,286
1990342,240,214,291
1990442,239,192,291
1990542,245,203,295
1990642,252,228,306
1990742,259,213,299
1990843,273,232,316
1990943,282,256,322
1991043,298,259,349
1991143,308,273,350
1991243,319,282,363
1991343,328,297,370
1991443,334,287,372
1991543,338,294,387
1991643,342,311,390
1991744,349,300,390
1991844,347,294,392
1991945,345,300,399
1992045,346,311,395
1992145,348,324,393
1992246,349,315,393
1992346,353,317,402
1992446,348,304,396
1992546,345,311,394
1992646,347,306,390
1992746,344,311,382
1992846,343,310,400
1992946,347,312,394
1993046,345,317,391
1993146,342,299,394
1993246,345,308,404
1993346,341,286,381
1993446,340,292,387
1993546,341,323,383
1993646,346,319,385
1993747,345,304,400
1993847,340,295,390
1993947,337,295,388
1994047,334,299,377
1994147,332,300,397
1994247,335,297,383
1994348,334,296,380
1994448,334,281,379
1994548,335,300,391
1994648,335,308,380
1994749,332,290,388
1994849,332,287,381
1994949,330,289,373
1995049,327,267,379
1995149,324,297,368
1995249,324,274,374
1995349,325,285,365
1995449,327,289,375
1995549,325,292,377
1995649,328,273,377
1995749,331,291,383
1995849,330,293,375
1995950,334,301,389
1996050,338,304,388
1996150,337,296,383
1996250,337,304,377
1996351,336,294,387
1996451,338,298,395
1996551,338,298,382
1996651,336,291,394
1996752,333,294,383
1996852,339,306,388
1996952,341,286,388
1997052,341,285,390
1997153,341,294,392
1997253,340,302,397
1997353,340,299,389
1997453,341,303,383
1997553,343,303,392
1997653,346,309,392
1997753,348,322,395
1997853,349,320,398
1997953,347,307,398
1998054,345,311,388
1998154,341,303,385
1998254,342,298,397
1998354,337,293,385
1998454,337,294,390
1998555,341,302,394
1998655,337,289,384
1998755,340,300,389
1998856,338,290,390
1998956,334,283,379
1999056,335,292,383
1999156,338,294,384
1999256,333,289,378
1999356,333,297,377
1999456,336,294,382
1999556,337,292,388
1999656,340,284,382
1999756,342,313,388
1999857,349,308,402
1999957,355,328,394
2000057,358,316,408
2000157,366,325,410
2000257,372,341,422
2000357,374,335,426
2000457,380,353,420
2000557,382,340,432
2000657,386,342,439
2000757,388,353,430
2000858,376,336,427
2000958,379,344,429
2001058,382,346,430
2001158,382,354,428
2001258,383,350,426
2001359,386,349,437
2001459,388,359,434
2001559,384,336,422
2001659,385,347,442
2001759,382,350,427
2001859,382,336,430
2001960,386,359,430
2002060,385,341,437
2002160,386,339,438
2002260,390,344,445
2002361,389,346,440
2002461,390,355,435
2002562,391,370,433
2002662,392,353,445
2002762,390,351,434
2002862,395,348,445
2002962,396,363,453
2003062,397,348,439
2003162,397,361,439
2003262,395,345,453
2003362,400,366,449
2003463,401,375,449
2003563,398,348,442
2003663,400,350,450
2003763,398,371,458
2003863,394,355,440
2003963,392,351,433
2004063,391,365,438
2004163,397,366,451
2004263,394,361,445
2004363,394,367,448
2004463,394,368,447
2004563,390,350,445
2004663,389,352,437
2004763,384,342,433
2004863,386,333,433
2004963,384,351,434
2005063,383,340,424
2005163,384,331,426
2005263,384,350,431
2005363,383,337,423
2005463,383,333,434
2005563,378,329,430
2005663,377,332,428
2005763,375,340,421
2005863,375,332,429
2005963,373,322,425
2006063,371,349,425
2006163,370,320,427
2006263,370,319,421
2006364,370,341,413
2006464,368,336,418
2006564,373,317,423
2006664,374,342,424
2006765,374,324,414
2006865,379,339,425
2006965,381,340,439
2007065,383,336,432
2007165,386,355,431
2007265,387,361,429
2007366,387,359,428
2007466,388,354,443
2007567,393,359,438
2007668,390,350,435
2007768,396,349,439
2007869,395,367,443
2007969,395,353,435
2008069,388,331,445
2008169,390,345,440
2008270,392,352,447
2008370,394,355,440
2008470,390,343,438
2008570,393,335,444
2008670,405,373,467
2008770,415,384,472
2008870,425,373,485
2008970,438,393,504
2009070,447,406,497
2009170,464,423,508
2009270,474,433,516
2009371,488,454,541
2009471,494,454,542
2009571,499,446,542
2009671,507,457,552
2009771,507,470,559
2009871,514,477,563
2009971,514,465,555
2010071,521,502,562
2010171,520,477,566
2010271,526,491,588
2010372,532,485,590
2010472,524,475,576
2010572,524,494,565
2010672,520,475,575
2010772,521,484,568
2010872,527,482,568
2010972,536,486,582
2011072,527,486,579
2011172,533,499,580
2011272,533,497,580
2011372,531,496,579
2011472,526,497,575
2011573,525,462,570
2011674,524,491,564
2011774,518,473,562
2011874,516,493,563
2011974,521,488,565
2012074,520,476,568
2012174,524,476,572
2012274,517,471,569
2012374,515,474,563
2012474,524,475,578
2012574,527,479,578
2012674,527,485,569
2012774,521,479,570
2012874,527,483,573
2012975,527,474,574
2013075,525,468,570
2013175,531,487,580
2013275,531,486,572
2013375,532,497,581
2013475,531,490,583
2013575,530,492,584
2013675,530,496,584
2013775,537,477,592
2013875,543,496,583
2013975,541,502,595
2014075,548,518,601
2014176,549,512,592
2014276,539,484,594
2014376,531,481,573
2014476,534,500,583
2014576,528,477,579
2014676,523,488,573
2014776,514,460,556
2014876,508,485,563
2014976,509,491,570
2015076,507,471,553
2015176,511,483,561
2015276,516,470,561
2015376,521,478,571
2015476,526,478,586
2015576,527,469,569
2015676,525,484,567
2015776,528,484,573
2015876,531,482,587
2015977,528,491,578
2016077,523,490,574
2016177,516,483,568
2016277,552,526,597
2016377,588,556,640
2016477,643,618,690
2016578,683,633,734
2016678,716,669,762
2016778,736,704,789
2016878,759,712,805
2016978,744,700,790
2017078,741,697,789
2017178,728,687,778
2017278,734,690,786
2017378,733,697,780
2017478,740,693,789
2017578,745,686,790
2017678,747,701,804
2017779,736,693,778
2017879,731,682,781
2017979,734,684,779
2018079,742,699,792
2018179,770,722,815
2018279,788,737,850
2018379,766,727,814
2018479,753,715,805
2018579,746,705,795
2018679,747,713,800
2018779,746,705,801
2018879,754,711,795
2018979,749,690,804
2019079,753,706,799
2019179,764,716,809
2019279,756,712,809
2019379,757,718,812
2019479,752,716,812
2019579,775,749,825
2019679,747,710,790
2019779,741,700,794
2019879,734,688,778
2019979,735,694,787
2020079,732,691,772
2020179,742,698,794
2020279,747,690,802
2020379,750,682,799
2020479,750,708,795
2020579,749,710,802
2020679,741,711,778
2020779,740,704,790
2020880,736,690,788
2020980,735,701,779
2021081,735,698,779
2021181,768,726,826
2021282,786,752,833
2021382,775,729,824
2021482,772,728,821
2021582,768,729,814
2021682,762,717,803
2021783,748,710,801
2021884,755,715,803
2021984,755,718,805
2022084,750,710,794
2022184,755,711,822
2022284,752,724,797
2022385,757,708,807
2022486,764,710,815
2022586,760,705,803
2022686,772,721,831
2022786,767,733,817
2022886,782,741,833
2022986,778,741,830
2023086,774,740,823
2023186,776,737,827
2023287,776,732,829
2023387,767,729,830
2023487,780,735,828
2023587,773,738,824
2023687,776,728,826
2023788,765,718,811
2023888,770,729,827
2023988,777,748,835
2024088,782,743,828
2024188,777,735,821
2024289,779,750,827
2024389,765,725,806
2024489,780,742,835
2024589,782,744,833
2024689,781,745,834
2024789,781,739,832
2024890,759,718,804
2024990,754,730,795
2025090,757,724,802
2025190,759,724,809
2025290,765,716,815
2025391,775,736,835
2025491,704,606,803
2025591,378,189,1136
2025691,90,0,1253
2025791,8,0,45
2025891,2,0,33
2025991,2,0,32
2026092,2,0,22
2026192,0,0,19
2026292,0,0,28
2026392,0,0,25
2026493,0,0,27
2026594,0,0,26
2026694,0,0,27
2026795,0,0,26
2026895,0,0,24
2026996,0,0,37
2027096,0,0,25
2027196,0,0,28
2027296,0,0,16
2027396,0,0,24
2027496,0,0,29
2027596,0,0,28
2027696,0,0,25
2027797,1,0,28
2027897,1,0,24
2027998,1,0,28
2028099,1,0,28
2028199,2,0,32
2028299,3,0,26
2028399,4,0,40
2028499,6,0,34
2028599,12,0,62
2028699,12,0,57
2028799,9,0,40
2028899,3,0,39
2028999,1,0,23
2029099,0,0,30
2029199,1,0,32
2029299,1,0,26
2029399,0,0,28
2029499,0,0,8
2029599,1,0,29
2029699,0,0,26
2029799,0,0,30
2029899,0,0,25
2029999,0,0,28
2030100,0,0,27
2030200,0,0,12
2030300,1,0,30
2030401,0,0,30
2030501,0,0,24
2030601,1,0,25
2030701,1,0,20
2030801,1,0,23
2030901,0,0,15
2031001,0,0,25
2031101,0,0,38
2031201,0,0,20
2031302,0,0,25
2031402,0,0,20
2031502,0,0,18
2031602,1,0,32
2031702,0,0,19
2031802,0,0,31
2031902,1,0,30
2032002,0,0,15
2032102,1,0,30
2032202,1,0,25
2032302,0,0,18
2032402,0,0,25
2032502,0,0,22
2032603,0,0,23
2032703,0,0,23
2032803,0,0,31
2032903,1,0,20
2033003,1,0,26
2033104,0,0,30
2033204,0,0,26
2033304,0,0,25
2033404,0,0,27
2033504,0,0,30
2033604,1,0,29
2033705,0,0,31
2033806,0,0,18
2033906,0,0,29
2034006,0,0,27
2034106,1,0,25
2034206,0,0,21
2034306,0,0,23
2034406,0,0,29
2034506,1,0,20
2034606,0,0,20
2034706,0,0,35
2034806,0,0,19
2034906,1,0,26
2035007,0,0,30
2035107,1,0,38
2035207,1,0,28
2035307,0,0,22
2035407,0,0,18
2035507,0,0,30
2035607,0,0,22
2035707,0,0,29
2035807,1,0,22
2035907,0,0,27
2036007,1,0,23
2036107,0,0,21
2036207,0,0,22
2036307,1,0,18
2036407,0,0,36
2036507,0,0,23
2036607,0,0,22
2036707,1,0,25
2036807,0,0,28
2036907,1,0,27
2037007,0,0,22
2037107,1,0,27
2037207,0,0,24
2037307,0,0,24
2037407,0,0,30
2037507,0,0,21

Test11:
2192401,1,0,33
2192501,1,0,31
2192601,0,0,23
2192701,1,0,24
2192802,1,0,33
2192902,1,0,17
2193002,0,0,25
2193102,1,0,29
2193202,1,0,24
2193302,0,0,21
2193402,1,0,20
2193503,0,0,32
2193604,1,0,21
2193704,0,0,23
2193804,1,0,30
2193904,1,0,32
2194004,1,0,34
2194105,1,0,23
2194205,0,0,23
2194305,1,0,26
2194405,1,0,29
2194506,0,0,26
2194606,1,0,25
2194706,1,0,28
2194807,1,0,26
2194907,0,0,27
2195007,1,0,16
2195107,1,0,32
2195208,1,0,20
2195309,1,0,43
2195410,1,0,19
2195511,1,0,38
2195611,1,0,36
2195711,0,0,26
2195811,1,0,29
2195911,1,0,26
2196011,1,0,37
2196111,1,0,23
2196211,1,0,35
2196311,1,0,38
2196411,1,0,23
2196511,0,0,30
2196612,1,0,33
2196712,1,0,31
2196812,1,0,26
2196912,1,0,26
2197012,1,0,29
2197112,1,0,28
2197212,1,0,34
2197312,1,0,26
2197413,1,0,23
2197513,0,0,28
2197613,1,0,20
2197713,0,0,34
2197813,1,0,37
2197913,0,0,17
2198013,1,0,25
2198113,1,0,26
2198213,1,0,25
2198313,0,0,30
2198414,1,0,16
2198514,1,0,45
2198614,1,0,31
2198715,0,0,21
2198815,0,0,22
2198916,1,0,31
2199017,1,0,27
2199117,0,0,21
2199217,1,0,26
2199318,0,0,23
2199419,1,0,21
2199519,1,0,27
2199619,1,0,27
2199719,1,0,26
2199819,1,0,25
2199919,0,0,24
2200019,1,0,30
2200119,1,0,27
2200220,1,0,32
2200320,0,0,23
2200420,1,0,34
2200520,1,0,29
2200621,1,0,26
2200721,1,0,29
2200821,1,0,27
2200921,1,0,22
2201021,1,0,30
2201121,0,0,19
2201221,1,0,30
2201321,1,0,22
2201421,0,0,23
2201521,0,0,20
2201621,1,0,31
2201721,1,0,20
2201821,1,0,28
2201921,1,0,20
2202021,1,0,30
2202121,0,0,20
2202221,1,0,24
2202321,1,0,35
2202422,1,0,37
2202522,1,0,25
2202622,1,0,24
2202722,0,0,23
2202822,1,0,24
2202922,1,0,20
2203022,2,0,28
2203122,2,0,31
2203222,0,0,27
2203323,3,0,31
2203423,1,0,22
2203523,2,0,28
2203623,2,0,31
2203723,3,0,32
2203823,2,0,23
2203924,1,0,28
2204024,2,0,31
2204124,2,0,27
2204224,1,0,32
2204324,2,0,37
2204424,2,0,19
2204524,1,0,22
2204624,2,0,28
2204725,2,0,27
2204825,1,0,22
2204925,3,0,41
2205026,2,0,29
2205126,2,0,26
2205226,2,0,29
2205326,1,0,20
2205426,1,0,25
2205526,2,0,31
2205626,2,0,30
2205727,2,0,25
2205827,2,0,32
2205927,2,0,35
2206027,2,0,25
2206128,2,0,27
2206228,3,0,31
2206328,2,0,26
2206428,2,0,24
2206528,2,0,37
2206628,1,0,32
2206729,1,0,24
2206829,2,0,36
2206929,2,0,28
2207029,2,0,29
2207129,2,0,36
2207229,3,0,29
2207329,2,0,27
2207429,2,0,32
2207530,2,0,32
2207630,2,0,29
2207730,2,0,29
2207830,1,0,24
2207930,2,0,31
2208031,2,0,39
2208131,2,0,27
2208231,1,0,39
2208331,2,0,39
2208431,3,0,28
2208531,2,0,24
2208631,1,0,26
2208731,15,1,57
2208832,21,7,56
2208932,38,11,85
2209032,52,9,91
2209133,69,41,106
2209233,80,44,120
2209333,82,60,128
2209433,91,66,138
2209533,85,54,131
2209633,84,52,123
2209733,82,50,136
2209833,80,33,124
2209933,86,43,127
2210033,86,47,128
2210133,87,48,132
2210233,86,55,124
2210333,89,50,134
2210433,87,54,134
2210534,90,55,138
2210634,87,55,142
2210734,87,65,143
2210835,91,39,133
2210935,95,60,143
2211035,95,46,134
2211135,97,50,148
2211235,96,62,144
2211335,101,69,156
2211435,98,71,138
2211535,97,60,138
2211636,94,51,140
2211736,94,65,146
2211836,92,57,137
2211936,93,54,134
2212036,95,57,140
2212136,94,69,141
2212236,92,50,139
2212336,95,60,142
2212436,96,55,141
2212537,95,46,141
2212638,97,50,147
2212738,97,65,145
2212838,93,44,136
2212938,93,65,145
2213038,95,61,147
2213139,91,53,135
2213239,90,52,134
2213339,94,65,143
2213439,92,66,140
2213539,87,50,137
2213639,87,41,127
2213739,89,56,138
2213840,90,52,136
2213940,91,56,144
2214040,94,44,138
2214140,88,52,126
2214240,86,43,131
2214340,87,55,128
2214440,85,33,128
2214541,84,50,134
2214641,84,53,140
2214741,81,43,133
2214842,81,52,124
2214942,83,53,129
2215042,88,44,137
2215142,88,60,134
2215243,92,59,125
2215343,88,71,128
2215443,90,57,131
2215543,89,41,134
2215643,90,60,127
2215743,89,65,132
2215843,86,47,131
2215943,83,51,131
2216043,83,50,125
2216143,83,45,120
2216243,80,54,131
2216343,82,54,122
2216443,82,58,133
2216543,78,50,112
2216643,77,38,121
2216743,78,60,118
2216843,75,26,122
2216943,75,32,124
2217043,81,58,120
2217144,82,35,136
2217244,86,45,126
2217344,94,46,133
2217444,97,66,145
2217545,97,61,150
2217646,97,65,144
2217746,91,63,139
2217846,94,63,139
2217946,90,48,138
2218047,88,44,133
2218147,86,62,133
2218248,86,50,126
2218348,92,67,136
2218448,96,57,147
2218548,107,67,146
2218648,121,74,176
2218749,137,93,177
2218850,152,121,193
2218950,163,123,213
2219050,170,129,212
2219150,175,132,225
2219250,175,146,226
2219350,173,128,214
2219450,170,145,213
2219550,166,125,213
2219650,169,126,222
2219750,169,134,211
2219851,166,133,207
2219952,167,137,220
2220052,163,123,211
2220152,161,121,209
2220252,157,116,210
2220352,161,131,222
2220453,163,108,215
2220553,165,149,203
2220653,163,132,207
2220753,164,128,214
2220853,169,125,222
2220953,172,126,221
2221053,173,127,215
2221153,175,134,222
2221254,174,145,219
2221354,174,130,220
2221454,173,126,214
2221554,173,142,211
2221654,171,140,221
2221754,175,136,230
2221855,174,134,219
2221955,176,134,224
2222055,176,147,221
2222155,174,143,215
2222255,171,134,219
2222355,168,125,224
2222455,168,122,213
2222555,165,108,230
2222655,165,129,209
2222756,164,132,210
2222856,164,128,205
2222956,167,127,216
2223056,167,121,211
2223156,165,118,220
2223256,166,120,204
2223356,167,124,212
2223457,164,123,211
2223557,165,113,210
2223657,166,117,219
2223757,168,117,222
2223857,165,126,219
2223957,165,130,210
2224057,167,132,212
2224157,171,134,230
2224257,166,119,213
2224357,167,127,210
2224457,171,124,218
2224557,170,129,221
2224657,170,120,219
2224757,168,143,215
2224858,164,119,210
2224958,165,136,202
2225058,174,125,224
2225159,189,150,243
2225259,204,158,251
2225359,223,179,258
2225459,245,207,291
2225559,255,205,306
2225659,263,231,302
2225759,262,226,311
2225859,263,215,319
2225959,263,239,306
2226059,261,239,306
2226159,265,219,315
2226259,265,227,310
2226360,262,235,310
2226461,264,238,314
2226561,265,218,317
2226661,264,238,311
2226761,264,231,310
2226861,266,230,315
2226961,265,213,311
2227061,267,240,303
2227161,265,219,307
2227261,264,209,314
2227362,262,218,301
2227462,259,216,309
2227563,257,207,315
2227663,256,215,300
2227763,260,220,313
2227863,262,205,307
2227963,268,225,322
2228063,266,229,322
2228163,269,217,314
2228263,272,236,327
2228363,270,225,321
2228463,268,228,319
2228563,268,219,316
2228664,266,249,307
2228764,262,215,312
2228864,261,232,305
2228964,260,221,321
2229065,265,233,312
2229165,265,236,313
2229265,264,239,303
2229365,269,226,314
2229465,270,237,321
2229565,272,229,314
2229665,267,245,319
2229765,264,234,311
2229865,261,220,305
2229966,262,234,315
2230067,265,218,322
2230167,263,230,307
2230268,263,223,310
2230368,264,218,323
2230468,268,223,309
2230568,267,212,314
2230668,264,220,307
2230768,264,217,307
2230869,263,215,312
2230969,265,228,310
2231069,262,238,311
2231169,261,216,303
2231269,262,220,320
2231369,264,220,310
2231469,262,215,301
2231569,265,211,311
2231669,267,219,321
2231769,263,220,310
2231869,259,210,304
2231969,258,229,312
2232069,255,212,302
2232169,254,216,297
2232269,251,208,294
2232369,256,226,301
2232469,259,227,294
2232569,260,224,312
2232669,259,221,315
2232769,257,234,298
2232869,260,231,308
2232969,261,209,307
2233069,261,227,318
2233169,258,218,302
2233269,264,232,302
2233370,274,236,322
2233470,283,222,329
2233571,295,248,341
2233672,312,270,367
2233772,323,272,366
2233872,330,276,383
2233972,337,291,394
2234072,343,316,393
2234172,334,290,378
2234272,339,306,386
2234372,333,296,383
2234473,332,297,380
2234573,331,280,381
2234673,329,282,375
2234773,331,303,379
2234873,332,304,377
2234973,335,293,382
2235073,333,298,382
2235173,330,292,377
2235273,331,285,375
2235373,334,302,377
2235473,333,290,379
2235573,336,290,375
2235673,337,296,386
2235773,340,295,383
2235874,335,279,393
2235974,333,298,383
2236075,334,298,382
2236175,336,316,393
2236276,338,305,388
2236376,342,307,388
2236476,348,320,403
2236576,350,301,394
2236676,351,332,411
2236776,343,298,388
2236876,346,300,389
2236977,346,300,402
2237077,341,309,382
2237178,342,311,394
2237278,345,295,407
2237378,340,296,405
2237478,342,297,396
2237578,346,298,387
2237678,343,289,391
2237778,355,310,410
2237878,356,310,407
2237978,360,327,407
2238078,354,309,404
2238178,351,323,399
2238278,357,309,410
2238378,363,327,411
2238479,358,333,404
2238579,357,314,418
2238679,357,309,408
2238779,356,322,403
2238880,347,307,389
2238980,339,298,386
2239080,340,290,395
2239180,339,286,387
2239281,346,294,390
2239381,343,319,403
2239481,342,298,390
2239581,347,294,404
2239681,351,305,413
2239781,350,308,400
2239881,349,292,394
2239981,352,320,400
2240082,354,314,398
2240183,349,307,394
2240283,345,307,390
2240383,346,317,403
2240484,350,311,395
2240584,347,312,390
2240684,348,308,400
2240784,345,311,388
2240884,344,312,393
2240984,350,309,400
2241084,348,310,400
2241184,349,314,397
2241284,343,297,393
2241384,343,286,392
2241484,346,305,393
2241584,340,303,383
2241685,339,303,386
2241785,344,293,399
2241885,341,289,387
2241986,343,295,393
2242087,341,299,384
2242188,341,292,385
2242288,344,317,392
2242388,352,321,407
2242488,354,330,404
2242588,358,314,413
2242688,352,321,413
2242788,352,307,406
2242888,351,306,401
2242988,354,315,407
2243088,357,308,406
2243188,354,312,398
2243288,347,316,391
2243388,342,299,385
2243488,345,285,395
2243588,351,304,398
2243688,352,314,396
2243788,363,332,418
2243888,370,326,422
2243988,382,348,432
2244088,389,342,445
2244188,398,356,440
2244288,402,356,449
2244388,406,378,460
2244488,409,377,467
2244588,414,368,464
2244688,414,366,465
2244788,408,367,452
2244888,413,348,460
2244988,413,365,459
2245088,414,366,469
2245188,416,376,460
2245288,411,360,464
2245389,411,380,454
2245489,410,381,461
2245589,413,375,459
2245689,412,380,458
2245790,412,374,451
2245890,412,377,447
2245990,407,367,450
2246091,414,382,465
2246192,412,373,448
2246292,412,378,462
2246392,413,357,473
2246492,408,353,451
2246592,407,367,446
2246692,404,360,459
2246792,401,358,449
2246892,404,349,448
2246992,407,350,462
2247092,405,377,466
2247192,404,364,456
2247292,405,360,454
2247392,399,355,445
2247492,402,357,453
2247593,405,360,448
2247693,408,369,457
2247793,407,366,448
2247893,409,359,449
2247993,408,371,458
2248093,410,364,459
2248194,413,370,453
2248294,411,367,459
2248395,409,366,454
2248495,404,378,453
2248595,407,385,452
2248695,407,356,443
2248795,411,366,457
2248895,411,374,455
2248995,413,367,465
2249095,416,384,462
2249195,415,373,464
2249295,416,366,465
2249395,418,367,464
2249495,415,389,463
2249595,413,393,465
2249695,414,382,467
2249796,413,372,464
2249896,411,368,464
2249996,410,373,467
2250096,411,376,465
2250196,405,356,447
2250296,405,368,450
2250396,403,374,454
2250496,401,337,445
2250596,403,365,455
2250696,404,351,450
2250796,404,357,456
2250896,399,360,454
2250996,399,362,443
2251096,402,356,441
2251196,405,365,450
2251296,407,369,454
2251396,406,376,457
2251497,409,360,457
2251597,408,365,453
2251697,409,370,453
2251798,410,380,459
2251898,414,383,463
2251998,411,376,467
2252099,416,371,461
2252199,418,382,464
2252299,413,371,461
2252399,407,380,449
2252500,408,368,456
2252600,406,367,453
2252701,412,372,452
2252801,408,367,456
2252901,408,372,462
2253001,412,378,457
2253101,410,372,456
2253201,409,354,449
2253301,414,368,458
2253401,418,366,473
2253501,422,391,468
2253601,430,397,476
2253702,444,400,492
2253803,454,413,494
2253903,468,432,516
2254003,479,440,532
2254103,490,457,541
2254203,504,468,557
2254303,514,466,573
2254404,523,493,587
2254505,520,481,572
2254606,527,492,579
2254706,530,475,574
2254806,528,486,578
2254906,525,487,581
2255007,520,490,564
2255107,517,470,570
2255208,522,500,576
2255309,526,471,575
2255409,521,485,580
2255509,533,491,574
2255609,522,493,574
2255709,528,489,573
2255809,526,484,578
2255909,530,500,585
2256009,531,496,573
2256109,529,497,574
2256209,528,479,571
2256309,521,499,571
2256409,520,476,568
2256509,520,452,569
2256609,514,485,563
2256710,515,472,556
2256810,522,486,569
2256910,522,477,563
2257010,518,487,556
2257110,521,477,570
2257210,520,480,573
2257310,523,489,571
2257410,520,482,572
2257510,519,468,571
2257610,523,485,573
2257710,525,485,580
2257810,520,470,574
2257911,524,476,570
2258011,526,485,579
2258111,525,487,581
2258212,520,486,573
2258312,514,469,568
2258413,515,468,571
2258514,519,470,564
2258614,521,474,562
2258714,525,480,578
2258814,528,471,568
2258914,527,510,577
2259014,525,484,575
2259114,525,483,577
2259214,520,477,571
2259314,527,488,581
2259415,522,494,579
2259515,513,479,558
2259615,519,491,571
2259715,530,478,581
2259815,531,478,574
2259915,531,493,570
2260016,534,480,584
2260116,522,479,567
2260216,528,494,573
2260316,536,511,585
2260416,527,482,584
2260516,526,475,580
2260616,520,479,565
2260716,520,471,561
2260816,521,485,575
2260917,527,482,572
2261017,525,489,568
2261117,527,494,577
2261217,522,483,571
2261317,510,472,562
2261418,510,474,555
2261519,510,482,567
2261619,510,476,553
2261720,508,463,560
2261820,508,464,556
2261920,506,474,553
2262021,504,468,542
2262121,517,462,570
2262222,521,500,569
2262323,519,489,565
2262423,526,488,575
2262523,526,484,577
2262623,518,486,567
2262724,520,472,566
2262825,520,482,567
2262925,518,486,570
2263025,521,474,562
2263125,523,492,572
2263225,518,480,560
2263325,521,492,573
2263425,517,477,580
2263526,518,477,573
2263626,521,491,565
2263726,518,475,582
2263827,519,479,563
2263927,516,485,569
2264027,519,482,566
2264127,521,461,574
2264228,520,487,573
2264328,528,493,582
2264428,527,474,583
2264528,520,482,569
2264628,517,491,570
2264728,514,457,559
2264829,519,501,573
2264929,514,476,560
2265029,514,480,565
2265129,512,468,559
2265229,515,473,563
2265329,542,490,595
2265429,573,535,619
2265530,615,580,662
2265630,662,625,722
2265731,712,675,760
2265831,747,708,791
2265931,763,717,808
2266031,713,659,765
2266131,688,655,742
2266231,700,666,752
2266331,707,657,764
2266431,720,676,782
2266531,725,677,780
2266631,718,681,771
2266731,728,682,785
2266831,728,672,776
2266931,723,672,765
2267031,733,689,771
2267131,712,652,761
2267231,705,675,750
2267331,705,639,754
2267431,708,674,769
2267532,719,684,763
2267632,737,698,791
2267733,723,680,769
2267833,711,666,753
2267933,725,686,775
2268034,728,677,777
2268134,747,706,791
2268235,744,703,787
2268335,738,711,786
2268435,730,695,780
2268535,735,705,789
2268635,751,696,795
2268735,751,706,808
2268835,737,684,790
2268935,741,702,783
2269035,741,700,797
2269135,738,703,799
2269235,730,707,783
2269335,726,687,777
2269436,713,675,758
2269536,718,692,767
2269637,721,682,774
2269738,719,657,771
2269838,725,688,778
2269938,722,690,779
2270038,721,678,773
2270138,718,677,758
2270238,711,664,767
2270338,706,659,762
2270438,702,648,750
2270538,698,666,753
2270639,704,669,763
2270739,708,659,758
2270839,699,663,744
2270939,711,678,763
2271039,715,680,769
2271139,714,675,766
2271239,712,678,761
2271339,712,668,764
2271440,703,661,751
2271541,698,652,755
2271641,696,653,751
2271742,712,667,753
2271842,714,682,764
2271942,727,689,780
2272042,718,681,772
2272142,726,691,772
2272242,703,605,801
2272342,378,189,1134
2272442,90,0,1229
2272542,6,0,35
2272642,4,0,23
2272742,3,0,35
2272842,1,0,19
2272942,1,0,21
2273042,0,0,24
2273142,1,0,25
2273242,0,0,26
2273342,0,0,21
2273442,0,0,29
2273543,1,0,25
2273644,0,0,28
2273744,0,0,27
2273844,1,0,35
2273944,0,0,19
2274044,1,0,29
2274144,1,0,28
2274244,0,0,24
2274344,0,0,21
2274444,0,0,15
2274544,0,0,23
2274645,0,0,30
2274745,0,0,27
2274845,0,0,19
2274945,1,0,29
2275045,0,0,19
2275145,0,0,20
2275245,1,0,24
2275346,0,0,21
2275446,1,0,28
2275546,1,0,26
2275646,0,0,19
2275746,0,0,31
2275846,0,0,30
2275946,1,0,24
2276046,2,0,42
2276146,3,0,35
2276246,4,0,35
2276347,8,0,42
2276447,16,1,50
2276547,16,0,57
2276647,13,0,36
2276747,3,0,26
2276848,1,0,28
2276949,1,0,30
2277050,0,0,27
2277151,0,0,26
2277252,0,0,23
2277352,0,0,21
2277452,0,0,34
2277552,1,0,24
2277652,0,0,23
2277752,0,0,27
2277852,0,0,25
2277952,0,0,38
2278053,1,0,24
2278153,0,0,23
2278253,1,0,24
2278353,0,0,27
2278453,0,0,22
2278553,0,0,22
2278653,1,0,27
2278753,0,0,32
2278853,0,0,24
2278954,0,0,18
2279054,0,0,20
2279154,0,0,34
2279254,0,0,21
2279354,1,0,36
2279454,0,0,22
2279554,0,0,28
2279654,0,0,26
2279755,0,0,15
2279855,0,0,27
2279956,0,0,26
2280056,1,0,22
2280156,1,0,35
2280257,0,0,19
2280357,0,0,14
2280457,0,0,23
2280558,1,0,29
2280658,0,0,28
2280759,0,0,17
2280859,1,0,39
2280959,0,0,23
2281059,0,0,28
2281159,0,0,16
2281259,0,0,17
2281359,1,0,34
2281459,1,0,40
2281560,0,0,35
2281661,0,0,28
2281761,0,0,27
2281862,1,0,41
2281962,0,0,28
2282062,0,0,20

Test12:
2421356,1,0,32
2421456,1,0,32
2421557,1,0,27
2421657,0,0,29
2421757,0,0,23
2421858,1,0,25
2421959,0,0,31
2422059,0,0,16
2422159,1,0,33
2422259,0,0,20
2422359,1,0,24
2422459,1,0,27
2422559,1,0,28
2422659,0,0,19
2422760,1,0,27
2422860,0,0,22
2422960,1,0,32
2423060,1,0,27
2423161,1,0,23
2423261,1,0,35
2423361,1,0,29
2423461,1,0,27
2423561,0,0,15
2423662,1,0,24
2423762,1,0,27
2423862,1,0,25
2423963,1,0,24
2424064,1,0,25
2424164,0,0,20
2424265,0,0,28
2424365,1,0,34
2424465,1,0,22
2424565,0,0,21
2424665,1,0,27
2424765,0,0,27
2424866,1,0,21
2424966,1,0,25
2425066,0,0,30
2425166,1,0,30
2425266,0,0,25
2425366,1,0,25
2425466,0,0,17
2425567,1,0,26
2425667,1,0,30
2425768,1,0,33
2425868,1,0,27
2425968,0,0,33
2426068,1,0,30
2426168,0,0,29
2426268,1,0,29
2426368,1,0,19
2426469,1,0,27
2426569,0,0,15
2426670,1,0,29
2426770,1,0,31
2426871,1,0,36
2426971,1,0,20
2427071,1,0,22
2427171,1,0,24
2427271,1,0,26
2427371,1,0,28
2427472,0,0,29
2427572,1,0,31
2427672,0,0,33
2427772,1,0,32
2427873,0,0,18
2427973,1,0,32
2428073,1,0,33
2428174,1,0,26
2428274,0,0,19
2428374,1,0,29
2428474,0,0,27
2428574,0,0,23
2428674,0,0,27
2428774,1,0,21
2428874,1,0,30
2428974,1,0,27
2429074,1,0,42
2429174,1,0,28
2429274,1,0,41
2429374,1,0,25
2429474,1,0,24
2429574,1,0,26
2429674,1,0,37
2429774,1,0,24
2429874,1,0,38
2429974,1,0,23
2430074,1,0,31
2430174,1,0,23
2430274,1,0,22
2430374,0,0,13
2430474,1,0,29
2430574,0,0,21
2430674,1,0,24
2430774,1,0,31
2430874,1,0,34
2430974,0,0,23
2431074,1,0,20
2431174,0,0,20
2431274,1,0,29
2431374,0,0,26
2431474,1,0,15
2431574,1,0,32
2431674,0,0,23
2431775,1,0,28
2431876,1,0,31
2431976,1,0,21
2432076,1,0,20
2432176,2,0,32
2432276,2,0,26
2432376,3,0,37
2432476,3,0,21
2432576,2,0,38
2432676,1,0,32
2432776,3,0,27
2432876,3,0,24
2432976,2,0,30
2433076,3,0,24
2433176,2,0,38
2433276,2,0,21
2433376,3,0,29
2433476,3,0,31
2433576,3,0,35
2433676,3,0,26
2433776,1,0,28
2433876,3,0,34
2433976,3,0,28
2434077,4,0,40
2434177,3,0,29
2434277,3,0,26
2434377,3,0,32
2434478,2,0,21
2434578,2,0,28
2434679,3,0,30
2434779,2,0,31
2434879,2,0,21
2434980,2,0,29
2435080,2,0,32
2435180,2,0,29
2435280,2,0,23
2435380,2,0,21
2435480,2,0,29
2435580,2,0,29
2435680,3,0,35
2435780,7,0,34
2435880,17,4,61
2435980,27,7,65
2436080,43,16,87
2436181,54,30,95
2436281,70,43,115
2436381,81,53,128
2436481,90,64,127
2436581,90,51,136
2436681,93,80,139
2436781,95,56,142
2436881,95,54,134
2436982,95,55,137
2437082,92,59,150
2437182,94,65,135
2437282,91,48,143
2437382,91,70,151
2437482,90,57,147
2437582,92,60,142
2437682,94,43,144
2437782,95,73,134
2437882,96,60,143
2437982,91,56,134
2438082,94,75,131
2438182,93,66,134
2438283,92,45,136
2438384,90,70,139
2438484,88,56,131
2438584,95,46,140
2438684,99,79,139
2438784,100,75,147
2438884,96,63,142
2438984,98,76,142
2439084,102,65,149
2439184,102,82,156
2439284,103,62,150
2439384,103,64,144
2439484,101,61,146
2439584,95,48,136
2439684,93,51,138
2439784,95,61,139
2439884,98,57,136
2439984,97,63,141
2440085,94,64,133
2440185,95,45,134
2440285,95,57,140
2440385,95,63,132
2440485,97,67,139
2440585,95,59,136
2440686,95,62,143
2440786,94,68,137
2440887,91,58,131
2440987,89,66,132
2441088,94,79,145
2441188,92,61,130
2441288,88,65,128
2441388,89,54,127
2441488,87,58,130
2441588,91,48,133
2441688,93,55,141
2441788,90,52,140
2441889,97,53,147
2441989,93,59,132
2442089,86,49,146
2442189,87,40,134
2442289,90,47,129
2442389,89,60,133
2442489,88,66,132
2442589,91,41,136
2442689,93,54,133
2442790,93,55,143
2442890,96,49,133
2442990,99,73,160
2443090,100,77,141
2443190,100,63,146
2443290,102,66,148
2443390,98,50,144
2443490,97,60,139
2443590,101,67,153
2443690,103,72,149
2443791,102,58,145
2443891,97,53,148
2443991,96,49,145
2444092,98,65,150
2444192,96,59,140
2444292,99,83,144
2444393,92,62,145
2444493,100,62,145
2444593,101,66,149
2444693,110,96,150
2444793,117,82,161
2444894,127,80,182
2444994,135,94,187
2445094,145,131,192
2445194,151,102,200
2445294,156,112,200
2445394,163,117,209
2445494,164,120,206
2445594,161,123,205
2445694,163,129,216
2445794,160,126,209
2445894,158,115,198
2445994,160,120,212
2446095,160,118,208
2446195,158,124,205
2446296,158,117,205
2446396,160,143,207
2446496,161,123,201
2446596,160,115,209
2446696,161,127,207
2446796,157,122,199
2446896,162,129,210
2446996,161,133,212
2447096,164,128,203
2447196,161,122,198
2447296,162,122,207
2447397,164,118,214
2447497,163,129,200
2447597,164,127,204
2447698,165,146,203
2447799,165,118,209
2447899,166,124,212
2447999,169,140,218
2448099,169,141,213
2448199,170,141,219
2448300,170,134,209
2448400,174,142,218
2448500,172,139,226
2448600,171,141,222
2448700,170,140,219
2448800,170,140,206
2448900,170,128,212
2449000,168,135,214
2449100,166,120,208
2449200,166,121,213
2449300,164,142,220
2449400,166,121,211
2449500,165,143,217
2449601,166,120,209
2449701,167,132,231
2449802,166,118,216
2449902,167,129,216
2450003,165,139,209
2450104,168,144,211
2450204,168,126,220
2450304,166,143,207
2450405,163,107,210
2450505,163,125,217
2450605,159,117,212
2450706,159,114,218
2450806,158,135,195
2450907,161,121,202
2451007,160,111,217
2451107,160,128,200
2451207,160,128,200
2451307,156,119,200
2451407,158,131,205
2451507,157,122,204
2451607,159,133,204
2451708,158,119,208
2451809,160,114,212
2451909,161,133,203
2452009,162,124,203
2452109,162,129,215
2452209,160,129,211
2452309,159,110,208
2452410,159,129,200
2452510,159,113,208
2452610,163,120,207
2452710,164,121,210
2452811,161,134,203
2452911,158,108,200
2453011,157,111,204
2453111,157,135,198
2453211,158,116,195
2453311,156,108,201
2453411,157,127,201
2453511,160,129,209
2453611,160,112,210
2453711,164,128,211
2453811,161,126,217
2453912,160,132,201
2454012,161,119,208
2454112,158,122,208
2454212,158,111,203
2454313,158,132,205
2454413,157,111,204
2454513,157,126,212
2454613,157,127,207
2454713,160,123,203
2454813,163,137,208
2454913,163,111,213
2455013,162,138,207
2455113,161,122,210
2455213,159,115,204
2455313,156,120,209
2455413,162,131,214
2455513,165,127,213
2455613,166,143,217
2455714,167,134,210
2455814,169,130,208
2455914,165,122,219
2456014,163,112,216
2456114,165,132,206
2456214,163,130,206
2456314,162,120,203
2456414,164,128,217
2456514,165,114,211
2456614,164,124,223
2456714,163,117,207
2456815,169,117,227
2456915,179,145,230
2457015,192,147,232
2457115,203,163,242
2457215,219,176,262
2457315,231,179,275
2457415,242,208,284
2457515,253,213,300
2457615,255,231,303
2457715,263,224,311
2457815,263,220,315
2457915,265,220,313
2458015,266,237,316
2458115,265,220,323
2458215,264,225,314
2458315,265,214,313
2458415,266,235,304
2458515,263,230,306
2458615,264,233,317
2458715,263,237,304
2458815,263,220,314
2458916,264,227,308
2459016,266,243,320
2459117,267,223,323
2459217,267,214,313
2459317,269,233,311
2459417,265,226,316
2459517,265,213,316
2459617,262,221,309
2459717,261,218,306
2459817,264,215,314
2459917,264,218,309
2460017,261,235,311
2460117,260,236,314
2460217,258,213,308
2460318,260,203,307
2460418,260,216,305
2460518,259,217,309
2460618,259,213,305
2460719,261,225,306
2460819,258,228,299
2460919,257,231,297
2461019,255,210,295
2461120,256,222,303
2461221,256,206,309
2461321,259,220,304
2461421,260,230,310
2461521,259,218,303
2461621,259,234,307
2461721,259,227,302
2461821,260,227,306
2461921,257,215,306
2462022,258,224,300
2462122,257,212,305
2462222,257,222,307
2462322,254,226,313
2462422,257,204,295
2462522,257,224,306
2462623,261,228,309
2462723,266,224,314
2462823,266,233,321
2462923,264,241,320
2463024,262,210,310
2463124,261,224,306
2463224,260,217,310
2463324,257,216,301
2463425,255,217,299
2463525,255,219,300
2463625,256,214,316
2463726,256,216,303
2463826,259,220,304
2463927,256,204,308
2464027,261,210,316
2464127,261,233,310
2464227,262,222,313
2464328,259,220,307
2464429,259,229,315
2464529,257,212,310
2464630,257,214,299
2464730,255,213,299
2464830,259,217,301
2464931,261,230,301
2465031,260,223,302
2465132,260,246,309
2465232,260,232,313
2465333,257,203,306
2465433,253,218,295
2465533,251,224,296
2465633,251,216,298
2465733,253,208,295
2465833,252,230,298
2465933,252,213,302
2466033,254,215,304
2466134,252,196,301
2466234,252,202,297
2466334,252,199,310
2466434,252,214,295
2466534,253,221,294
2466634,254,212,301
2466734,250,208,300
2466834,249,214,294
2466934,259,220,310
2467034,264,240,310
2467134,271,226,316
2467234,282,246,335
2467334,289,252,338
2467434,298,243,353
2467534,308,266,360
2467634,317,274,367
2467734,327,285,370
2467834,329,298,376
2467934,339,298,387
2468035,340,292,390
2468135,345,305,387
2468235,330,281,382
2468335,338,297,386
2468435,339,302,382
2468536,344,292,378
2468636,347,305,401
2468736,349,308,393
2468836,354,298,411
2468936,349,321,398
2469037,345,302,393
2469137,343,296,382
2469237,344,304,399
2469337,344,295,402
2469437,350,286,392
2469537,347,305,393
2469637,348,306,399
2469737,348,312,396
2469837,352,302,397
2469937,347,311,395
2470037,349,296,392
2470137,354,313,409
2470237,353,299,398
2470337,351,320,401
2470438,346,301,397
2470538,339,297,389
2470638,340,298,381
2470738,341,303,393
2470839,342,316,389
2470939,341,297,393
2471039,341,317,386
2471140,339,310,387
2471241,337,306,388
2471341,339,302,386
2471441,338,293,391
2471541,340,290,379
2471641,339,306,388
2471741,344,296,388
2471841,339,299,393
2471941,341,295,392
2472041,342,309,380
2472141,347,305,413
2472241,347,319,385
2472342,347,314,402
2472442,346,319,397
2472542,344,295,394
2472642,345,304,390
2472742,339,314,387
2472842,335,292,380
2472942,339,289,385
2473042,339,292,391
2473142,334,296,379
2473243,338,287,376
2473343,337,299,384
2473443,336,297,387
2473544,339,303,386
2473645,333,295,389
2473745,332,292,384
2473845,329,297,381
2473945,331,314,376
2474045,330,284,385
2474145,331,284,381
2474245,333,285,381
2474345,331,283,381
2474445,337,310,384
2474546,337,295,382
2474646,339,305,386
2474746,342,306,392
2474846,342,298,391
2474946,347,300,396
2475046,341,318,385
2475146,341,314,391
2475246,338,281,385
2475346,337,298,388
2475447,335,313,387
2475547,340,321,383
2475647,342,303,385
2475747,348,317,390
2475847,353,311,396
2475947,349,305,398
2476047,352,313,388
2476147,349,319,393
2476247,347,316,389
2476347,349,316,402
2476447,348,305,395
2476547,345,308,391
2476647,338,303,389
2476747,335,301,388
2476847,337,287,391
2476947,338,302,383
2477048,343,309,400
2477148,343,304,387
2477248,347,307,395
2477348,346,313,402
2477449,353,311,398
2477549,349,314,394
2477649,347,307,385
2477750,349,323,398
2477850,350,324,392
2477950,350,310,403
2478050,347,314,398
2478150,346,299,394
2478250,346,330,398
2478350,342,303,388
2478451,342,294,382
2478551,342,308,386
2478651,342,295,387
2478752,345,309,384
2478852,346,303,387
2478953,347,288,394
2479054,349,319,404
2479154,344,294,402
2479255,348,298,404
2479355,350,306,404
2479455,353,310,403
2479555,356,314,393
2479655,360,330,400
2479755,365,327,418
2479855,368,321,416
2479955,371,334,425
2480056,373,332,414
2480157,378,342,427
2480257,381,358,432
2480357,382,347,431
2480457,383,344,425
2480557,388,347,441
2480658,392,354,440
2480758,390,345,442
2480858,390,352,440
2480958,395,354,448
2481058,396,327,441
2481158,393,358,440
2481258,390,342,441
2481358,389,355,437
2481458,387,342,434
2481558,386,340,436
2481658,383,344,428
2481758,391,349,438
2481858,393,349,445
2481958,395,354,442
2482059,393,341,438
2482159,393,361,433
2482260,391,341,434
2482360,390,356,436
2482460,382,333,431
2482560,388,354,435
2482660,388,329,434
2482760,386,352,433
2482860,389,367,439
2482960,387,349,437
2483060,388,354,431
2483160,390,344,438
2483260,380,337,429
2483361,379,333,424
2483461,385,351,433
2483561,384,327,444
2483661,377,345,424
2483761,378,349,428
2483862,378,342,416
2483962,381,337,429
2484062,380,329,429
2484163,377,341,429
2484264,379,345,445
2484365,377,325,422
2484466,382,347,440
2484567,389,367,447
2484667,390,339,437
2484767,388,344,438
2484868,391,355,445
2484968,395,342,435
2485068,391,344,437
2485168,393,352,444
2485268,391,332,445
2485369,392,351,436
2485470,395,349,438
2485570,392,347,443
2485671,396,359,446
2485772,394,364,439
2485872,396,357,455
2485972,390,355,436
2486072,386,343,440
2486172,384,359,435
2486272,386,333,431
2486372,389,359,440
2486472,391,367,433
2486572,393,360,435
2486673,391,348,435
2486774,389,354,439
2486874,389,354,440
2486974,386,343,437
2487075,384,350,432
2487175,386,339,431
2487275,382,347,441
2487375,383,334,428
2487475,381,342,429
2487575,381,344,435
2487675,379,342,424
2487775,377,338,418
2487875,373,331,425
2487975,370,334,415
2488075,373,329,426
2488176,375,346,423
2488276,384,351,434
2488376,382,337,429
2488476,384,348,431
2488576,381,338,429
2488676,395,352,436
2488776,400,358,443
2488877,422,372,471
2488977,451,421,499
2489078,471,430,508
2489178,501,464,555
2489279,523,491,572
2489379,529,504,585
2489479,542,507,588
2489579,532,491,573
2489679,536,500,584
2489780,534,493,589
2489880,531,495,579
2489980,525,476,571
2490080,530,495,572
2490180,537,485,591
2490280,540,509,584
2490380,537,512,578
2490480,536,489,588
2490580,541,517,603
2490680,547,512,591
2490780,542,505,592
2490881,528,508,580
2490981,529,489,579
2491081,533,484,579
2491181,535,501,585
2491281,531,515,577
2491381,536,485,579
2491482,536,509,582
2491582,532,483,580
2491682,545,516,594
2491782,541,511,585
2491882,546,510,599
2491982,539,498,591
2492082,537,481,581
2492182,541,507,576
2492282,543,501,588
2492382,534,501,594
2492482,529,504,590
2492582,534,496,586
2492683,529,494,578
2492783,537,516,589
2492883,532,481,582
2492983,542,497,585
2493083,541,502,590
2493183,545,519,604
2493283,544,517,595
2493383,544,508,596
2493483,534,485,592
2493583,540,492,591
2493684,539,492,588
2493785,536,498,586
2493885,533,472,580
2493985,540,500,591
2494085,541,506,593
2494185,540,490,575
2494285,540,501,586
2494385,546,498,591
2494485,545,515,598
2494586,551,502,603
2494686,548,499,599
2494786,542,500,594
2494886,539,490,585
2494986,540,515,586
2495086,540,506,596
2495186,541,502,587
2495286,541,510,593
2495386,544,511,599
2495486,541,499,589
2495586,545,520,593
2495686,551,504,604
2495787,547,494,585
2495888,544,500,595
2495988,546,501,601
2496088,547,507,601
2496188,546,504,595
2496288,537,493,586
2496388,543,501,595
2496488,550,508,594
2496588,553,502,606
2496689,602,569,647
2496789,615,569,666
2496889,664,632,716
2496989,694,655,738
2497089,715,660,768
2497189,743,686,790
2497289,774,737,820
2497389,780,736,821
2497489,794,764,839
2497590,786,734,838
2497690,776,724,827
2497790,789,762,837
2497890,775,746,821
2497990,772,725,826
2498091,763,715,810
2498191,767,726,825
2498291,778,747,819
2498391,784,741,839
2498491,776,739,823
2498591,779,734,833
2498692,785,757,831
2498792,781,753,823
2498892,776,739,821
2498992,774,740,815
2499093,760,718,807
2499193,759,712,808
2499293,762,734,815
2499393,741,701,790
2499494,738,701,779
2499594,741,709,790
2499695,740,708,785
2499795,748,697,802
2499896,738,703,788
2499997,725,675,771
2500097,725,688,774
2500197,730,678,777
2500297,742,704,789
2500397,730,716,773
2500497,737,691,787
2500597,733,690,772
2500697,712,675,761
2500797,710,674,760
2500897,703,660,757
2500997,717,669,763
2501097,738,694,784
2501197,745,705,796
2501297,740,700,786
2501397,738,690,791
2501497,753,716,794
2501597,737,689,791
2501697,745,707,796
2501797,753,721,806
2501898,746,708,806
2501998,758,707,809
2502098,759,712,815
2502198,767,729,819
2502298,779,741,829
2502398,777,744,827
2502498,778,732,832
2502598,768,719,809
2502698,767,725,807
2502798,789,755,844
2502898,791,746,839
2502998,802,759,847
2503098,797,753,848
2503198,802,777,855
2503298,784,743,828
2503398,786,741,838
2503498,788,741,832
2503598,798,766,850
2503699,786,734,839
2503799,796,754,841
2503899,789,762,833
2503999,768,736,815
2504099,778,727,835
2504199,790,741,841
2504300,782,732,830
2504400,776,729,824
2504500,764,721,810
2504600,764,727,822
2504700,765,718,816
2504800,763,734,812
2504901,765,723,829
2505001,763,728,812
2505101,765,718,808
2505201,767,738,813
2505301,753,717,818
2505401,748,712,795
2505501,759,710,821
2505601,720,619,820
2505701,387,193,1161
2505801,92,0,1290
2505901,7,0,40
2506001,4,0,39
2506101,3,0,28
2506201,2,0,30
2506301,0,0,19
2506401,1,0,26
2506502,1,0,30
2506602,0,0,21
2506703,0,0,25
2506803,0,0,18
2506903,0,0,28
2507003,1,0,37
2507103,1,0,35
2507203,0,0,28
2507304,0,0,17
2507404,0,0,33
2507504,1,0,18
2507604,0,0,27
2507704,0,0,23
2507805,0,0,19
2507905,0,0,19
2508005,1,0,39
2508105,0,0,27
2508205,0,0,22
2508306,0,0,20
2508406,0,0,24
2508506,0,0,26
2508606,1,0,28
2508707,0,0,21
2508808,0,0,15
2508908,0,0,27
2509008,1,0,31
2509109,1,0,35
2509209,0,0,25
2509309,1,0,20
2509409,0,0,16
2509510,1,0,17
2509610,1,0,26
2509710,0,0,20
2509811,0,0,26
2509911,1,0,39
2510012,0,0,29
2510112,0,0,25
2510213,1,0,27
2510313,0,0,23
2510413,0,0,19
2510513,0,0,30
2510613,0,0,29
2510713,0,0,30
2510813,1,0,29
2510913,0,0,35
2511013,0,0,22
2511113,0,0,30
2511213,0,0,25
2511313,0,0,30
2511413,0,0,22
2511514,0,0,24
2511614,0,0,20
2511714,1,0,24
2511815,0,0,28
2511915,1,0,29
2512015,0,0,15
2512115,0,0,35
2512215,0,0,23
2512315,1,0,30
2512415,0,0,22
2512515,0,0,36
2512615,1,0,24
2512715,0,0,24
2512815,1,0,24
2512916,0,0,19
2513016,1,0,33
2513117,1,0,31
2513217,0,0,23
2513317,0,0,23
2513418,0,0,31
2513518,0,0,21
2513619,1,0,24
2513719,0,0,18
2513819,0,0,18
2513919,0,0,35
2514019,0,0,29
2514120,0,0,30
2514220,0,0,20
2514320,1,0,24
2514420,0,0,26
2514520,1,0,29
2514621,0,0,35
2514722,0,0,26
2514822,0,0,23
2514922,0,0,26
2515023,0,0,28
2515124,0,0,27
2515224,0,0,22
2515324,0,0,32
2515424,0,0,27

Test13:
2657626,1,0,35
2657727,1,0,35
2657827,1,0,31
2657928,0,0,33
2658028,1,0,39
2658128,1,0,25
2658228,0,0,28
2658328,1,0,23
2658428,1,0,28
2658529,1,0,20
2658629,1,0,37
2658729,0,0,24
2658829,1,0,31
2658929,1,0,31
2659029,1,0,26
2659129,1,0,26
2659229,0,0,19
2659329,1,0,30
2659429,0,0,24
2659530,1,0,34
2659630,1,0,45
2659730,0,0,24
2659831,1,0,17
2659931,1,0,24
2660031,0,0,35
2660131,1,0,32
2660232,1,0,26
2660332,1,0,27
2660433,1,0,21
2660533,1,0,25
2660633,1,0,27
2660734,1,0,15
2660834,1,0,27
2660935,1,0,26
2661035,1,0,28
2661135,1,0,23
2661235,1,0,19
2661335,1,0,31
2661436,1,0,27
2661536,1,0,25
2661637,1,0,29
2661737,1,0,21
2661837,0,0,28
2661937,1,0,24
2662037,1,0,24
2662137,0,0,28
2662237,1,0,25
2662337,1,0,35
2662437,0,0,27
2662537,0,0,26
2662637,1,0,31
2662737,1,0,30
2662837,0,0,29
2662938,0,0,26
2663038,1,0,17
2663138,1,0,31
2663238,1,0,33
2663338,1,0,24
2663439,1,0,27
2663539,1,0,30
2663640,1,0,28
2663740,1,0,36
2663840,1,0,30
2663940,0,0,20
2664040,0,0,24
2664140,0,0,27
2664240,1,0,25
2664340,1,0,32
2664440,1,0,34
2664540,0,0,19
2664640,1,0,35
2664740,1,0,24
2664840,1,0,27
2664940,1,0,36
2665040,0,0,25
2665140,1,0,19
2665240,0,0,22
2665340,1,0,32
2665440,1,0,19
2665540,1,0,26
2665641,1,0,31
2665741,1,0,37
2665841,1,0,31
2665941,1,0,31
2666041,1,0,22
2666141,1,0,30
2666241,1,0,26
2666341,1,0,34
2666442,1,0,26
2666542,1,0,43
2666642,0,0,20
2666742,1,0,27
2666842,1,0,24
2666942,1,0,21
2667042,1,0,29
2667142,1,0,28
2667242,1,0,24
2667342,1,0,31
2667442,1,0,21
2667542,1,0,22
2667642,0,0,20
2667742,1,0,21
2667842,1,0,25
2667942,0,0,26
2668042,1,0,28
2668142,1,0,26
2668242,1,0,27
2668342,2,0,28
2668442,3,0,33
2668542,2,0,35
2668642,2,0,28
2668742,2,0,27
2668842,3,0,31
2668942,2,0,38
2669042,2,0,32
2669142,1,0,33
2669242,2,0,28
2669342,1,0,30
2669442,2,0,33
2669542,3,0,35
2669643,2,0,28
2669743,2,0,35
2669844,2,0,21
2669944,2,0,31
2670045,1,0,25
2670146,3,0,26
2670246,1,0,31
2670346,2,0,27
2670446,2,0,27
2670546,1,0,26
2670647,2,0,30
2670748,1,0,37
2670848,2,0,36
2670949,2,0,27
2671050,2,0,29
2671151,3,0,35
2671251,1,0,32
2671351,2,0,30
2671452,2,0,25
2671552,2,0,33
2671653,2,0,37
2671754,1,0,29
2671854,2,0,35
2671954,3,0,34
2672054,3,0,24
2672154,2,0,25
2672254,2,0,28
2672354,1,0,26
2672454,2,0,30
2672554,2,0,24
2672654,1,0,23
2672754,1,0,27
2672854,2,0,28
2672955,2,0,24
2673056,1,0,18
2673156,2,0,27
2673256,3,0,32
2673356,2,0,22
2673456,2,0,42
2673556,2,0,29
2673657,1,0,28
2673757,3,0,31
2673857,2,0,30
2673957,12,0,42
2674057,21,2,64
2674157,37,14,81
2674257,50,22,87
2674357,65,32,109
2674457,79,43,125
2674557,89,56,143
2674657,96,59,137
2674757,95,65,138
2674858,102,65,144
2674958,103,88,152
2675059,100,63,147
2675159,95,67,143
2675259,91,43,127
2675359,87,46,122
2675459,90,53,133
2675559,91,68,136
2675660,87,57,123
2675760,87,44,125
2675860,89,60,132
2675960,87,60,133
2676060,87,65,120
2676160,85,35,131
2676260,87,41,131
2676360,85,54,126
2676460,84,56,135
2676560,84,46,132
2676660,89,55,136
2676760,90,49,128
2676861,93,67,143
2676961,95,51,136
2677061,98,53,147
2677161,96,60,144
2677261,97,50,149
2677361,94,74,145
2677461,88,61,125
2677561,89,45,137
2677661,92,55,134
2677762,97,78,136
2677862,96,63,143
2677963,98,66,134
2678063,101,71,139
2678164,100,58,140
2678264,100,63,151
2678364,95,63,140
2678464,91,65,139
2678564,91,55,136
2678665,91,69,133
2678766,93,52,148
2678866,89,65,135
2678966,95,52,135
2679066,94,68,134
2679166,91,68,139
2679266,92,52,135
2679366,91,57,134
2679466,93,52,140
2679566,94,60,140
2679666,92,46,136
2679766,91,67,135
2679866,90,55,140
2679966,88,49,134
2680066,94,67,132
2680166,95,74,139
2680267,99,51,153
2680367,99,65,152
2680467,94,58,144
2680567,95,75,144
2680667,98,72,139
2680767,98,71,150
2680867,99,57,145
2680967,100,49,151
2681067,98,62,146
2681168,97,61,142
2681269,102,61,151
2681369,107,76,144
2681469,110,76,149
2681569,118,82,157
2681669,124,87,168
2681769,137,89,182
2681870,143,94,191
2681970,152,114,198
2682070,161,123,205
2682170,168,128,214
2682270,173,130,218
2682370,175,134,235
2682470,177,142,223
2682570,174,121,224
2682671,177,149,230
2682771,180,142,226
2682871,179,137,223
2682971,182,155,242
2683071,181,148,236
2683171,181,144,227
2683271,181,146,220
2683372,182,139,237
2683472,177,142,228
2683572,176,131,224
2683672,177,129,236
2683772,176,128,227
2683873,179,117,227
2683973,175,140,217
2684073,175,141,227
2684173,170,122,222
2684273,173,142,216
2684373,170,128,213
2684473,172,125,219
2684573,174,130,223
2684673,173,134,212
2684774,175,134,218
2684874,173,132,217
2684974,173,132,217
2685074,172,146,214
2685174,170,138,211
2685274,171,120,211
2685374,172,140,226
2685474,173,126,217
2685575,174,145,220
2685675,172,133,224
2685776,169,132,218
2685876,171,136,211
2685976,173,130,210
2686076,167,117,204
2686176,167,132,208
2686277,169,131,210
2686377,171,148,229
2686478,170,122,223
2686578,171,134,211
2686679,173,135,222
2686779,174,119,226
2686879,172,136,214
2686979,172,130,221
2687079,174,136,222
2687179,171,120,218
2687279,173,140,227
2687379,174,138,208
2687479,175,135,217
2687579,179,153,224
2687679,180,134,217
2687780,173,144,227
2687880,176,150,216
2687980,178,134,220
2688081,182,135,245
2688181,192,151,237
2688281,209,173,264
2688381,232,199,284
2688481,248,194,295
2688581,257,214,306
2688681,264,224,321
2688781,273,241,318
2688881,272,222,327
2688981,268,211,318
2689081,266,216,315
2689181,266,229,310
2689281,262,226,313
2689381,259,232,304
2689482,258,219,307
2689582,261,222,308
2689682,261,218,308
2689782,263,218,311
2689882,264,214,319
2689982,259,219,306
2690082,262,231,315
2690183,261,221,308
2690283,264,230,311
2690383,261,224,308
2690484,263,239,311
2690584,268,218,314
2690684,260,214,308
2690785,260,217,309
2690885,263,216,318
2690985,263,218,314
2691086,262,216,309
2691187,262,218,306
2691287,261,208,308
2691387,261,228,302
2691487,265,231,308
2691587,260,237,305
2691687,264,223,316
2691787,264,239,317
2691887,261,224,311
2691987,260,221,305
2692087,260,213,304
2692187,261,226,308
2692287,262,228,315
2692387,263,227,303
2692487,261,217,305
2692587,260,237,304
2692687,263,225,309
2692787,262,233,310
2692887,260,227,307
2692987,260,226,313
2693088,257,221,296
2693188,259,226,317
2693288,258,232,305
2693389,257,204,301
2693489,258,241,315
2693589,257,207,302
2693690,256,212,302
2693791,258,238,313
2693891,258,220,306
2693991,261,227,302
2694091,265,210,304
2694192,262,230,315
2694292,262,226,301
2694393,263,210,312
2694493,267,232,313
2694593,265,233,303
2694694,267,227,309
2694794,268,229,313
2694895,268,220,314
2694995,270,227,324
2695095,272,225,319
2695196,275,236,325
2695296,274,224,319
2695396,274,236,329
2695496,274,250,332
2695596,274,230,314
2695697,274,234,319
2695797,272,222,320
2695898,269,216,315
2695998,267,244,303
2696098,267,230,312
2696198,266,229,313
2696298,267,241,313
2696398,266,227,320
2696498,264,221,309
2696598,265,226,312
2696698,269,223,317
2696798,278,237,326
2696898,283,254,336
2696998,292,251,342
2697098,301,254,349
2697199,310,263,351
2697299,321,292,368
2697399,331,293,373
2697500,341,296,393
2697600,342,305,388
2697700,347,296,399
2697800,352,308,397
2697900,346,285,382
2698000,350,306,396
2698100,351,300,401
2698200,348,313,397
2698301,353,324,402
2698402,355,330,397
2698502,357,319,406
2698602,356,319,419
2698703,352,308,404
2698803,352,311,414
2698903,356,305,405
2699003,353,321,401
2699103,352,308,389
2699204,349,306,394
2699304,349,327,390
2699404,350,312,396
2699504,346,307,392
2699604,349,324,396
2699704,349,302,403
2699805,350,310,406
2699906,353,300,400
2700006,351,302,394
2700106,353,313,393
2700206,345,316,395
2700306,347,314,391
2700406,346,309,391
2700506,347,302,388
2700606,347,311,390
2700706,353,310,396
2700806,345,300,391
2700906,349,305,390
2701006,347,311,401
2701107,350,313,397
2701207,350,321,391
2701308,351,299,404
2701408,351,309,397
2701508,352,307,406
2701609,353,316,406
2701709,347,315,396
2701809,352,321,395
2701909,354,313,394
2702009,354,332,408
2702109,356,321,405
2702209,356,334,392
2702309,357,322,415
2702409,352,319,407
2702509,353,302,409
2702609,356,329,405
2702709,357,335,400
2702809,356,308,408
2702909,352,308,401
2703009,348,312,395
2703109,352,317,408
2703210,354,321,397
2703310,350,321,393
2703410,347,314,397
2703510,336,283,384
2703610,336,288,382
2703710,337,290,390
2703810,348,309,395
2703910,350,306,408
2704010,351,314,407
2704110,355,308,405
2704210,351,299,396
2704310,353,301,392
2704411,355,318,405
2704511,357,326,400
2704612,359,315,408
2704713,358,328,398
2704813,353,301,413
2704913,347,288,394
2705013,353,308,400
2705113,347,298,396
2705213,348,311,395
2705313,346,310,393
2705413,344,301,386
2705513,344,310,395
2705613,344,299,393
2705713,343,293,396
2705813,341,299,395
2705914,336,287,390
2706015,340,285,396
2706115,342,296,395
2706215,353,302,399
2706315,356,316,403
2706415,370,331,422
2706515,377,342,429
2706615,389,351,440
2706716,398,345,445
2706816,410,363,456
2706916,418,380,466
2707016,425,381,475
2707116,426,382,477
2707216,431,391,474
2707316,438,393,484
2707416,432,380,479
2707516,432,376,482
2707616,433,392,480
2707716,431,395,485
2707816,432,380,469
2707916,432,395,475
2708016,433,405,482
2708116,434,390,479
2708217,433,399,483
2708317,438,387,486
2708418,434,390,478
2708518,432,391,475
2708618,429,383,475
2708718,425,386,474
2708818,428,388,471
2708919,424,391,469
2709019,427,376,478
2709119,429,391,479
2709219,425,384,465
2709319,425,376,470
2709419,423,387,471
2709520,430,380,480
2709620,433,397,478
2709720,428,382,480
2709820,426,383,469
2709920,427,381,472
2710020,427,392,478
2710120,433,400,486
2710220,436,384,489
2710320,436,393,480
2710420,435,391,496
2710520,438,399,491
2710620,439,394,484
2710720,441,398,489
2710821,441,388,495
2710921,441,395,480
2711021,442,381,488
2711121,438,388,483
2711222,438,390,494
2711322,437,383,496
2711422,438,392,487
2711522,440,407,483
2711622,440,398,484
2711722,437,395,493
2711822,434,406,482
2711922,432,406,488
2712022,432,381,486
2712122,432,391,479
2712222,426,385,479
2712322,424,371,470
2712422,425,367,478
2712522,425,386,467
2712622,428,377,474
2712722,437,400,482
2712822,438,389,488
2712922,440,392,491
2713022,437,398,492
2713122,438,389,490
2713223,440,398,489
2713323,433,387,490
2713423,436,409,487
2713523,438,404,483
2713623,436,395,485
2713723,438,394,486
2713823,436,395,487
2713924,437,394,475
2714024,434,380,474
2714125,435,407,482
2714225,433,390,486
2714325,429,391,483
2714426,428,380,465
2714526,431,388,485
2714626,431,391,483
2714726,430,398,490
2714826,427,388,482
2714926,425,375,463
2715027,427,392,475
2715127,431,393,478
2715228,434,406,485
2715328,430,394,484
2715428,424,389,472
2715528,427,384,475
2715628,425,388,472
2715728,428,392,472
2715828,430,395,486
2715928,461,415,513
2716029,493,447,539
2716129,526,483,576
2716229,558,520,605
2716329,583,558,626
2716429,592,547,632
2716529,600,569,650
2716629,584,519,624
2716729,585,548,638
2716829,582,538,633
2716929,580,527,625
2717029,584,536,636
2717129,579,533,624
2717229,579,527,625
2717330,590,558,635
2717430,590,556,642
2717531,598,561,638
2717631,595,564,647
2717731,593,558,637
2717831,591,552,641
2717931,589,542,637
2718031,577,548,614
2718131,578,545,633
2718232,584,530,632
2718332,588,537,642
2718432,586,554,640
2718532,582,562,631
2718633,583,543,637
2718733,582,539,638
2718833,586,548,633
2718933,597,566,647
2719033,595,555,644
2719133,596,560,644
2719233,599,573,647
2719333,601,569,643
2719433,591,540,639
2719533,598,564,640
2719633,586,542,632
2719733,571,509,617
2719834,572,534,621
2719934,582,552,631
2720034,581,546,637
2720134,586,548,634
2720234,582,542,622
2720334,589,549,640
2720434,599,567,654
2720534,602,573,647
2720634,605,552,650
2720734,609,569,651
2720834,608,572,655
2720935,598,553,647
2721035,597,554,652
2721136,600,561,643
2721236,601,563,639
2721336,597,554,637
2721436,595,564,647
2721536,593,551,652
2721636,601,554,643
2721736,598,548,647
2721837,603,560,647
2721937,593,552,645
2722037,594,553,647
2722137,588,552,637
2722237,590,534,634
2722338,577,522,629
2722439,583,536,626
2722539,580,537,624
2722640,581,529,619
2722740,585,559,634
2722840,589,540,635
2722940,592,540,630
2723041,596,553,647
2723142,593,540,644
2723242,616,570,665
2723343,635,600,676
2723443,663,627,717
2723543,684,653,728
2723643,718,669,772
2723743,738,697,786
2723843,766,730,816
2723944,782,740,833
2724044,804,759,854
2724144,816,777,857
2724245,807,760,856
2724346,790,749,839
2724446,792,743,848
2724547,793,759,850
2724648,778,742,825
2724748,782,741,838
2724848,780,740,830
2724948,795,727,851
2725048,814,771,863
2725148,832,780,882
2725248,817,759,860
2725348,800,756,850
2725449,804,755,858
2725549,796,753,838
2725649,798,759,848
2725750,791,752,834
2725850,785,748,849
2725951,783,740,837
2726051,791,750,843
2726151,804,781,860
2726251,792,768,836
2726352,798,747,844
2726452,808,772,848
2726552,810,780,852
2726652,810,773,857
2726752,798,745,837
2726852,799,774,858
2726952,810,780,866
2727052,808,767,864
2727152,809,775,866
2727252,793,759,840
2727352,793,742,844
2727452,785,755,832
2727552,791,760,849
2727652,797,753,846
2727752,788,740,828
2727852,770,734,827
2727952,772,723,822
2728052,773,726,819
2728152,780,737,825
2728252,799,761,848
2728352,805,740,851
2728453,811,772,858
2728553,804,767,845
2728653,808,772,861
2728753,817,774,865
2728854,811,758,863
2728955,804,765,857
2729055,797,734,853
2729156,787,735,829
2729256,809,782,855
2729356,797,749,853
2729456,794,756,841
2729557,785,741,844
2729657,793,755,847
2729757,776,720,826
2729857,772,732,822
2729958,761,729,805
2730059,769,739,820
2730159,761,724,812
2730259,779,736,823
2730359,779,735,820
2730460,790,743,834
2730561,784,746,824
2730662,791,763,841
2730762,803,760,853
2730862,787,760,823
2730962,783,734,827
2731062,786,738,836
2731162,803,748,843
2731262,799,738,851
2731362,820,775,878
2731462,826,807,877
2731562,825,785,879
2731662,817,793,871
2731762,819,771,876
2731862,811,769,857
2731962,815,784,864
2732063,820,756,876
2732163,815,769,867
2732263,811,769,859
2732363,823,795,876
2732463,823,783,869
2732563,821,787,868
2732664,824,779,883
2732765,831,804,876
2732865,850,808,902
2732965,853,801,904
2733065,853,802,908
2733165,855,808,893
2733265,856,808,908
2733365,848,802,898
2733465,840,809,885
2733565,834,787,883
2733665,834,803,886
2733765,829,783,873
2733865,813,780,856
2733965,812,773,860
2734065,801,748,851
2734166,805,750,856
2734266,800,751,849
2734366,795,741,845
2734466,801,777,849
2734566,813,772,868
2734666,808,779,860
2734766,751,646,856
2734866,403,201,1211
2734966,96,0,1336
2735066,8,0,34
2735166,4,0,38
2735266,2,0,35
2735366,3,0,27
2735466,0,0,26
2735567,0,0,29
2735668,0,0,38
2735768,0,0,26
2735868,0,0,36
2735969,0,0,24
2736069,1,0,26
2736170,0,0,15
2736270,0,0,22
2736371,0,0,16
2736471,0,0,26
2736571,0,0,21
2736671,1,0,26
2736771,0,0,21
2736871,0,0,28
2736971,0,0,30
2737071,0,0,18
2737171,0,0,28
2737271,0,0,22
2737372,0,0,22
2737472,0,0,19
2737572,0,0,24
2737672,1,0,29
2737773,1,0,31
2737873,0,0,28
2737973,0,0,28
2738073,0,0,21
2738173,0,0,23
2738273,0,0,19
2738373,0,0,35
2738473,0,0,23
2738574,1,0,27
2738675,0,0,35
2738775,0,0,16
2738875,0,0,30
2738975,0,0,31
2739075,1,0,30
2739175,0,0,30
2739276,1,0,39
2739376,1,0,38
2739476,0,0,20
2739576,0,0,28
2739677,1,0,38
2739777,0,0,30
2739878,0,0,23
2739978,0,0,22
2740078,1,0,22
2740179,1,0,24
2740279,0,0,30
2740379,1,0,27
2740479,1,0,26
2740579,1,0,18
2740680,1,0,26
2740780,0,0,29
2740880,1,0,25
2740980,0,0,18
2741080,1,0,22
2741181,0,0,30
2741281,0,0,24
2741381,0,0,22
2741482,0,0,23
2741582,0,0,18
2741682,0,0,28
2741783,0,0,23
2741883,0,0,20
2741984,1,0,28
2742084,1,0,23
2742184,1,0,25
2742284,0,0,31
2742384,0,0,21
2742484,0,0,23
2742584,0,0,30
2742684,0,0,33
2742784,0,0,29
2742884,0,0,26
2742984,0,0,19
2743084,0,0,25
2743185,0,0,29
2743285,1,0,20
2743385,0,0,28
2743485,0,0,24
2743586,0,0,31
2743687,1,0,18
2743787,0,0,13
2743887,0,0,23
2743987,0,0,38
2744087,0,0,23
2744187,1,0,25
2744287,0,0,21
2744388,0,0,31
2744489,1,0,32
2744589,0,0,26
2744689,0,0,13
2744790,1,0,30
2744890,1,0,40
2744991,0,0,23
2745091,1,0,23
2745191,0,0,19
2745291,1,0,33
2745392,0,0,22
2745492,0,0,33

Test14:
2859440,1,0,21
2859541,0,0,17
2859642,1,0,24
2859742,1,0,22
2859842,0,0,28
2859942,1,0,28
2860042,1,0,17
2860142,1,0,34
2860242,1,0,34
2860343,0,0,33
2860443,0,0,30
2860543,1,0,29
2860644,1,0,15
2860745,0,0,30
2860845,1,0,26
2860945,1,0,28
2861045,1,0,28
2861145,1,0,26
2861245,0,0,26
2861345,1,0,27
2861446,0,0,31
2861546,1,0,23
2861646,1,0,28
2861747,1,0,26
2861847,1,0,28
2861947,0,0,33
2862047,1,0,32
2862147,0,0,30
2862247,1,0,24
2862347,1,0,24
2862447,1,0,19
2862547,1,0,28
2862648,1,0,25
2862748,0,0,22
2862848,1,0,32
2862948,1,0,29
2863048,1,0,31
2863148,1,0,29
2863249,1,0,25
2863349,1,0,21
2863449,0,0,27
2863549,1,0,38
2863649,0,0,32
2863749,1,0,25
2863849,1,0,29
2863949,1,0,25
2864049,0,0,21
2864149,1,0,25
2864249,0,0,30
2864349,1,0,24
2864449,0,0,21
2864549,1,0,28
2864649,0,0,22
2864749,1,0,20
2864849,0,0,24
2864949,1,0,32
2865049,1,0,22
2865149,0,0,25
2865249,0,0,23
2865349,1,0,20
2865449,0,0,33
2865550,1,0,33
2865650,0,0,35
2865750,0,0,15
2865850,1,0,30
2865950,0,0,25
2866050,1,0,25
2866150,1,0,31
2866250,1,0,29
2866350,1,0,13
2866450,1,0,35
2866550,0,0,20
2866650,0,0,25
2866751,0,0,23
2866851,1,0,20
2866951,1,0,39
2867051,1,0,28
2867152,0,0,27
2867252,0,0,36
2867353,1,0,28
2867453,1,0,34
2867553,0,0,26
2867653,1,0,21
2867753,1,0,27
2867854,1,0,29
2867954,1,0,26
2868054,0,0,18
2868154,1,0,29
2868254,0,0,27
2868355,0,0,28
2868455,1,0,17
2868555,0,0,13
2868655,0,0,31
2868755,1,0,30
2868855,1,0,20
2868955,1,0,17
2869055,0,0,27
2869155,3,0,35
2869255,2,0,34
2869355,4,0,33
2869455,2,0,24
2869555,3,0,43
2869655,3,0,28
2869755,3,0,29
2869855,3,0,33
2869955,2,0,25
2870055,3,0,22
2870155,3,0,38
2870255,2,0,20
2870355,2,0,33
2870455,2,0,35
2870555,2,0,31
2870655,3,0,31
2870755,2,0,41
2870855,3,0,26
2870955,2,0,30
2871055,2,0,25
2871155,2,0,30
2871255,3,0,37
2871355,3,0,28
2871455,2,0,31
2871555,2,0,28
2871655,2,0,36
2871756,3,0,22
2871856,2,0,31
2871956,2,0,15
2872056,2,0,36
2872156,3,0,28
2872256,2,0,26
2872356,3,0,33
2872456,3,0,32
2872557,2,0,31
2872658,2,0,30
2872758,7,0,28
2872858,13,0,46
2872959,17,0,50
2873059,24,0,72
2873160,36,19,72
2873260,46,22,85
2873360,56,19,112
2873460,67,30,115
2873560,74,38,119
2873660,82,41,135
2873760,86,42,143
2873861,87,55,129
2873962,77,40,129
2874062,83,45,122
2874163,82,45,127
2874263,77,33,127
2874363,82,65,115
2874463,83,45,129
2874564,82,57,132
2874664,77,43,125
2874764,78,54,116
2874864,76,53,116
2874964,77,48,117
2875064,85,51,125
2875165,85,53,135
2875265,84,51,123
2875366,85,48,143
2875466,84,50,135
2875566,82,43,123
2875666,81,51,124
2875766,85,48,136
2875866,87,57,132
2875966,85,48,130
2876066,86,46,129
2876166,85,55,132
2876266,82,50,128
2876366,81,53,122
2876466,78,39,120
2876567,74,54,116
2876667,76,47,119
2876767,77,32,117
2876867,78,39,117
2876967,78,52,118
2877067,79,37,128
2877167,80,52,115
2877267,77,44,125
2877367,76,52,117
2877467,76,38,117
2877567,81,53,125
2877667,85,64,119
2877767,84,55,128
2877867,84,43,129
2877967,84,46,126
2878068,84,67,126
2878169,83,44,130
2878269,80,59,131
2878369,82,56,125
2878470,81,44,139
2878570,79,47,115
2878670,79,49,127
2878770,79,39,120
2878870,81,45,128
2878970,78,54,124
2879071,79,25,122
2879171,80,39,127
2879271,79,44,131
2879372,75,38,117
2879472,71,47,126
2879572,79,71,119
2879672,81,53,127
2879772,82,45,124
2879872,83,41,128
2879972,87,57,131
2880073,88,52,150
2880173,91,44,136
2880274,97,72,139
2880375,97,47,137
2880476,94,73,146
2880576,93,64,132
2880677,91,56,134
2880777,92,62,133
2880877,89,73,138
2880978,90,58,129
2881078,88,68,135
2881178,84,58,126
2881279,88,44,123
2881380,86,42,129
2881480,91,50,137
2881580,90,50,150
2881680,94,51,137
2881780,93,65,139
2881880,92,57,142
2881980,88,53,129
2882081,87,58,130
2882181,83,58,122
2882281,85,63,128
2882381,91,52,135
2882481,90,65,138
2882581,90,44,133
2882681,94,60,136
2882781,89,49,142
2882881,99,66,142
2882981,107,64,154
2883081,122,90,162
2883181,132,88,177
2883281,146,129,192
2883381,157,122,206
2883481,166,135,217
2883581,167,127,219
2883681,171,137,219
2883782,172,127,216
2883882,171,137,209
2883982,169,128,222
2884082,170,133,214
2884182,170,133,219
2884282,166,134,205
2884382,166,142,223
2884482,170,137,219
2884582,170,129,220
2884682,169,120,207
2884782,168,138,208
2884882,166,137,207
2884982,166,132,217
2885082,168,116,217
2885182,166,123,209
2885283,167,124,207
2885383,166,119,214
2885483,160,129,209
2885583,163,116,213
2885683,166,137,212
2885784,163,133,212
2885884,165,121,215
2885984,169,131,215
2886084,167,130,210
2886184,169,137,221
2886285,172,138,217
2886386,170,138,213
2886486,167,145,205
2886586,167,118,215
2886686,168,125,214
2886786,170,133,211
2886886,174,141,217
2886986,173,140,220
2887086,172,140,213
2887186,174,138,223
2887286,170,132,213
2887386,166,120,205
2887486,164,119,210
2887587,166,121,216
2887687,164,135,213
2887788,161,118,204
2887888,160,133,210
2887989,164,129,211
2888090,163,136,218
2888190,164,134,202
2888291,163,131,220
2888392,161,123,208
2888493,162,131,215
2888593,164,132,217
2888693,166,121,214
2888794,164,133,221
2888894,163,112,213
2888994,165,121,210
2889094,170,128,228
2889194,166,113,223
2889294,165,112,207
2889394,167,128,219
2889494,168,135,226
2889594,169,125,214
2889694,168,148,216
2889795,167,138,217
2889896,169,128,225
2889996,168,132,222
2890096,172,137,223
2890196,180,149,229
2890296,195,158,241
2890396,208,173,265
2890496,224,177,269
2890596,237,208,294
2890696,245,207,288
2890796,250,214,295
2890896,245,215,289
2890996,245,216,294
2891096,252,220,307
2891197,248,209,296
2891297,250,227,295
2891397,247,200,297
2891497,248,204,311
2891597,252,204,304
2891697,253,212,303
2891797,253,222,300
2891897,255,220,307
2891997,251,202,302
2892097,255,206,308
2892197,255,194,293
2892297,256,225,304
2892397,254,227,289
2892498,253,211,298
2892598,251,222,290
2892698,250,196,295
2892798,249,204,302
2892898,248,200,293
2892998,247,210,294
2893098,252,213,292
2893198,254,214,297
2893298,255,230,308
2893398,254,220,296
2893498,249,211,286
2893598,251,199,296
2893698,251,214,314
2893798,255,208,297
2893898,259,214,313
2893998,253,217,293
2894098,253,207,295
2894198,253,214,296
2894298,254,213,298
2894398,256,230,300
2894499,253,215,298
2894599,253,217,298
2894699,250,206,297
2894800,250,219,299
2894900,248,213,292
2895000,249,211,292
2895100,252,214,296
2895200,254,209,300
2895300,254,226,306
2895400,251,225,295
2895500,252,207,298
2895600,254,215,303
2895700,251,213,293
2895800,247,201,296
2895900,245,215,291
2896000,242,183,291
2896101,243,227,288
2896201,243,205,307
2896301,244,204,296
2896401,244,211,289
2896502,241,190,285
2896602,241,210,296
2896702,246,223,293
2896803,245,214,293
2896903,245,207,294
2897003,245,206,293
2897104,248,211,298
2897204,250,204,296
2897304,252,215,303
2897404,250,195,300
2897504,250,212,295
2897604,249,215,308
2897704,251,228,303
2897804,253,207,309
2897905,251,202,296
2898005,252,206,297
2898105,251,208,293
2898205,250,194,302
2898305,251,218,303
2898405,251,231,293
2898505,257,212,309
2898606,251,211,289
2898706,254,196,309
2898806,259,232,307
2898906,267,216,320
2899006,274,232,323
2899106,283,234,332
2899207,291,269,331
2899308,298,258,338
2899408,305,264,355
2899508,311,279,349
2899609,320,292,369
2899709,325,261,368
2899809,329,289,379
2899909,327,272,372
2900009,333,289,389
2900109,331,285,388
2900209,331,292,388
2900309,332,300,380
2900409,337,300,381
2900509,336,303,381
2900609,340,302,391
2900709,341,296,393
2900809,339,290,386
2900909,339,312,381
2901009,337,292,388
2901110,341,296,390
2901210,338,303,377
2901311,338,288,385
2901412,336,293,387
2901513,337,304,384
2901613,336,286,382
2901713,336,287,385
2901813,336,285,384
2901913,333,308,389
2902013,330,287,392
2902113,325,281,363
2902213,323,282,376
2902314,327,297,374
2902414,329,278,377
2902514,331,303,382
2902614,326,298,381
2902714,324,297,370
2902814,324,271,359
2902915,317,264,371
2903015,318,286,367
2903115,318,270,360
2903215,315,273,362
2903315,311,269,364
2903415,315,270,360
2903515,314,278,362
2903615,315,265,357
2903716,321,261,368
2903816,319,295,370
2903917,318,269,376
2904017,319,289,376
2904117,318,268,373
2904217,316,283,356
2904317,317,267,359
2904418,317,282,368
2904518,322,276,374
2904618,323,292,371
2904719,327,289,370
2904819,327,296,375
2904919,326,285,371
2905020,325,292,369
2905120,325,278,374
2905220,323,284,370
2905320,324,285,368
2905420,326,303,373
2905520,323,285,374
2905620,324,303,388
2905720,322,265,368
2905820,327,288,386
2905920,327,295,383
2906020,325,286,368
2906120,328,284,389
2906220,331,281,382
2906320,329,305,382
2906420,331,294,377
2906520,321,280,368
2906620,319,281,364
2906720,317,294,361
2906820,321,283,374
2906920,318,288,373
2907020,316,278,356
2907120,320,287,357
2907220,324,282,367
2907320,319,281,369
2907420,320,282,372
2907520,320,281,366
2907620,330,293,377
2907720,337,299,380
2907820,345,317,392
2907920,352,311,395
2908020,361,309,406
2908120,369,329,415
2908220,376,342,422
2908321,383,320,434
2908422,385,345,445
2908522,382,340,439
2908622,386,341,432
2908722,391,347,441
2908823,395,360,446
2908923,396,347,438
2909023,396,349,444
2909123,390,341,447
2909223,390,350,437
2909323,391,343,442
2909423,389,343,441
2909524,389,347,433
2909625,384,351,429
2909725,385,351,426
2909825,383,351,425
2909925,382,352,437
2910025,381,344,424
2910125,378,336,426
2910225,380,346,430
2910325,378,339,423
2910425,378,329,423
2910525,383,342,432
2910625,380,351,437
2910725,383,348,434
2910826,386,338,439
2910926,385,346,426
2911026,385,347,437
2911126,383,337,430
2911226,382,356,430
2911326,386,344,426
2911426,382,352,428
2911527,377,335,428
2911628,378,339,420
2911729,382,363,421
2911829,384,336,419
2911929,379,352,428
2912029,378,320,441
2912129,382,336,437
2912229,386,363,436
2912330,387,351,435
2912431,391,361,438
2912531,392,342,448
2912631,385,351,434
2912731,384,343,436
2912831,380,340,432
2912931,384,337,425
2913031,385,351,425
2913132,379,332,433
2913232,369,335,419
2913332,370,329,424
2913432,368,330,422
2913532,364,331,413
2913633,363,317,406
2913734,365,330,414
2913834,372,343,417
2913934,375,344,423
2914035,379,335,421
2914135,377,324,431
2914236,372,321,424
2914336,370,344,410
2914436,368,308,417
2914536,368,332,421
2914636,372,333,422
2914736,375,340,422
2914836,376,345,421
2914936,376,351,436
2915036,377,336,431
2915136,379,340,425
2915236,381,342,433
2915336,376,337,422
2915436,376,340,424
2915536,381,343,436
2915636,382,337,427
2915736,383,350,422
2915836,387,346,444
2915936,391,364,445
2916036,388,360,439
2916136,384,355,426
2916236,385,340,440
2916336,386,341,434
2916437,385,337,426
2916538,387,339,434
2916638,394,350,441
2916739,390,358,441
2916839,391,345,446
2916939,390,355,439
2917039,389,337,434
2917139,384,350,427
2917239,385,358,433
2917339,384,339,429
2917440,385,341,430
2917540,385,355,445
2917640,398,355,445
2917740,400,357,443
2917840,417,386,470
2917940,438,387,481
2918040,462,426,516
2918140,486,436,525
2918240,508,461,563
2918340,520,481,574
2918440,533,490,580
2918540,539,504,579
2918640,535,496,592
2918740,542,503,587
2918840,547,516,591
2918940,550,519,593
2919040,549,500,605
2919141,544,508,592
2919241,545,519,593
2919341,549,507,613
2919441,545,489,594
2919541,549,518,601
2919641,540,502,594
2919741,537,511,585
2919841,544,507,594
2919941,541,492,588
2920042,536,496,576
2920142,526,484,565
2920242,522,467,560
2920342,524,481,574
2920442,535,494,578
2920543,540,502,594
2920643,541,501,596
2920743,540,508,588
2920844,531,497,579
2920944,528,492,568
2921044,534,493,587
2921144,538,503,583
2921244,532,501,584
2921345,534,503,593
2921445,542,498,594
2921545,555,501,617
2921645,553,501,613
2921745,553,523,605
2921845,558,514,607
2921945,551,494,599
2922045,537,495,585
2922145,535,494,578
2922246,537,486,576
2922346,540,506,594
2922446,532,501,592
2922546,531,503,589
2922647,531,493,579
2922747,531,494,577
2922848,537,504,581
2922949,525,481,579
2923050,532,497,578
2923150,533,502,581
2923250,527,488,572
2923351,529,480,577
2923451,523,492,571
2923551,530,486,575
2923652,534,498,589
2923752,536,488,576
2923853,532,493,575
2923953,538,502,590
2924053,533,490,586
2924153,531,503,579
2924253,526,486,574
2924354,521,480,566
2924454,523,489,575
2924554,526,492,566
2924654,530,484,571
2924754,536,499,578
2924854,539,492,596
2924954,537,500,575
2925054,544,494,599
2925154,537,497,593
2925255,542,480,587
2925356,545,499,594
2925456,541,485,574
2925556,550,504,592
2925656,549,517,594
2925756,549,517,598
2925857,547,508,589
2925957,545,508,587
2926057,539,496,594
2926157,543,516,586
2926257,542,503,594
2926358,539,517,594
2926458,538,518,585
2926558,537,486,590
2926658,545,507,590
2926758,541,504,583
2926858,539,509,590
2926958,545,505,592
2927058,540,496,593
2927158,550,508,603
2927259,542,495,590
2927360,543,503,598
2927460,537,498,583
2927560,533,501,576
2927660,529,484,574
2927760,533,499,584
2927860,536,492,591
2927960,538,505,591
2928060,541,494,591
2928160,541,507,583
2928261,550,502,603
2928361,560,509,612
2928461,557,524,605
2928561,550,499,601
2928662,546,504,597
2928762,539,509,591
2928862,547,510,597
2928962,565,516,614
2929062,584,540,628
2929162,603,568,652
2929262,624,590,673
2929362,665,631,715
2929462,678,639,726
2929562,706,654,744
2929662,722,677,768
2929762,753,718,807
2929862,770,740,822
2929962,769,724,821
2930062,780,730,819
2930162,800,759,857
2930262,785,740,826
2930362,777,740,829
2930462,772,742,823
2930562,783,753,833
2930662,782,751,832
2930763,770,724,824
2930863,793,737,842
2930963,797,751,852
2931063,793,751,842
2931164,795,735,840
2931264,792,761,845
2931364,797,762,847
2931464,789,746,841
2931564,790,743,839
2931664,784,742,832
2931764,792,757,840
2931864,795,755,840
2931964,806,782,861
2932064,810,759,860
2932164,825,762,878
2932265,829,784,887
2932366,815,774,858
2932466,814,775,855
2932566,819,783,888
2932666,808,777,868
2932766,810,780,862
2932866,815,771,850
2932967,808,760,861
2933067,807,775,854
2933167,808,773,864
2933267,809,766,858
2933367,807,774,850
2933467,813,776,871
2933567,798,756,847
2933667,778,730,828
2933768,766,721,811
2933868,766,730,829
2933968,771,719,816
2934068,774,720,837
2934168,773,723,832
2934268,760,722,823
2934368,774,734,823
2934468,769,726,815
2934568,793,753,850
2934668,788,755,837
2934769,785,736,857
2934869,786,754,827
2934969,780,729,830
2935070,781,741,836
2935170,756,720,807
2935271,750,718,804
2935371,767,717,809
2935471,781,727,829
2935571,778,750,829
2935671,763,719,812
2935771,781,741,821
2935871,771,729,828
2935971,769,716,815
2936072,776,729,835
2936172,775,718,823
2936272,770,736,814
2936372,766,733,818
2936472,763,739,811
2936572,767,720,822
2936672,753,710,799
2936772,738,699,789
2936872,742,716,789
2936972,749,700,792
2937072,744,697,792
2937172,733,675,779
2937272,726,686,791
2937372,738,699,777
2937472,728,686,772
2937572,741,700,790
2937672,768,729,814
2937772,770,725,814
2937872,752,711,796
2937972,757,709,802
2938072,771,725,817
2938172,765,722,813
2938272,764,730,816
2938372,766,728,822
2938472,772,737,821
2938572,788,751,832
2938672,792,750,841
2938773,788,725,847
2938874,775,748,825
2938974,766,704,814
2939074,770,742,815
2939174,774,719,825
2939274,769,736,823
2939374,777,737,820
2939474,778,749,825
2939574,772,725,806
2939674,783,726,840
2939774,785,746,834
2939874,789,755,838
2939974,797,746,851
2940075,722,621,823
2940175,388,194,1164
2940275,93,0,1223
2940375,6,0,37
2940475,4,0,31
2940576,3,0,25
2940676,1,0,19
2940777,0,0,18
2940877,0,0,24
2940977,0,0,18
2941077,0,0,21
2941178,0,0,20
2941278,0,0,29
2941378,0,0,29
2941479,0,0,20
2941579,0,0,22
2941679,1,0,30
2941780,0,0,20
2941881,0,0,29
2941981,0,0,24
2942081,0,0,29
2942181,0,0,23
2942281,0,0,18
2942381,0,0,21
2942481,1,0,25
2942581,0,0,25
2942681,0,0,28
2942781,1,0,22
2942881,0,0,20
2942982,0,0,27
2943082,1,0,25
2943182,0,0,26
2943283,0,0,25
2943383,0,0,25
2943483,0,0,22
2943583,0,0,24
2943684,0,0,30
2943784,0,0,23
2943885,0,0,24
2943985,0,0,18
2944085,1,0,29
2944185,0,0,38
2944285,1,0,32
2944385,0,0,26
2944486,2,0,36
2944586,3,0,25
2944687,4,0,48
2944787,8,0,45
2944887,16,0,50
2944987,16,0,53
2945087,13,0,63
2945187,3,0,33
2945287,1,0,32
2945387,0,0,21
2945487,0,0,29
2945588,0,0,26
2945688,1,0,27
2945788,0,0,31
2945888,1,0,24
2945989,0,0,19
2946089,0,0,23
2946189,1,0,25
2946289,0,0,28
2946389,0,0,23
2946489,0,0,29
2946589,1,0,30
2946689,0,0,25
2946789,1,0,28
2946889,1,0,30
2946989,0,0,27
2947090,0,0,21
2947191,0,0,26
2947291,0,0,33
2947391,0,0,34
2947491,0,0,33
2947592,0,0,19
2947692,0,0,21
2947792,0,0,31
2947892,1,0,22
2947993,1,0,26
2948093,1,0,45
2948193,1,0,18
2948293,0,0,20
2948393,0,0,24
2948493,1,0,30
2948593,0,0,31
2948693,0,0,27
2948793,0,0,23
2948893,0,0,28
2948993,0,0,29
2949093,0,0,24
2949193,0,0,21
2949294,0,0,25
2949395,0,0,29
2949495,1,0,29
2949595,0,0,28
2949695,1,0,40
2949795,0,0,24
2949895,1,0,30
2949995,0,0,27
2950095,0,0,21
2950195,0,0,34
2950295,1,0,34
2950395,0,0,14
2950495,0,0,31
2950595,0,0,23
2950696,0,0,20
2950797,1,0,17
2950897,0,0,16
2950997,0,0,24
2951097,0,0,24
2951197,1,0,19
2951297,1,0,30
2951397,0,0,19
2951497,1,0,29
2951597,0,0,19
2951697,0,0,21
2951797,0,0,24
2951897,0,0,28
2951997,0,0,25
2952097,0,0,24
2952197,1,0,36
2952297,0,0,25
2952398,0,0,31
2952498,0,0,26
2952598,0,0,31
2952698,0,0,15
2952799,1,0,23
2952899,0,0,26
2953000,0,0,28
2953100,0,0,22

Test15:
3047102,1,0,20
3047202,1,0,34
3047302,0,0,21
3047402,1,0,29
3047502,0,0,24
3047602,1,0,25
3047702,1,0,36
3047802,1,0,24
3047902,1,0,30
3048002,1,0,24
3048102,1,0,26
3048203,1,0,22
3048303,1,0,27
3048403,1,0,29
3048503,0,0,23
3048603,1,0,31
3048703,1,0,30
3048803,1,0,31
3048903,1,0,27
3049004,1,0,38
3049105,1,0,5
3049205,1,0,21
3049305,1,0,25
3049405,0,0,27
3049505,1,0,32
3049605,1,0,28
3049705,1,0,30
3049805,1,0,33
3049905,1,0,23
3050005,0,0,37
3050105,1,0,29
3050205,1,0,27
3050306,0,0,25
3050406,1,0,23
3050506,0,0,32
3050606,1,0,25
3050706,1,0,22
3050806,1,0,25
3050906,1,0,29
3051006,1,0,27
3051106,1,0,17
3051207,1,0,18
3051307,1,0,31
3051407,1,0,30
3051507,0,0,20
3051607,0,0,25
3051707,1,0,16
3051807,1,0,26
3051907,1,0,39
3052007,0,0,27
3052107,0,0,26
3052207,1,0,35
3052307,0,0,24
3052408,1,0,25
3052508,0,0,21
3052608,1,0,20
3052708,1,0,21
3052809,1,0,26
3052909,0,0,24
3053009,1,0,33
3053109,1,0,22
3053209,1,0,27
3053309,0,0,25
3053409,1,0,31
3053510,1,0,32
3053610,1,0,36
3053710,1,0,32
3053810,1,0,26
3053910,1,0,31
3054010,1,0,26
3054110,1,0,20
3054210,1,0,26
3054310,0,0,27
3054411,1,0,25
3054511,0,0,29
3054611,1,0,26
3054711,1,0,23
3054812,1,0,23
3054912,1,0,34
3055013,1,0,23
3055113,1,0,27
3055214,1,0,29
3055315,1,0,29
3055415,1,0,26
3055515,1,0,28
3055615,0,0,22
3055715,0,0,23
3055815,1,0,31
3055916,0,0,25
3056016,1,0,22
3056116,1,0,26
3056216,0,0,32
3056316,1,0,33
3056416,1,0,32
3056516,1,0,22
3056616,0,0,18
3056716,1,0,28
3056816,1,0,32
3056917,0,0,17
3057017,1,0,25
3057117,0,0,32
3057217,1,0,35
3057317,1,0,33
3057417,1,0,25
3057517,0,0,29
3057617,1,0,29
3057718,0,0,19
3057818,1,0,23
3057918,1,0,26
3058018,1,0,31
3058118,1,0,16
3058218,1,0,24
3058318,1,0,28
3058418,0,0,20
3058518,0,0,23
3058618,0,0,18
3058718,1,0,26
3058818,1,0,30
3058918,1,0,30
3059018,1,0,28
3059118,1,0,25
3059218,0,0,20
3059318,1,0,21
3059418,1,0,25
3059519,0,0,33
3059619,0,0,23
3059719,3,0,37
3059820,3,0,30
3059921,3,0,28
3060021,2,0,27
3060121,3,0,28
3060221,4,0,44
3060321,3,0,46
3060421,3,0,40
3060521,3,0,30
3060621,4,0,34
3060721,3,0,29
3060821,3,0,28
3060921,2,0,27
3061021,2,0,40
3061121,3,0,35
3061221,3,0,37
3061321,4,0,26
3061421,3,0,33
3061521,3,0,24
3061621,2,0,24
3061721,2,0,29
3061822,3,0,34
3061922,2,0,27
3062022,4,0,24
3062123,3,0,29
3062223,3,0,29
3062323,4,0,35
3062423,2,0,31
3062524,2,0,25
3062624,2,0,24
3062724,2,0,24
3062824,3,0,31
3062924,2,0,30
3063025,3,0,23
3063125,3,0,34
3063225,3,0,32
3063326,3,0,27
3063426,3,0,38
3063526,2,0,32
3063626,3,0,32
3063726,3,0,26
3063826,2,0,31
3063926,3,0,26
3064026,2,0,27
3064127,3,0,35
3064228,3,0,31
3064328,3,0,31
3064428,2,0,42
3064528,3,0,43
3064628,4,0,32
3064728,3,0,31
3064828,10,0,44
3064928,16,0,42
3065029,28,9,66
3065129,39,2,76
3065229,49,14,90
3065329,62,27,107
3065429,70,40,102
3065529,82,45,124
3065630,91,51,144
3065730,93,82,146
3065830,95,52,145
3065930,97,69,136
3066030,98,41,144
3066130,92,67,131
3066230,91,59,144
3066331,89,50,134
3066431,87,57,131
3066531,88,59,136
3066631,87,52,127
3066731,88,62,138
3066831,93,58,139
3066931,98,67,146
3067031,95,44,142
3067131,93,53,134
3067231,92,48,134
3067331,93,61,143
3067431,90,58,136
3067531,89,63,132
3067631,88,45,137
3067731,92,72,145
3067831,92,54,134
3067931,97,61,134
3068031,92,51,143
3068131,90,54,136
3068231,90,55,146
3068332,92,64,127
3068432,88,54,127
3068532,86,61,126
3068632,84,44,119
3068732,86,58,127
3068832,84,58,127
3068932,87,39,135
3069032,88,59,131
3069132,82,44,118
3069232,85,51,139
3069333,82,33,133
3069434,82,68,129
3069534,83,47,120
3069635,84,51,131
3069736,85,46,122
3069837,91,50,143
3069937,90,48,138
3070037,90,72,142
3070137,86,51,129
3070238,88,64,133
3070338,91,57,143
3070438,91,47,137
3070539,93,63,132
3070639,96,67,144
3070739,93,52,127
3070839,89,63,131
3070939,88,68,128
3071039,87,36,131
3071139,84,39,125
3071239,87,40,135
3071339,89,47,139
3071439,84,54,122
3071539,88,56,126
3071639,90,53,133
3071739,96,56,144
3071839,96,59,142
3071939,95,61,133
3072039,96,64,132
3072140,97,48,142
3072240,96,62,139
3072340,99,60,137
3072440,96,64,141
3072540,95,69,139
3072640,89,53,140
3072740,91,43,135
3072840,89,61,138
3072940,95,71,133
3073040,94,69,152
3073140,92,66,136
3073240,92,57,141
3073341,96,60,137
3073442,99,68,148
3073542,101,69,142
3073642,100,74,141
3073743,102,64,145
3073843,101,60,151
3073943,100,70,142
3074044,102,60,145
3074144,100,73,146
3074244,97,67,146
3074344,96,65,140
3074444,99,60,148
3074544,101,70,145
3074644,98,42,155
3074744,96,49,142
3074845,99,55,148
3074945,102,65,145
3075045,110,86,157
3075145,129,87,173
3075245,146,109,201
3075345,161,128,212
3075446,169,127,222
3075546,173,142,229
3075647,172,145,213
3075747,170,129,216
3075847,173,137,227
3075947,171,127,206
3076047,176,157,224
3076147,172,133,214
3076247,174,151,218
3076347,172,136,223
3076448,174,133,230
3076548,175,136,220
3076648,174,136,226
3076749,173,126,217
3076849,174,141,225
3076950,176,143,220
3077050,176,145,225
3077150,175,151,224
3077250,178,152,222
3077351,177,137,217
3077451,176,143,221
3077552,173,133,218
3077652,174,142,222
3077752,176,131,217
3077852,176,143,222
3077952,174,132,227
3078052,172,120,220
3078152,171,127,218
3078252,173,129,222
3078352,172,145,217
3078452,172,132,230
3078552,173,135,219
3078652,173,136,222
3078752,173,142,209
3078853,174,132,236
3078953,174,137,217
3079053,172,138,221
3079153,175,139,223
3079253,177,141,216
3079353,176,148,229
3079453,178,142,229
3079554,179,154,232
3079654,178,149,219
3079754,175,144,226
3079854,172,140,227
3079954,172,129,206
3080054,173,117,226
3080154,169,137,215
3080255,171,147,213
3080355,172,136,209
3080455,170,139,212
3080555,169,123,217
3080655,168,141,208
3080755,168,133,212
3080855,168,119,217
3080955,169,137,230
3081055,173,128,218
3081155,173,131,220
3081256,172,121,225
3081356,172,130,234
3081456,172,137,220
3081556,171,138,212
3081656,173,130,223
3081756,169,133,209
3081856,169,140,216
3081956,174,143,223
3082056,175,140,220
3082156,177,132,226
3082256,179,128,225
3082356,180,141,233
3082457,181,146,222
3082557,179,134,225
3082657,180,149,222
3082757,181,135,230
3082857,181,149,232
3082957,179,158,220
3083057,180,130,232
3083157,177,146,226
3083257,177,141,234
3083357,176,119,222
3083457,176,142,218
3083557,172,144,215
3083658,169,148,223
3083758,169,129,218
3083859,175,129,214
3083959,177,133,228
3084059,180,142,229
3084159,178,146,223
3084259,178,141,230
3084359,172,130,216
3084459,173,130,228
3084559,172,141,224
3084659,170,132,224
3084759,170,126,225
3084860,167,124,202
3084960,167,123,212
3085060,167,130,210
3085160,163,116,208
3085260,174,153,215
3085360,180,146,221
3085460,184,137,230
3085560,193,150,235
3085660,202,164,250
3085760,209,170,262
3085860,218,185,267
3085960,225,202,275
3086060,235,195,272
3086160,242,205,290
3086260,249,191,296
3086360,256,211,313
3086460,259,206,319
3086560,258,230,303
3086660,266,230,311
3086760,266,224,314
3086860,267,221,305
3086960,267,225,317
3087060,264,230,309
3087160,266,234,308
3087260,265,234,313
3087361,262,228,315
3087461,262,223,315
3087561,263,238,320
3087661,264,225,320
3087761,261,228,305
3087861,260,235,300
3087961,258,210,308
3088061,258,222,306
3088161,257,229,308
3088262,255,208,308
3088363,255,214,310
3088463,258,211,302
3088563,261,213,312
3088663,257,222,309
3088763,259,238,301
3088863,255,223,305
3088963,252,230,302
3089063,255,215,297
3089164,257,223,305
3089264,257,220,298
3089364,254,223,296
3089464,259,218,314
3089564,256,223,308
3089664,262,236,303
3089765,265,225,324
3089865,266,235,315
3089965,267,240,311
3090065,264,213,316
3090165,263,216,310
3090265,262,231,305
3090365,262,224,306
3090465,262,222,308
3090566,263,220,312
3090666,266,232,324
3090766,268,238,311
3090866,263,229,308
3090966,264,242,312
3091067,266,233,308
3091167,261,234,314
3091268,262,220,301
3091368,260,223,308
3091468,262,230,314
3091568,262,238,314
3091668,262,224,314
3091769,262,212,320
3091869,258,234,312
3091969,258,228,310
3092070,256,223,307
3092170,257,228,302
3092271,256,219,306
3092372,254,221,300
3092472,256,217,296
3092572,255,213,308
3092672,258,221,308
3092772,257,206,308
3092872,256,228,300
3092972,255,217,296
3093072,251,205,291
3093172,251,220,293
3093272,256,219,305
3093372,259,218,299
3093472,262,226,307
3093572,263,229,309
3093672,262,225,317
3093772,264,205,311
3093872,262,220,300
3093972,267,231,312
3094072,264,229,316
3094172,266,225,315
3094272,269,239,313
3094372,268,225,306
3094472,263,230,308
3094572,262,239,302
3094672,267,232,313
3094772,264,238,317
3094872,265,219,312
3094972,263,239,315
3095072,259,217,306
3095172,256,215,302
3095273,254,214,307
3095373,256,213,303
3095474,253,204,298
3095574,255,228,301
3095674,254,209,304
3095774,254,205,295
3095874,255,223,311
3095974,257,207,311
3096074,263,220,309
3096174,268,233,319
3096274,285,246,329
3096374,298,251,350
3096474,314,274,355
3096575,326,287,373
3096675,338,300,393
3096775,348,312,390
3096875,350,323,402
3096976,346,302,392
3097077,347,301,405
3097177,345,306,394
3097278,347,296,397
3097378,351,314,400
3097478,353,316,402
3097578,349,313,394
3097678,349,309,398
3097778,346,303,401
3097878,348,291,401
3097978,348,306,393
3098079,349,297,395
3098179,346,295,395
3098280,346,308,401
3098380,340,311,388
3098480,339,298,384
3098581,336,294,382
3098681,331,288,379
3098782,334,293,396
3098882,335,286,377
3098982,342,300,399
3099083,337,291,389
3099183,338,286,400
3099283,341,309,395
3099383,337,292,387
3099483,341,313,388
3099583,343,305,383
3099683,343,291,394
3099783,342,302,386
3099883,345,297,396
3099983,347,299,390
3100083,348,311,394
3100183,349,297,407
3100283,355,306,406
3100383,350,316,393
3100483,346,304,387
3100583,351,307,397
3100683,354,320,410
3100783,358,323,400
3100884,351,308,400
3100984,350,300,399
3101085,344,303,391
3101186,345,296,389
3101287,346,296,396
3101387,344,325,397
3101487,340,319,396
3101587,343,311,391
3101687,340,310,387
3101787,343,303,395
3101887,343,309,395
3101987,346,297,403
3102087,352,293,411
3102187,350,307,412
3102287,353,332,408
3102388,352,301,398
3102488,355,304,399
3102588,355,330,403
3102688,352,308,403
3102788,352,311,410
3102888,358,321,412
3102988,356,293,408
3103089,355,314,398
3103189,356,308,406
3103289,357,312,401
3103389,351,314,397
3103489,351,305,394
3103589,351,309,391
3103690,347,302,394
3103790,351,315,403
3103890,357,323,409
3103990,358,320,413
3104090,355,320,400
3104190,353,310,401
3104290,355,324,400
3104390,355,317,401
3104490,354,320,405
3104590,357,322,403
3104690,353,308,414
3104790,352,313,399
3104891,354,333,402
3104991,355,308,406
3105091,362,318,419
3105191,368,336,409
3105291,364,325,412
3105392,361,327,409
3105493,362,317,414
3105594,362,321,399
3105694,364,333,412
3105794,363,325,414
3105894,362,310,413
3105994,360,307,399
3106094,359,329,408
3106194,360,322,404
3106294,357,321,411
3106394,355,309,397
3106494,360,312,405
3106594,356,310,398
3106694,358,323,407
3106794,359,334,406
3106894,357,304,404
3106994,357,324,400
3107094,352,326,386
3107194,356,315,403
3107294,356,304,407
3107394,362,318,402
3107495,359,330,405
3107595,359,321,409
3107695,360,316,406
3107795,354,322,404
3107895,355,317,406
3107996,364,325,431
3108096,373,327,432
3108196,383,339,432
3108297,392,354,439
3108397,397,364,452
3108498,409,364,459
3108598,410,377,459
3108698,413,372,454
3108799,419,390,474
3108899,417,381,473
3108999,420,390,473
3109100,419,393,475
3109200,418,381,459
3109300,416,368,462
3109400,419,380,466
3109501,417,384,470
3109601,416,366,465
3109701,419,376,463
3109801,422,383,464
3109901,423,381,467
3110001,424,383,473
3110101,426,389,472
3110201,427,371,476
3110301,421,376,461
3110401,425,377,470
3110501,426,389,482
3110602,419,368,467
3110702,425,378,472
3110802,424,382,472
3110902,423,387,472
3111002,416,372,463
3111102,424,386,481
3111202,427,376,478
3111302,419,387,470
3111402,423,362,468
3111502,419,365,471
3111602,413,364,470
3111703,417,383,464
3111803,415,373,468
3111903,416,376,463
3112003,418,370,463
3112103,416,367,465
3112203,413,369,460
3112303,411,365,470
3112403,411,368,452
3112503,410,365,456
3112603,410,364,454
3112704,414,380,468
3112804,414,369,453
3112904,413,375,462
3113005,410,370,471
3113105,408,356,451
3113205,410,360,469
3113306,412,381,460
3113406,410,371,463
3113506,407,356,450
3113606,413,365,465
3113706,414,370,453
3113806,414,377,465
3113906,408,358,453
3114006,413,376,464
3114106,408,351,461
3114206,413,374,458
3114306,412,382,459
3114406,417,381,478
3114506,421,370,465
3114606,418,389,473
3114706,419,388,461
3114807,420,378,468
3114907,421,373,464
3115007,417,352,470
3115107,420,369,461
3115207,420,381,466
3115308,414,368,478
3115409,414,365,458
3115509,417,379,468
3115609,419,372,461
3115709,417,363,465
3115809,415,384,461
3115909,414,383,465
3116010,417,388,463
3116111,416,376,472
3116212,414,375,461
3116312,412,366,459
3116412,418,372,468
3116512,421,386,476
3116612,419,384,465
3116713,418,370,468
3116813,419,373,471
3116913,414,391,461
3117013,416,370,455
3117113,416,363,460
3117213,420,391,467
3117313,415,361,463
3117413,414,389,461
3117513,416,379,468
3117614,414,377,458
3117715,412,370,467
3117816,410,382,451
3117916,413,370,456
3118016,412,366,450
3118116,417,366,473
3118216,416,372,452
3118316,415,380,460
3118416,417,377,468
3118516,421,383,472
3118616,420,378,467
3118716,426,396,475
3118816,444,400,494
3118916,466,424,515
3119016,490,446,537
3119116,510,472,551
3119216,523,489,580
3119316,539,501,587
3119416,540,518,596
3119516,518,475,571
3119616,525,482,570
3119716,527,490,567
3119817,529,494,583
3119917,525,492,573
3120017,533,503,576
3120117,534,499,580
3120217,533,508,586
3120317,532,497,575
3120418,533,484,588
3120518,539,504,598
3120618,546,505,596
3120718,539,496,582
3120818,538,497,580
3120918,526,481,574
3121018,523,476,577
3121118,519,476,567
3121218,522,496,564
3121318,523,487,568
3121418,527,491,580
3121518,539,488,585
3121618,537,489,584
3121718,535,498,577
3121818,539,496,580
3121918,535,498,580
3122018,539,501,588
3122118,546,525,604
3122218,551,507,604
3122318,542,498,593
3122418,552,517,601
3122518,550,513,599
3122618,547,513,599
3122718,544,485,587
3122818,547,500,601
3122919,553,523,608
3123019,552,510,600
3123119,549,508,600
3123219,552,496,606
3123320,556,526,598
3123420,551,502,591
3123520,550,510,597
3123620,543,509,590
3123720,551,506,596
3123821,546,510,593
3123922,555,515,604
3124023,554,530,602
3124123,554,499,605
3124223,554,510,603
3124323,544,477,591
3124423,535,487,580
3124523,541,489,593
3124623,539,512,586
3124723,537,503,587
3124823,539,509,585
3124923,539,499,594
3125023,548,519,599
3125123,546,518,587
3125223,543,497,592
3125323,554,515,604
3125423,553,512,600
3125523,556,510,603
3125623,546,513,588
3125723,543,505,592
3125824,540,497,598
3125925,539,502,582
3126025,533,485,577
3126125,528,482,569
3126225,533,480,578
3126325,540,510,594
3126425,538,510,582
3126525,549,512,593
3126625,547,504,601
3126725,542,504,595
3126825,543,484,601
3126925,545,503,584
3127026,538,495,591
3127126,533,485,584
3127227,532,494,582
3127327,532,481,584
3127427,527,506,573
3127528,528,491,582
3127628,525,494,574
3127728,531,494,582
3127828,531,487,579
3127929,525,472,575
3128030,530,495,587
3128130,533,488,585
3128230,530,498,571
3128330,523,471,584
3128431,525,485,574
3128531,529,491,582
3128631,528,502,575
3128732,533,490,582
3128832,530,487,582
3128932,531,505,578
3129032,544,497,596
3129132,543,495,589
3129232,538,487,579
3129332,550,512,608
3129432,554,515,605
3129533,541,505,592
3129633,561,522,611
3129733,570,525,622
3129833,610,562,659
3129933,626,596,677
3130033,663,612,714
3130133,695,650,752
3130233,718,672,765
3130333,738,677,794
3130433,766,722,823
3130533,784,749,833
3130633,793,756,849
3130733,800,749,846
3130833,839,810,895
3130933,842,805,896
3131033,832,801,882
3131133,819,769,864
3131233,812,763,859
3131333,804,757,856
3131434,815,775,860
3131534,817,772,870
3131634,819,776,870
3131735,820,760,866
3131835,824,788,877
3131935,815,771,878
3132035,803,760,858
3132135,809,762,860
3132235,810,772,856
3132335,809,763,860
3132435,800,737,864
3132535,810,763,860
3132635,815,791,860
3132735,834,802,882
3132835,819,761,859
3132935,824,790,868
3133035,818,796,863
3133136,814,788,862
3133237,819,767,868
3133337,828,797,869
3133437,833,802,876
3133537,830,790,894
3133637,822,790,869
3133737,818,778,870
3133837,826,790,870
3133937,808,764,865
3134037,792,753,843
3134137,779,738,831
3134237,783,754,830
3134337,774,720,824
3134437,790,745,845
3134537,786,746,836
3134638,773,728,818
3134738,755,708,810
3134838,753,716,796
3134938,765,729,823
3135038,768,727,823
3135138,777,735,823
3135239,786,744,827
3135339,784,731,827
3135439,781,743,829
3135540,787,736,838
3135640,797,756,865
3135741,778,743,822
3135841,767,722,823
3135941,760,720,812
3136041,753,716,800
3136141,774,742,822
3136241,798,767,845
3136341,803,744,842
3136441,803,773,850
3136541,745,641,849
3136641,400,200,1202
3136741,96,0,1357
3136841,8,0,46
3136942,4,0,33
3137042,3,0,37
3137142,2,0,26
3137242,0,0,26
3137342,0,0,24
3137442,0,0,28
3137542,0,0,19
3137642,0,0,27
3137743,0,0,21
3137844,0,0,24
3137945,0,0,29
3138045,0,0,25
3138145,0,0,33
3138245,1,0,26
3138346,1,0,17
3138446,0,0,25
3138546,0,0,28
3138646,0,0,32
3138746,0,0,26
3138846,0,0,22
3138946,0,0,35
3139046,0,0,29
3139146,0,0,25
3139246,0,0,17
3139346,0,0,28
3139447,0,0,31
3139547,1,0,27
3139647,0,0,32
3139747,0,0,26
3139847,1,0,21
3139947,0,0,26
3140048,0,0,23
3140148,0,0,24
3140249,0,0,22
3140349,0,0,18
3140449,0,0,28
3140550,0,0,26
3140650,0,0,25
3140750,0,0,23
3140850,0,0,37
3140951,1,0,34
3141051,1,0,19
3141151,0,0,33
3141251,0,0,16
3141351,1,0,28
3141452,1,0,22
3141552,1,0,40
3141652,0,0,23
3141752,0,0,25
3141852,1,0,32
3141952,1,0,31
3142052,0,0,20
3142153,1,0,18
3142253,1,0,34
3142353,0,0,24
3142453,1,0,21
3142553,0,0,26
3142653,0,0,26
3142753,0,0,21
3142854,0,0,15
3142954,1,0,28
3143054,0,0,20
3143154,0,0,34
3143254,0,0,21
3143354,0,0,27
3143454,0,0,28
3143554,0,0,27
3143654,0,0,38
3143754,0,0,36
3143854,0,0,22
3143954,1,0,26
3144054,1,0,29
3144154,1,0,29
3144254,0,0,26
3144354,1,0,9
3144454,0,0,27
3144554,0,0,26
3144654,1,0,32
3144754,0,0,37
3144855,0,0,22
3144955,0,0,16
3145055,0,0,20
3145155,0,0,27
3145255,1,0,27
3145355,0,0,26
3145455,0,0,32
3145556,1,0,28
3145656,0,0,21
3145756,0,0,18
3145856,0,0,27
3145956,0,0,20
3146056,0,0,22
3146156,0,0,22
3146256,1,0,28
3146356,1,0,31
3146457,0,0,24
3146557,0,0,22
3146657,0,0,29
3146757,0,0,21
3146857,0,0,35
3146957,0,0,28
3147057,1,0,41
3147157,0,0,31
3147258,0,0,14
3147358,1,0,27
3147458,0,0,15
3147558,0,0,24
3147658,0,0,25
3147758,0,0,35
3147859,0,0,23
3147959,0,0,17
3148059,0,0,27
3148159,1,0,40
3148259,0,0,25
3148359,0,0,18
3148459,0,0,19
3148559,0,0,23
3148659,0,0,24
3148759,0,0,26
3148859,0,0,19
3148960,0,0,36
3149060,0,0,27
3149160,0,0,20
3149260,0,0,25
3149360,0,0,22
3149461,0,0,32
3149561,1,0,24
3149662,0,0,24
3149762,0,0,28
3149862,0,0,28
3149962,0,0,23
3150062,0,0,36
3150163,0,0,16
3150263,0,0,23
3150363,1,0,23
3150464,1,0,23
3150564,0,0,33
3150664,1,0,30
3150764,0,0,24
3150864,1,0,29
3150965,0,0,22
3151065,0,0,26
3151165,1,0,28
3151265,0,0,16
3151365,1,0,28
3151465,0,0,34
3151566,0,0,23
3151666,0,0,36
3151766,0,0,20

Test16:
3259157,0,0,29
3259258,0,0,22
3259358,1,0,25
3259458,1,0,29
3259558,1,0,30
3259658,1,0,24
3259758,1,0,27
3259858,1,0,25
3259958,1,0,20
3260058,1,0,25
3260158,1,0,26
3260258,1,0,31
3260358,1,0,16
3260458,0,0,27
3260558,0,0,18
3260659,1,0,27
3260759,1,0,27
3260859,1,0,30
3260959,1,0,28
3261059,1,0,27
3261159,0,0,33
3261259,1,0,33
3261360,1,0,20
3261460,1,0,24
3261561,1,0,24
3261661,1,0,29
3261761,0,0,20
3261861,1,0,23
3261961,0,0,27
3262062,1,0,32
3262162,1,0,25
3262262,0,0,18
3262362,1,0,30
3262462,0,0,25
3262562,1,0,25
3262662,1,0,29
3262762,1,0,41
3262862,1,0,29
3262963,1,0,22
3263063,1,0,27
3263163,0,0,20
3263263,1,0,23
3263363,1,0,33
3263464,1,0,31
3263564,1,0,31
3263664,1,0,34
3263764,1,0,28
3263864,0,0,22
3263964,1,0,29
3264064,1,0,24
3264165,0,0,18
3264265,1,0,36
3264366,0,0,23
3264466,0,0,19
3264566,1,0,26
3264666,1,0,34
3264767,1,0,22
3264867,0,0,28
3264967,1,0,34
3265068,1,0,28
3265169,1,0,24
3265270,1,0,30
3265370,1,0,28
3265470,0,0,27
3265570,0,0,22
3265670,1,0,25
3265770,0,0,20
3265870,1,0,24
3265970,1,0,28
3266070,1,0,21
3266170,0,0,21
3266270,1,0,35
3266370,1,0,28
3266471,0,0,26
3266571,0,0,27
3266671,0,0,20
3266771,1,0,32
3266871,0,0,34
3266972,0,0,19
3267072,0,0,26
3267173,1,0,25
3267273,1,0,30
3267373,1,0,29
3267473,1,0,21
3267573,0,0,26
3267673,1,0,34
3267773,0,0,29
3267873,1,0,31
3267973,1,0,28
3268073,1,0,20
3268173,1,0,29
3268273,1,0,27
3268373,0,0,20
3268473,1,0,24
3268573,0,0,16
3268674,1,0,29
3268774,1,0,24
3268875,1,0,20
3268975,1,0,30
3269075,1,0,38
3269175,1,0,23
3269275,0,0,20
3269375,1,0,25
3269475,0,0,22
3269575,0,0,22
3269676,0,0,34
3269776,0,0,32
3269876,1,0,15
3269976,0,0,28
3270076,1,0,31
3270176,1,0,36
3270277,1,0,31
3270377,1,0,38
3270477,1,0,26
3270577,0,0,21
3270677,1,0,28
3270777,1,0,29
3270877,2,0,32
3270977,2,0,29
3271077,2,0,36
3271177,3,0,33
3271277,3,0,30
3271377,3,0,22
3271477,2,0,27
3271577,2,0,15
3271678,3,0,37
3271778,3,0,46
3271878,2,0,28
3271979,2,0,31
3272079,4,0,37
3272179,1,0,33
3272279,3,0,31
3272379,2,0,31
3272479,3,0,31
3272579,3,0,26
3272679,2,0,30
3272779,3,0,37
3272879,2,0,24
3272979,2,0,21
3273079,2,0,28
3273179,1,0,31
3273280,3,0,36
3273380,3,0,30
3273480,3,0,31
3273581,2,0,35
3273681,3,0,23
3273781,2,0,29
3273881,2,0,39
3273982,2,0,22
3274082,2,0,32
3274183,2,0,26
3274283,2,0,33
3274384,2,0,32
3274484,2,0,21
3274584,3,0,26
3274684,1,0,26
3274784,4,0,32
3274884,2,0,31
3274984,2,0,21
3275084,2,0,35
3275184,3,0,35
3275285,2,0,28
3275385,2,0,31
3275485,1,0,17
3275585,3,0,25
3275685,2,0,32
3275785,2,0,29
3275885,1,0,28
3275985,1,0,20
3276085,3,0,23
3276185,3,0,29
3276285,3,0,31
3276385,2,0,37
3276485,2,0,32
3276585,8,0,33
3276686,16,0,56
3276786,21,2,61
3276887,32,6,73
3276987,41,19,87
3277087,51,23,93
3277187,62,43,100
3277287,69,40,110
3277387,76,38,127
3277487,82,41,122
3277587,88,49,135
3277687,89,58,135
3277787,82,61,126
3277887,85,56,126
3277987,85,36,129
3278087,85,45,133
3278187,88,37,133
3278287,88,46,133
3278387,86,43,131
3278487,86,53,132
3278587,85,49,129
3278687,85,59,135
3278787,87,63,132
3278888,90,58,138
3278989,85,52,128
3279089,88,53,132
3279190,90,63,130
3279291,86,54,138
3279391,87,57,127
3279491,88,45,137
3279592,84,40,134
3279692,86,53,127
3279792,82,41,130
3279892,86,60,123
3279992,88,47,127
3280092,91,48,137
3280192,90,83,131
3280292,88,46,132
3280392,88,55,129
3280492,89,44,129
3280592,91,62,140
3280692,90,50,134
3280792,90,61,143
3280892,92,50,135
3280993,90,51,142
3281093,85,64,144
3281193,90,63,147
3281293,93,54,134
3281393,94,53,139
3281493,91,63,136
3281593,92,70,131
3281693,94,55,133
3281794,95,56,140
3281894,96,38,142
3281994,96,64,137
3282094,89,57,129
3282194,87,58,135
3282294,90,50,132
3282394,90,51,139
3282494,87,59,146
3282595,88,57,140
3282696,86,55,127
3282796,83,58,139
3282896,85,64,134
3282997,84,54,130
3283097,85,44,132
3283197,84,56,137
3283297,82,39,123
3283397,85,59,127
3283498,90,42,126
3283598,98,81,142
3283698,103,63,144
3283798,114,80,159
3283898,127,103,165
3283998,137,113,180
3284098,149,99,196
3284198,153,107,196
3284298,160,121,209
3284398,162,121,207
3284499,155,135,197
3284599,153,112,196
3284700,155,109,207
3284800,157,115,203
3284900,158,115,209
3285000,159,103,207
3285100,160,123,204
3285201,163,136,212
3285301,164,133,209
3285401,163,134,202
3285502,157,114,195
3285603,159,125,209
3285704,161,117,204
3285804,160,113,212
3285904,161,126,209
3286004,161,119,199
3286104,164,126,205
3286204,163,126,212
3286304,166,149,205
3286404,167,120,207
3286504,165,127,220
3286604,166,121,215
3286704,165,122,206
3286804,163,136,213
3286904,160,115,206
3287004,161,116,215
3287105,159,107,213
3287205,159,106,209
3287305,160,127,204
3287405,157,111,212
3287505,155,123,197
3287605,154,109,202
3287705,153,130,199
3287805,153,120,200
3287905,154,117,213
3288005,154,116,201
3288105,157,118,200
3288205,159,133,207
3288305,159,119,209
3288406,162,124,206
3288506,163,126,216
3288606,161,127,200
3288706,157,125,201
3288806,157,108,199
3288906,158,134,205
3289006,156,108,203
3289106,155,126,207
3289206,155,107,208
3289306,154,109,212
3289406,154,123,200
3289507,157,140,207
3289607,155,121,203
3289707,159,114,208
3289807,162,120,216
3289907,160,129,205
3290007,163,126,212
3290107,163,120,209
3290207,165,136,224
3290308,160,130,211
3290409,158,114,206
3290509,158,128,204
3290609,160,120,205
3290709,160,129,196
3290809,162,114,211
3290909,160,131,220
3291009,157,129,205
3291110,158,123,196
3291210,156,116,207
3291310,155,114,196
3291410,155,101,201
3291510,159,124,212
3291610,159,114,205
3291710,159,134,212
3291810,166,133,222
3291910,176,134,232
3292010,185,142,229
3292110,201,159,243
3292210,222,181,280
3292310,234,190,282
3292410,245,200,296
3292510,246,216,299
3292610,245,205,294
3292710,250,220,300
3292810,250,208,288
3292910,248,217,293
3293011,242,192,281
3293112,244,190,289
3293212,245,201,303
3293312,246,213,302
3293412,246,205,292
3293512,247,215,289
3293612,246,201,294
3293712,241,204,291
3293812,241,206,295
3293913,241,191,302
3294013,239,198,276
3294113,242,207,287
3294213,242,206,283
3294314,244,201,288
3294414,249,208,284
3294514,248,216,295
3294614,246,207,297
3294714,248,206,305
3294814,247,202,291
3294915,243,199,290
3295015,249,204,298
3295115,246,202,292
3295215,244,200,297
3295315,247,192,292
3295415,246,205,294
3295515,243,216,291
3295615,244,206,288
3295715,243,210,285
3295815,246,217,286
3295915,244,202,287
3296016,244,189,293
3296117,244,215,291
3296217,247,213,293
3296318,250,237,293
3296418,253,203,308
3296518,259,232,301
3296618,253,196,303
3296718,251,207,293
3296818,252,208,300
3296918,246,206,299
3297018,245,213,299
3297118,244,214,297
3297218,246,219,295
3297318,244,193,298
3297419,243,197,288
3297520,244,205,288
3297621,247,209,299
3297722,244,197,297
3297822,246,201,294
3297922,244,212,290
3298022,245,212,294
3298122,247,205,298
3298222,249,217,292
3298322,248,198,290
3298422,249,223,301
3298522,250,237,292
3298622,254,223,302
3298722,253,226,302
3298822,251,218,294
3298922,250,208,293
3299022,245,207,284
3299122,250,211,301
3299223,249,204,295
3299324,247,206,297
3299424,249,202,302
3299524,249,212,286
3299624,252,221,297
3299724,259,214,316
3299824,268,217,319
3299924,279,233,319
3300024,300,259,352
3300125,307,280,355
3300225,319,273,369
3300325,324,290,369
3300425,329,294,374
3300526,305,267,357
3300626,313,282,359
3300726,313,260,363
3300826,312,271,367
3300926,303,250,354
3301026,305,256,354
3301126,303,263,352
3301227,305,270,349
3301327,310,250,361
3301427,314,283,359
3301527,313,281,358
3301627,310,282,363
3301727,312,264,360
3301827,306,267,345
3301927,307,272,363
3302027,317,294,360
3302127,319,283,380
3302227,321,296,372
3302327,327,296,374
3302427,331,272,377
3302527,335,288,379
3302627,337,279,393
3302727,331,294,372
3302827,328,292,378
3302928,325,287,384
3303028,322,273,372
3303128,320,270,371
3303229,328,279,371
3303329,333,292,388
3303429,336,312,381
3303530,335,294,376
3303631,340,291,395
3303731,344,305,383
3303831,339,293,381
3303931,336,293,386
3304031,334,304,377
3304131,333,300,385
3304231,334,290,390
3304331,333,294,378
3304431,332,310,374
3304531,333,295,382
3304631,337,289,392
3304731,338,300,387
3304831,334,286,380
3304931,333,294,381
3305031,327,303,369
3305131,325,283,373
3305231,323,298,375
3305331,323,290,377
3305431,320,271,358
3305531,322,281,368
3305631,321,275,378
3305732,322,292,382
3305832,325,300,373
3305933,324,274,370
3306033,329,296,379
3306133,324,290,375
3306233,323,282,379
3306334,326,283,374
3306434,329,291,383
3306534,331,297,371
3306634,343,291,399
3306734,337,296,377
3306834,340,290,387
3306934,337,293,382
3307035,336,298,384
3307136,330,307,377
3307236,322,288,378
3307336,317,276,365
3307437,315,271,366
3307537,313,277,355
3307637,318,273,360
3307737,315,279,361
3307837,317,276,369
3307938,324,289,370
3308038,330,274,384
3308138,335,297,381
3308239,328,271,379
3308339,328,285,381
3308439,326,307,370
3308539,322,272,370
3308639,323,278,366
3308739,328,302,379
3308839,325,271,385
3308939,325,282,369
3309039,327,301,378
3309139,326,289,374
3309239,328,286,377
3309340,329,308,380
3309441,324,288,377
3309541,322,282,370
3309641,322,303,371
3309742,329,291,371
3309843,333,288,383
3309943,331,292,369
3310043,334,305,381
3310144,331,301,382
3310244,331,283,384
3310344,337,304,382
3310444,340,306,394
3310544,340,307,402
3310644,345,297,394
3310744,343,308,386
3310844,338,295,384
3310944,336,303,379
3311044,340,306,392
3311144,340,306,382
3311244,340,295,393
3311345,332,285,386
3311445,329,284,376
3311545,321,281,363
3311646,326,286,365
3311746,327,283,373
3311846,326,275,377
3311946,326,304,375
3312046,328,293,379
3312146,329,304,370
3312246,332,282,378
3312346,335,305,384
3312446,341,295,397
3312547,346,294,396
3312647,352,314,397
3312748,356,310,410
3312849,361,329,409
3312949,365,329,417
3313049,370,343,431
3313149,373,327,419
3313249,374,333,424
3313349,375,325,423
3313449,375,325,412
3313549,376,327,428
3313649,374,328,426
3313750,377,346,423
3313850,379,345,423
3313950,377,337,428
3314050,376,339,424
3314151,374,339,420
3314251,373,320,423
3314351,373,344,416
3314451,377,336,427
3314551,375,348,430
3314652,378,345,423
3314752,379,319,428
3314852,377,339,432
3314952,376,330,421
3315052,378,325,421
3315152,379,336,424
3315252,381,344,443
3315352,376,337,424
3315452,374,331,428
3315552,376,317,420
3315653,376,332,413
3315753,378,328,426
3315854,377,337,431
3315954,377,339,429
3316054,382,345,427
3316154,380,344,422
3316254,384,349,437
3316354,385,327,437
3316454,383,348,433
3316554,383,339,431
3316654,384,358,439
3316755,383,348,426
3316855,386,345,438
3316955,384,340,431
3317055,386,359,436
3317155,386,351,435
3317255,387,327,433
3317356,386,344,431
3317456,388,348,437
3317556,387,355,438
3317657,384,342,435
3317757,383,341,425
3317857,381,339,429
3317957,380,334,418
3318057,379,352,430
3318157,374,322,437
3318257,373,323,414
3318357,370,329,420
3318457,373,316,419
3318557,372,329,420
3318657,370,326,419
3318757,370,332,414
3318857,369,347,416
3318957,371,332,417
3319057,371,333,425
3319157,377,336,414
3319257,374,333,432
3319357,374,337,417
3319457,377,343,424
3319557,373,337,424
3319657,369,338,413
3319757,367,342,411
3319857,373,324,426
3319957,371,328,428
3320057,368,317,413
3320158,363,314,408
3320258,365,323,407
3320358,365,319,419
3320458,363,316,413
3320558,367,309,419
3320658,369,331,415
3320758,370,338,418
3320858,372,327,412
3320958,369,335,418
3321058,371,340,422
3321158,367,337,417
3321258,370,331,414
3321358,373,338,419
3321458,377,337,431
3321559,380,328,434
3321659,376,339,430
3321759,377,325,417
3321860,376,347,418
3321960,375,330,421
3322060,379,327,429
3322160,377,344,430
3322260,374,339,424
3322360,378,342,433
3322460,378,339,428
3322560,376,323,425
3322660,374,331,414
3322760,373,325,425
3322860,377,336,428
3322961,378,350,427
3323062,379,357,427
3323162,380,344,420
3323262,377,329,424
3323362,381,350,435
3323462,383,349,432
3323562,379,327,431
3323662,383,360,434
3323762,383,326,426
3323862,381,342,440
3323962,374,340,422
3324062,376,325,434
3324162,386,345,430
3324262,399,356,440
3324362,408,360,463
3324462,433,392,481
3324562,448,404,496
3324662,463,408,511
3324762,477,425,516
3324862,500,460,551
3324962,521,482,567
3325062,525,470,580
3325162,536,487,595
3325263,536,481,588
3325363,542,514,591
3325463,544,496,590
3325563,541,500,594
3325663,545,526,594
3325763,544,525,608
3325863,545,497,596
3325963,550,515,605
3326063,551,517,610
3326164,554,513,608
3326264,550,525,598
3326364,555,504,600
3326464,553,506,593
3326564,557,527,600
3326664,559,516,596
3326764,560,528,613
3326864,555,510,606
3326965,553,518,599
3327066,549,508,599
3327166,552,524,594
3327266,550,516,594
3327366,549,510,597
3327466,548,521,592
3327566,546,512,602
3327666,537,512,584
3327766,535,482,580
3327866,541,506,600
3327966,533,513,582
3328067,530,485,582
3328167,528,507,580
3328267,525,468,583
3328368,533,489,584
3328468,531,498,579
3328568,530,486,567
3328668,533,493,581
3328768,529,480,574
3328868,528,485,569
3328968,523,475,570
3329068,523,476,575
3329168,527,493,568
3329268,524,485,567
3329368,529,490,572
3329469,525,484,578
3329569,527,480,568
3329669,529,488,577
3329769,530,497,570
3329869,531,484,576
3329970,532,491,580
3330070,533,500,579
3330170,532,501,583
3330270,525,482,579
3330370,518,471,570
3330471,521,485,584
3330571,519,483,561
3330672,520,462,563
3330772,522,481,573
3330872,517,485,571
3330973,522,483,561
3331073,518,481,573
3331173,518,487,560
3331273,526,478,568
3331373,519,468,570
3331473,527,479,572
3331573,531,493,575
3331673,526,484,566
3331774,528,487,574
3331875,533,487,578
3331975,540,501,587
3332075,537,498,590
3332175,541,489,586
3332275,533,491,582
3332376,530,491,574
3332476,553,521,600
3332576,565,526,616
3332676,602,582,655
3332776,647,618,695
3332876,684,648,729
3332976,725,694,779
3333077,740,709,787
3333177,751,702,799
3333277,782,738,829
3333378,788,742,837
3333478,771,726,823
3333578,768,717,814
3333679,778,738,821
3333779,788,744,827
3333879,762,714,810
3333979,775,741,825
3334079,769,734,824
3334179,774,742,821
3334279,770,738,818
3334379,765,735,815
3334479,756,722,802
3334579,749,711,808
3334679,741,716,791
3334779,738,711,788
3334879,760,722,810
3334979,760,725,810
3335079,758,713,810
3335179,776,734,819
3335279,777,749,827
3335380,771,721,826
3335480,768,736,811
3335580,776,732,828
3335680,778,735,820
3335780,773,725,825
3335881,776,736,823
3335981,760,706,816
3336081,761,721,812
3336181,758,707,804
3336281,756,723,799
3336381,761,719,812
3336481,774,738,835
3336582,764,725,814
3336682,775,737,823
3336782,792,762,844
3336882,790,750,836
3336982,787,739,835
3337082,779,724,842
3337182,773,748,818
3337282,795,770,841
3337382,792,756,836
3337483,788,741,839
3337583,766,740,815
3337683,755,728,808
3337783,754,716,806
3337883,756,704,795
3337983,757,712,809
3338083,762,707,808
3338183,761,724,812
3338283,774,735,825
3338383,779,736,835
3338483,770,731,834
3338583,767,724,808
3338683,766,728,817
3338783,767,711,814
3338883,771,719,830
3338984,783,748,835
3339084,782,748,825
3339185,784,746,833
3339285,786,751,824
3339385,784,747,836
3339485,784,731,842
3339586,776,734,828
3339687,786,733,832
3339788,784,737,833
3339888,789,771,839
3339988,788,746,827
3340088,794,752,838
3340188,772,715,819
3340289,763,724,815
3340389,767,732,814
3340489,757,711,814
3340589,752,716,805
3340690,745,699,788
3340790,764,729,819
3340890,762,728,811
3340990,751,727,806
3341090,754,705,801
3341190,762,711,807
3341290,755,709,810
3341390,755,714,798
3341490,758,703,802
3341590,766,718,816
3341690,763,745,816
3341791,757,719,807
3341891,739,695,777
3341991,730,690,793
3342091,733,702,783
3342191,735,691,775
3342291,721,682,771
3342391,712,672,762
3342492,722,679,770
3342593,714,672,766
3342693,712,678,755
3342793,721,694,769
3342893,718,670,771
3342993,732,679,775
3343094,736,711,799
3343194,741,698,790
3343294,754,715,804
3343394,743,694,789
3343494,753,712,797
3343594,748,709,804
3343694,758,725,814
3343795,768,735,836
3343896,757,700,801
3343996,755,713,807
3344096,752,724,797
3344196,700,602,797
3344296,376,188,1129
3344396,90,0,992
3344496,6,0,33
3344596,4,0,29
3344696,4,0,43
3344796,1,0,25
3344896,1,0,25
3344997,0,0,26
3345097,0,0,20
3345198,0,0,31
3345298,0,0,21
3345398,0,0,22
3345498,1,0,23
3345598,1,0,28
3345698,0,0,29
3345798,1,0,20
3345898,1,0,27
3345998,0,0,25
3346098,0,0,25
3346198,0,0,23
3346298,0,0,25
3346398,0,0,32
3346498,1,0,16
3346598,1,0,29
3346698,0,0,10
3346798,1,0,27
3346898,0,0,28
3346998,0,0,33
3347098,1,0,28
3347198,0,0,23
3347298,1,0,33
3347398,0,0,24
3347498,0,0,31
3347598,1,0,30
3347699,0,0,20
3347799,0,0,28
3347900,1,0,21
3348000,0,0,17
3348100,0,0,23
3348200,0,0,27
3348300,0,0,20
3348400,0,0,34
3348500,0,0,29
3348600,0,0,15
3348700,1,0,29
3348800,0,0,16
3348900,0,0,14
3349000,0,0,21
3349100,0,0,20
3349200,1,0,31
3349300,1,0,22
3349400,0,0,34
3349500,1,0,23
3349601,0,0,19
3349701,0,0,18
3349801,0,0,26
3349902,0,0,28
3350002,0,0,30
3350102,0,0,23
3350202,1,0,23
3350302,1,0,30
3350402,1,0,26
3350502,0,0,26
3350602,1,0,28
3350702,0,0,34
3350803,0,0,29
3350903,0,0,18
3351004,0,0,26
3351104,1,0,26
3351204,0,0,20
3351304,0,0,14
3351404,0,0,27
3351504,0,0,32
3351604,1,0,27
3351704,0,0,31
3351804,0,0,28
3351904,0,0,21
3352004,1,0,28
3352104,0,0,22
3352204,0,0,25
3352304,1,0,24
3352404,0,0,23
3352504,0,0,23
3352604,0,0,24
3352705,1,0,23
3352805,0,0,18
3352905,0,0,27
3353006,0,0,31
3353106,0,0,24
3353207,0,0,29
3353307,1,0,31
3353407,0,0,19
3353507,1,0,30
3353607,0,0,17
3353707,1,0,31
3353807,0,0,22
3353907,0,0,25
3354007,1,0,32
3354107,0,0,19
3354207,1,0,22
3354308,0,0,24
3354408,1,0,37
3354508,0,0,21
3354608,1,0,22
3354708,0,0,22
3354809,1,0,26
3354909,0,0,21
3355009,0,0,25
3355110,0,0,24
3355211,1,0,21
3355311,0,0,27
3355411,0,0,31
3355511,0,0,22
3355611,0,0,21
3355711,0,0,25
3355812,0,0,21
3355912,0,0,25
3356013,1,0,24
3356114,0,0,18
3356214,1,0,26
3356314,0,0,38
3356414,0,0,17
3356514,0,0,26
3356614,0,0,20

Test17:
3483999,0,0,23
3484099,0,0,33
3484199,1,0,28
3484299,1,0,30
3484399,1,0,23
3484499,1,0,26
3484599,1,0,18
3484699,1,0,21
3484799,1,0,30
3484899,1,0,25
3485000,1,0,18
3485100,1,0,24
3485201,1,0,23
3485301,1,0,29
3485401,1,0,25
3485501,1,0,40
3485602,1,0,29
3485703,1,0,30
3485804,1,0,28
3485904,1,0,38
3486004,1,0,27
3486105,1,0,32
3486206,1,0,21
3486306,1,0,25
3486406,1,0,24
3486506,1,0,27
3486607,1,0,30
3486708,1,0,27
3486808,1,0,23
3486908,0,0,33
3487008,1,0,36
3487108,1,0,22
3487209,1,0,36
3487310,0,0,38
3487410,0,0,30
3487510,0,0,30
3487610,0,0,20
3487711,1,0,19
3487811,1,0,23
3487911,0,0,19
3488012,1,0,25
3488112,1,0,19
3488212,1,0,22
3488312,1,0,40
3488412,0,0,28
3488512,1,0,34
3488612,1,0,32
3488712,1,0,24
3488812,1,0,33
3488912,1,0,35
3489012,0,0,21
3489112,0,0,30
3489212,1,0,36
3489312,1,0,41
3489412,1,0,35
3489513,1,0,28
3489613,1,0,20
3489713,1,0,22
3489813,0,0,25
3489913,1,0,29
3490014,1,0,27
3490114,1,0,34
3490214,1,0,22
3490314,0,0,25
3490414,1,0,18
3490515,1,0,30
3490615,1,0,32
3490715,1,0,27
3490816,0,0,25
3490916,1,0,32
3491017,1,0,29
3491117,1,0,30
3491217,1,0,25
3491318,1,0,32
3491418,1,0,40
3491519,0,0,27
3491619,1,0,32
3491719,1,0,30
3491819,1,0,33
3491919,1,0,24
3492019,1,0,34
3492120,0,0,22
3492221,1,0,16
3492321,1,0,23
3492421,0,0,14
3492521,1,0,25
3492621,1,0,39
3492721,0,0,24
3492822,0,0,33
3492922,1,0,26
3493022,1,0,21
3493122,1,0,19
3493222,1,0,28
3493322,1,0,28
3493422,0,0,27
3493522,1,0,28
3493622,0,0,20
3493722,0,0,24
3493823,0,0,32
3493923,1,0,35
3494023,1,0,22
3494123,1,0,35
3494223,1,0,21
3494323,1,0,26
3494423,0,0,22
3494523,1,0,25
3494623,1,0,38
3494723,4,0,31
3494823,2,0,38
3494923,2,0,27
3495024,3,0,46
3495125,2,0,28
3495225,3,0,42
3495325,4,0,38
3495425,2,0,25
3495525,3,0,27
3495625,3,0,29
3495725,3,0,27
3495826,3,0,33
3495926,3,0,31
3496026,3,0,44
3496126,2,0,28
3496226,5,0,45
3496326,3,0,35
3496426,3,0,28
3496526,3,0,33
3496627,3,0,37
3496727,3,0,26
3496828,4,0,29
3496929,2,0,40
3497029,4,0,38
3497129,3,0,31
3497229,2,0,30
3497329,2,0,32
3497429,2,0,28
3497529,3,0,28
3497630,3,0,29
3497731,2,0,28
3497831,3,0,27
3497931,3,0,38
3498031,3,0,29
3498131,3,0,25
3498231,4,0,32
3498332,3,0,34
3498433,4,0,28
3498533,3,0,35
3498633,3,0,32
3498733,3,0,32
3498833,4,0,39
3498933,3,0,34
3499034,3,0,29
3499134,3,0,27
3499234,3,0,27
3499334,2,0,34
3499434,2,0,47
3499534,4,0,28
3499634,15,0,52
3499734,31,11,82
3499834,44,18,95
3499934,59,26,107
3500035,76,51,115
3500135,88,52,136
3500235,93,58,143
3500335,91,47,131
3500436,93,66,141
3500537,89,44,132
3500637,94,54,139
3500738,95,63,133
3500838,100,72,146
3500938,93,63,148
3501038,95,59,141
3501138,90,55,137
3501238,92,48,140
3501338,99,59,148
3501438,99,67,141
3501538,101,72,149
3501638,96,50,142
3501739,95,50,136
3501839,94,52,131
3501939,94,74,143
3502039,91,73,134
3502139,95,72,136
3502239,92,65,137
3502339,96,64,151
3502439,97,67,134
3502539,95,67,136
3502639,93,60,131
3502740,89,50,137
3502840,91,65,136
3502941,92,46,140
3503041,94,63,141
3503141,94,75,130
3503241,92,64,123
3503341,88,43,146
3503441,93,59,139
3503541,96,67,137
3503641,94,50,143
3503741,92,58,149
3503841,91,42,132
3503942,91,62,134
3504042,87,61,125
3504142,88,30,130
3504242,94,58,135
3504342,92,53,136
3504442,91,72,144
3504542,94,48,133
3504642,92,51,142
3504742,92,71,133
3504843,89,55,127
3504943,89,45,138
3505043,95,54,137
3505143,94,59,130
3505243,92,65,132
3505344,88,56,133
3505444,91,65,138
3505544,96,66,138
3505645,100,68,159
3505745,98,64,144
3505845,97,62,131
3505945,98,61,149
3506045,95,51,133
3506145,104,71,151
3506245,121,88,162
3506345,136,97,176
3506446,151,116,198
3506546,163,130,205
3506646,166,120,220
3506746,160,108,211
3506846,158,121,197
3506946,157,118,211
3507047,158,114,210
3507147,157,112,206
3507247,154,130,191
3507347,155,125,203
3507447,158,112,212
3507547,157,127,204
3507647,154,96,200
3507747,155,126,208
3507847,155,114,200
3507948,155,116,203
3508048,155,113,205
3508148,156,119,201
3508249,155,114,201
3508349,157,119,204
3508449,161,122,204
3508549,164,138,212
3508650,161,112,211
3508750,159,124,206
3508850,162,124,200
3508950,159,117,207
3509050,160,121,211
3509151,157,118,200
3509251,157,126,195
3509351,159,117,209
3509452,164,137,202
3509552,165,122,213
3509652,163,121,200
3509752,166,110,212
3509852,166,124,213
3509952,170,131,222
3510052,166,131,215
3510152,165,119,206
3510252,165,106,205
3510352,165,135,204
3510452,168,126,215
3510553,169,123,224
3510653,168,125,223
3510753,169,133,214
3510853,166,130,205
3510953,168,127,224
3511053,173,122,220
3511153,174,129,226
3511253,173,116,223
3511353,171,131,212
3511453,175,120,221
3511553,171,110,222
3511653,172,137,224
3511754,170,134,219
3511854,172,123,215
3511954,173,146,225
3512054,174,141,218
3512154,177,135,225
3512254,175,128,217
3512354,173,136,225
3512454,170,122,214
3512554,170,140,210
3512654,172,148,220
3512754,172,140,221
3512854,169,135,223
3512955,168,122,214
3513056,167,107,216
3513156,168,130,223
3513256,170,154,211
3513356,174,138,218
3513456,172,145,214
3513557,173,128,213
3513657,172,137,218
3513757,172,123,216
3513857,173,125,225
3513957,175,124,225
3514057,172,139,217
3514157,173,131,216
3514257,175,133,214
3514357,173,134,220
3514457,175,144,215
3514557,174,142,217
3514657,172,136,224
3514757,170,137,216
3514857,169,128,215
3514957,172,132,216
3515057,173,136,230
3515157,171,115,209
3515257,170,129,214
3515357,170,138,225
3515457,178,141,221
3515557,177,135,233
3515657,176,137,221
3515757,174,135,216
3515857,172,134,223
3515958,170,127,214
3516058,169,130,214
3516158,168,132,208
3516258,169,119,229
3516358,171,133,214
3516458,174,134,227
3516559,173,146,220
3516660,174,137,215
3516760,171,139,226
3516860,171,135,216
3516960,173,140,229
3517060,173,133,216
3517160,171,144,222
3517260,173,143,212
3517360,169,127,216
3517460,165,116,210
3517560,163,133,200
3517660,165,126,211
3517760,164,134,203
3517860,168,121,211
3517960,171,134,227
3518060,178,138,222
3518160,189,160,244
3518260,198,178,247
3518360,209,180,267
3518461,217,168,259
3518562,227,192,284
3518663,236,197,280
3518763,242,193,286
3518863,239,200,292
3518963,236,191,284
3519064,236,199,279
3519164,236,197,285
3519264,236,187,283
3519364,237,199,276
3519464,239,219,298
3519564,239,195,290
3519664,240,189,284
3519764,243,217,296
3519864,244,206,294
3519964,242,220,288
3520064,241,198,287
3520164,242,190,295
3520265,241,206,288
3520365,240,201,285
3520465,243,202,282
3520565,240,231,283
3520665,244,223,292
3520765,245,207,299
3520865,247,220,291
3520966,251,208,289
3521066,252,218,289
3521166,253,222,311
3521266,255,219,294
3521366,255,218,304
3521466,256,214,301
3521566,253,210,300
3521666,249,198,301
3521766,247,207,297
3521866,246,216,295
3521966,245,203,295
3522067,242,189,295
3522167,242,212,278
3522267,243,208,286
3522367,239,213,281
3522467,236,195,284
3522567,235,179,283
3522667,238,206,285
3522767,240,189,291
3522867,238,201,290
3522967,240,204,284
3523068,237,187,282
3523168,240,178,282
3523269,240,207,301
3523370,239,195,289
3523471,235,208,283
3523571,238,198,300
3523672,241,201,281
3523772,243,208,299
3523872,247,194,296
3523972,248,209,294
3524072,248,217,296
3524172,249,211,298
3524272,247,188,298
3524372,240,193,283
3524472,243,211,286
3524572,244,202,277
3524672,250,218,296
3524772,257,206,304
3524872,268,225,313
3524972,277,236,314
3525073,286,242,334
3525173,293,252,335
3525274,304,260,355
3525374,310,279,356
3525475,316,269,374
3525576,321,296,378
3525676,323,289,380
3525776,319,278,364
3525876,326,272,375
3525977,326,284,379
3526077,325,290,380
3526177,321,283,370
3526277,321,291,364
3526377,318,279,365
3526477,321,290,377
3526577,320,276,368
3526677,321,280,373
3526777,323,280,368
3526877,327,284,377
3526977,318,282,362
3527077,322,290,367
3527177,321,277,378
3527277,316,266,370
3527378,321,270,373
3527478,322,286,365
3527578,323,287,368
3527678,318,284,374
3527778,318,275,372
3527878,323,291,366
3527978,324,281,377
3528078,326,300,375
3528178,327,288,373
3528278,327,280,377
3528378,329,289,374
3528478,328,292,368
3528579,325,286,372
3528679,322,286,373
3528779,322,289,372
3528880,322,273,366
3528981,321,282,368
3529081,324,282,388
3529181,326,297,383
3529281,325,290,384
3529382,322,280,371
3529482,320,281,368
3529582,323,286,379
3529683,325,306,375
3529783,330,298,378
3529883,323,273,370
3529983,319,283,366
3530083,316,283,368
3530183,316,272,361
3530283,318,275,360
3530383,319,281,370
3530483,319,298,365
3530583,317,277,371
3530683,320,283,368
3530783,326,286,372
3530883,327,291,378
3530984,325,294,365
3531084,318,278,362
3531184,316,266,375
3531284,317,282,357
3531385,314,279,366
3531486,313,264,358
3531586,315,268,362
3531686,312,276,361
3531787,311,275,351
3531887,310,269,359
3531987,315,276,363
3532087,318,273,358
3532187,316,270,369
3532287,319,291,368
3532387,316,267,367
3532487,312,269,363
3532587,312,283,356
3532688,309,258,350
3532788,321,285,365
3532888,320,296,366
3532988,323,296,370
3533088,322,304,367
3533188,319,264,366
3533288,321,276,363
3533388,319,290,353
3533488,320,287,375
3533588,322,283,368
3533688,323,288,369
3533788,320,285,369
3533888,325,291,369
3533988,328,283,383
3534088,328,289,370
3534188,327,279,383
3534288,325,290,378
3534388,322,280,367
3534488,322,282,370
3534588,314,269,364
3534688,318,274,369
3534788,315,273,365
3534888,315,272,358
3534988,314,264,359
3535088,322,277,370
3535189,321,278,365
3535289,315,272,354
3535389,314,268,363
3535489,316,261,362
3535589,316,277,367
3535689,317,263,373
3535789,321,287,360
3535889,322,284,368
3535989,329,299,373
3536090,334,301,375
3536190,328,283,378
3536290,331,300,382
3536390,326,291,383
3536490,323,293,372
3536590,318,257,367
3536690,324,283,368
3536791,326,280,369
3536892,332,298,380
3536992,340,300,390
3537092,345,308,394
3537192,354,302,404
3537293,362,324,413
3537394,367,312,416
3537495,373,332,420
3537595,377,337,431
3537695,377,342,422
3537796,377,335,424
3537896,373,333,428
3537996,378,334,426
3538096,380,337,428
3538196,381,335,435
3538296,382,343,431
3538396,384,348,434
3538496,381,337,433
3538596,378,351,431
3538697,382,351,431
3538797,385,353,435
3538897,386,347,445
3538997,384,344,432
3539097,383,351,428
3539197,382,348,436
3539297,385,354,436
3539397,381,355,430
3539498,377,338,427
3539598,373,326,414
3539698,375,323,425
3539798,377,324,422
3539898,377,342,426
3539998,377,343,425
3540098,380,336,432
3540198,377,341,425
3540299,372,335,417
3540399,380,333,438
3540500,380,343,426
3540600,380,333,433
3540700,383,354,430
3540800,381,355,433
3540900,386,337,440
3541001,388,346,444
3541101,387,367,436
3541201,385,345,440
3541301,385,354,433
3541401,385,349,436
3541501,380,344,425
3541601,384,351,431
3541701,384,351,432
3541802,381,344,422
3541902,383,354,434
3542002,383,347,430
3542102,379,340,425
3542202,380,339,434
3542302,380,327,434
3542402,377,351,428
3542502,379,325,437
3542603,380,330,425
3542703,381,327,429
3542803,378,332,420
3542903,376,312,428
3543003,373,338,420
3543103,369,326,415
3543204,369,317,412
3543304,368,334,412
3543405,371,330,424
3543506,375,332,422
3543606,379,354,429
3543707,381,334,425
3543807,381,345,430
3543907,386,323,439
3544007,380,339,426
3544107,382,356,431
3544207,387,351,442
3544307,386,329,433
3544407,386,352,437
3544507,384,355,430
3544608,379,337,428
3544709,382,349,425
3544809,382,345,428
3544910,384,344,433
3545010,386,358,433
3545111,383,320,432
3545211,392,352,443
3545311,398,357,449
3545411,410,354,462
3545511,424,383,469
3545611,445,406,494
3545711,465,426,526
3545811,479,441,526
3545911,489,441,539
3546011,506,462,559
3546112,522,484,583
3546212,523,475,574
3546312,524,475,565
3546412,509,473,559
3546513,511,473,557
3546613,511,475,566
3546713,515,476,568
3546813,515,483,565
3546914,514,481,566
3547014,521,490,567
3547114,514,465,571
3547215,526,486,582
3547316,527,480,573
3547416,531,501,574
3547516,523,496,569
3547617,525,492,569
3547717,520,477,568
3547817,523,494,577
3547918,531,476,585
3548018,539,495,585
3548118,532,488,571
3548218,536,515,592
3548318,537,490,589
3548418,528,488,579
3548518,529,496,582
3548618,524,500,567
3548719,527,493,573
3548819,523,492,573
3548920,524,490,580
3549020,507,469,558
3549121,506,477,561
3549221,505,461,554
3549321,515,481,573
3549421,518,481,563
3549521,525,466,567
3549621,520,481,575
3549721,515,475,562
3549821,520,488,571
3549921,518,469,564
3550021,520,473,564
3550121,519,481,566
3550222,523,485,569
3550322,516,476,557
3550422,518,491,558
3550522,513,458,559
3550622,515,470,563
3550723,512,455,572
3550823,516,483,567
3550924,508,450,562
3551024,509,480,553
3551124,516,477,570
3551224,523,473,578
3551324,525,486,573
3551424,523,481,567
3551524,523,499,579
3551625,516,476,570
3551725,518,465,573
3551825,517,482,574
3551925,511,477,564
3552025,508,464,564
3552125,512,469,566
3552225,519,484,560
3552325,528,488,574
3552426,522,480,565
3552526,525,486,579
3552626,518,468,566
3552727,507,470,558
3552828,506,464,556
3552928,505,462,555
3553029,496,472,545
3553129,492,464,537
3553229,501,448,556
3553329,504,456,541
3553429,512,476,553
3553529,517,488,565
3553629,515,476,571
3553729,511,474,559
3553829,528,463,571
3553929,534,489,580
3554030,531,489,582
3554130,525,477,571
3554230,522,476,575
3554331,533,505,594
3554431,535,523,591
3554531,536,504,587
3554631,540,483,597
3554731,533,481,574
3554831,536,506,587
3554931,529,497,591
3555032,526,465,578
3555132,523,482,570
3555232,524,493,574
3555332,519,487,577
3555432,520,483,568
3555532,542,499,588
3555632,542,498,594
3555732,575,544,624
3555832,604,561,645
3555932,633,586,680
3556032,671,641,722
3556132,687,644,736
3556232,706,654,759
3556332,715,693,763
3556432,684,642,730
3556533,696,661,748
3556633,698,655,756
3556733,709,658,753
3556834,702,663,754
3556934,698,660,754
3557034,694,646,741
3557134,695,660,743
3557234,697,665,755
3557334,688,659,730
3557434,683,648,736
3557534,670,633,717
3557634,673,620,725
3557734,670,622,715
3557834,685,642,730
3557934,689,657,747
3558034,691,651,741
3558134,671,646,725
3558234,674,628,722
3558334,675,632,718
3558435,689,636,735
3558535,703,660,752
3558635,708,661,767
3558735,703,665,758
3558836,694,668,742
3558936,699,661,747
3559036,700,661,761
3559136,675,628,721
3559236,673,628,723
3559336,672,628,727
3559436,675,626,715
3559536,678,635,726
3559637,696,665,753
3559737,698,655,749
3559838,712,680,759
3559938,720,683,766
3560038,725,690,777
3560138,719,672,770
3560238,719,674,772
3560339,711,670,761
3560439,706,665,748
3560539,722,676,772
3560639,735,689,789
3560739,737,714,790
3560839,743,686,798
3560940,760,708,805
3561040,759,713,803
3561140,757,723,793
3561240,761,729,813
3561340,749,704,797
3561440,748,710,799
3561540,725,680,774
3561640,735,693,783
3561740,748,715,793
3561841,734,698,782
3561941,751,690,787
3562041,759,719,810
3562141,755,701,801
3562241,755,719,815
3562341,748,698,797
3562441,740,695,797
3562541,756,706,801
3562641,739,701,798
3562741,731,700,785
3562841,735,689,778
3562942,729,690,776
3563042,725,693,771
3563142,708,665,748
3563242,719,678,773
3563342,711,678,761
3563442,733,697,791
3563542,721,686,778
3563642,711,666,765
3563742,707,675,766
3563843,695,660,748
3563943,689,646,731
3564043,695,663,741
3564144,699,636,744
3564244,719,689,771
3564344,720,682,776
3564444,727,677,781
3564544,747,718,789
3564644,750,711,796
3564744,761,722,809
3564844,749,699,815
3564944,735,686,779
3565044,725,676,781
3565144,723,673,774
3565244,719,675,776
3565345,729,682,773
3565445,711,667,768
3565545,712,685,771
3565645,701,658,748
3565745,690,647,737
3565845,692,656,741
3565945,692,654,745
3566045,700,660,751
3566145,686,640,744
3566245,675,621,720
3566345,678,639,728
3566445,679,645,733
3566545,693,661,747
3566645,665,572,758
3566745,357,178,1072
3566845,85,0,1113
3566945,7,0,39
3567045,4,0,36
3567145,2,0,21
3567245,1,0,29
3567346,0,0,21
3567446,0,0,27
3567547,0,0,37
3567647,0,0,25
3567747,0,0,26
3567847,0,0,18
3567948,0,0,17
3568048,1,0,28
3568148,0,0,19
3568248,0,0,26
3568348,0,0,29
3568449,0,0,30
3568549,0,0,30
3568649,0,0,37
3568749,0,0,30
3568849,1,0,32
3568949,0,0,26
3569049,0,0,30
3569149,1,0,27
3569249,0,0,29
3569349,0,0,23
3569449,0,0,17
3569549,1,0,25
3569649,0,0,20
3569749,0,0,37
3569849,0,0,26
3569949,0,0,28
3570049,1,0,30
3570149,0,0,33
3570250,0,0,26
3570351,0,0,28
3570452,0,0,35
3570552,0,0,24
3570652,0,0,19
3570752,0,0,24
3570852,0,0,20
3570952,0,0,33
3571052,0,0,23
3571152,0,0,28
3571252,0,0,24
3571352,0,0,29
3571452,1,0,26
3571553,0,0,26
3571653,0,0,21
3571753,0,0,31
3571853,0,0,32
3571953,0,0,19
3572054,0,0,19
3572154,0,0,26
3572254,0,0,34
3572354,0,0,23
3572454,0,0,24
3572555,0,0,24
3572655,0,0,19
3572755,0,0,33
3572855,1,0,22
3572955,0,0,38
3573055,0,0,22
3573155,1,0,18
3573255,0,0,21
3573355,0,0,16
3573455,1,0,27
3573556,0,0,25
3573656,0,0,28
3573756,0,0,28
3573856,0,0,27
3573956,0,0,23
3574056,0,0,27
3574156,0,0,29
3574256,0,0,23
3574356,1,0,25
3574456,0,0,30
3574556,0,0,24
3574656,0,0,31
3574756,0,0,22
3574856,1,0,29
3574956,0,0,22
3575056,0,0,20
3575157,1,0,25
3575257,0,0,21
3575357,0,0,24
3575458,1,0,31
3575558,1,0,28
3575658,0,0,24
3575758,1,0,34
3575858,1,0,23
3575959,0,0,40
3576059,0,0,17
3576159,0,0,16
3576259,0,0,33
3576359,0,0,24
3576460,1,0,37
3576560,0,0,25
3576660,0,0,33
3576760,0,0,18
3576860,1,0,18
3576960,0,0,19
3577060,0,0,25
3577160,0,0,26
3577260,0,0,25
3577360,1,0,20
3577460,1,0,25
3577561,0,0,31
3577661,0,0,18
3577761,1,0,28
3577862,0,0,19
3577962,0,0,38
3578062,0,0,25
3578162,0,0,19
3578262,0,0,21
3578362,1,0,28
3578462,0,0,26
3578562,0,0,25
3578662,0,0,35
3578762,0,0,33
3578863,0,0,18

Test18:
3727280,1,0,20
3727380,1,0,25
3727481,1,0,18
3727581,1,0,36
3727681,1,0,25
3727782,1,0,32
3727882,0,0,22
3727982,1,0,25
3728082,1,0,26
3728182,1,0,28
3728283,0,0,16
3728383,0,0,26
3728483,1,0,27
3728583,1,0,25
3728683,0,0,30
3728783,1,0,29
3728884,1,0,32
3728984,0,0,28
3729085,1,0,33
3729185,0,0,30
3729286,1,0,25
3729386,0,0,38
3729487,1,0,30
3729587,1,0,31
3729687,0,0,26
3729787,1,0,28
3729887,1,0,28
3729987,1,0,22
3730087,1,0,24
3730188,1,0,20
3730288,1,0,23
3730388,0,0,27
3730488,1,0,35
3730589,1,0,30
3730689,1,0,20
3730790,0,0,27
3730890,0,0,19
3730990,1,0,20
3731090,1,0,21
3731191,1,0,30
3731292,0,0,24
3731392,1,0,23
3731492,1,0,22
3731592,1,0,23
3731692,0,0,19
3731792,1,0,28
3731892,1,0,20
3731992,1,0,26
3732092,1,0,24
3732192,1,0,29
3732292,1,0,25
3732392,0,0,25
3732492,1,0,27
3732592,0,0,26
3732692,1,0,20
3732792,0,0,26
3732893,1,0,36
3732993,1,0,25
3733093,1,0,27
3733193,1,0,28
3733293,0,0,19
3733393,1,0,35
3733493,1,0,25
3733593,1,0,32
3733693,1,0,33
3733793,0,0,34
3733893,0,0,25
3733993,0,0,20
3734093,1,0,24
3734194,0,0,32
3734294,0,0,23
3734394,1,0,33
3734494,1,0,20
3734595,1,0,28
3734695,1,0,35
3734796,1,0,22
3734896,1,0,17
3734996,0,0,33
3735096,1,0,29
3735196,0,0,19
3735297,1,0,24
3735397,1,0,21
3735497,1,0,24
3735597,0,0,20
3735698,0,0,29
3735798,0,0,15
3735899,0,0,25
3735999,1,0,25
3736099,0,0,13
3736200,0,0,34
3736300,1,0,10
3736400,1,0,27
3736501,1,0,21
3736601,1,0,28
3736701,1,0,24
3736801,0,0,38
3736902,1,0,29
3737002,0,0,29
3737102,1,0,31
3737202,1,0,32
3737302,1,0,23
3737402,2,0,23
3737502,2,0,24
3737602,3,0,30
3737702,3,0,30
3737802,3,0,24
3737902,3,0,27
3738003,3,0,35
3738103,2,0,27
3738204,2,0,28
3738304,4,0,38
3738404,3,0,27
3738504,3,0,26
3738604,3,0,30
3738704,4,0,39
3738804,3,0,31
3738904,2,0,22
3739004,3,0,24
3739104,3,0,36
3739204,2,0,30
3739304,2,0,31
3739404,2,0,34
3739504,3,0,32
3739605,3,0,26
3739705,4,0,31
3739805,4,0,31
3739905,3,0,32
3740005,2,0,29
3740105,4,0,41
3740205,3,0,34
3740305,3,0,34
3740406,3,0,36
3740506,3,0,36
3740607,3,0,26
3740708,4,0,37
3740808,3,0,30
3740908,3,0,27
3741008,3,0,38
3741108,3,0,35
3741208,2,0,28
3741308,3,0,33
3741409,3,0,31
3741510,3,0,27
3741610,3,0,38
3741710,2,0,44
3741810,3,0,36
3741910,2,0,29
3742010,3,0,22
3742110,3,0,36
3742210,2,0,28
3742311,3,0,29
3742411,3,0,27
3742511,3,0,26
3742611,4,0,33
3742711,2,0,28
3742812,3,0,33
3742912,2,0,25
3743012,4,0,32
3743112,3,0,46
3743212,3,0,30
3743312,3,0,31
3743413,3,0,25
3743514,3,0,27
3743614,4,0,31
3743714,3,0,38
3743814,3,0,29
3743914,3,0,37
3744015,2,0,29
3744115,2,0,29
3744215,2,0,30
3744316,3,0,30
3744417,5,0,36
3744517,16,0,41
3744617,25,0,58
3744717,33,4,68
3744817,49,19,97
3744918,66,25,119
3745018,79,46,123
3745118,87,57,129
3745218,86,64,131
3745318,83,48,131
3745418,81,46,115
3745518,80,52,123
3745618,78,71,127
3745718,76,45,119
3745818,75,51,112
3745918,78,59,128
3746018,78,44,123
3746118,80,37,120
3746218,82,32,127
3746318,83,49,136
3746418,82,43,123
3746518,86,64,133
3746618,82,42,129
3746718,83,57,128
3746818,84,41,119
3746918,84,42,136
3747018,85,44,124
3747118,85,50,133
3747218,81,40,130
3747318,83,51,126
3747418,81,50,126
3747518,80,54,124
3747618,84,58,125
3747719,81,50,126
3747819,84,45,132
3747920,82,49,120
3748020,83,48,126
3748120,84,26,141
3748220,83,62,137
3748320,82,43,138
3748420,83,50,125
3748520,85,49,135
3748620,89,47,138
3748720,87,43,131
3748820,85,64,128
3748921,85,60,129
3749021,84,55,126
3749121,84,51,124
3749221,80,45,123
3749321,79,39,132
3749422,76,40,118
3749522,79,39,125
3749623,83,53,130
3749723,84,45,133
3749824,85,53,132
3749924,85,47,135
3750024,83,53,123
3750125,85,40,124
3750226,85,53,131
3750326,87,54,125
3750426,86,64,135
3750527,85,46,136
3750627,86,40,129
3750728,85,56,123
3750828,88,55,134
3750928,92,53,144
3751028,85,40,131
3751128,85,49,138
3751228,86,57,128
3751328,89,56,126
3751429,90,41,131
3751529,92,42,133
3751629,93,52,145
3751729,91,53,142
3751830,93,47,130
3751930,92,73,140
3752031,90,61,135
3752131,88,58,136
3752232,89,41,144
3752332,86,57,137
3752432,85,59,122
3752532,81,47,127
3752633,85,54,123
3752733,85,56,131
3752833,85,56,128
3752933,89,55,133
3753033,86,53,138
3753134,88,55,123
3753235,90,53,138
3753335,92,56,135
3753435,90,52,136
3753535,88,40,131
3753636,87,60,133
3753737,86,41,129
3753837,89,67,137
3753937,89,42,135
3754037,91,67,132
3754137,88,47,129
3754238,89,49,137
3754338,88,54,127
3754438,85,67,130
3754538,84,60,134
3754638,86,34,138
3754738,85,52,138
3754838,84,48,131
3754938,83,35,116
3755038,82,57,118
3755138,83,25,123
3755238,85,59,131
3755338,87,59,130
3755438,86,46,136
3755538,85,39,136
3755638,84,52,127
3755738,84,51,123
3755838,84,43,137
3755938,87,43,129
3756038,85,51,128
3756138,85,47,132
3756238,93,49,139
3756338,106,77,149
3756439,115,85,169
3756539,126,81,167
3756639,137,93,174
3756739,144,100,185
3756840,153,118,210
3756941,156,120,206
3757041,152,118,204
3757141,153,114,192
3757241,153,121,197
3757341,153,102,201
3757441,155,118,206
3757541,154,121,203
3757641,154,134,204
3757741,154,121,189
3757841,151,123,200
3757942,154,111,200
3758043,154,121,197
3758144,154,121,193
3758245,156,126,200
3758345,157,120,222
3758445,157,121,203
3758545,151,121,199
3758645,150,101,194
3758745,151,124,196
3758845,150,113,199
3758946,149,114,196
3759046,149,112,201
3759147,149,122,201
3759248,151,117,194
3759349,151,116,193
3759449,151,97,194
3759549,153,110,201
3759649,149,104,200
3759749,148,116,197
3759849,148,107,192
3759949,152,121,198
3760049,153,123,195
3760150,149,134,203
3760250,151,113,202
3760350,153,126,197
3760450,152,110,205
3760550,156,124,201
3760650,153,122,203
3760750,155,122,209
3760850,155,133,211
3760951,154,112,206
3761051,153,112,197
3761151,152,115,206
3761251,153,99,197
3761352,154,115,193
3761452,155,117,205
3761552,154,129,203
3761652,157,109,205
3761753,156,112,205
3761853,157,110,209
3761953,156,113,201
3762053,159,126,200
3762153,159,118,209
3762253,156,116,197
3762353,156,124,215
3762453,155,127,209
3762553,155,122,195
3762653,155,118,199
3762753,157,121,202
3762853,154,111,202
3762953,153,115,198
3763053,151,118,196
3763153,153,117,202
3763253,152,114,205
3763353,154,120,198
3763453,154,119,196
3763554,155,117,204
3763654,158,126,204
3763754,160,118,214
3763854,161,119,213
3763954,159,115,207
3764054,159,121,203
3764154,159,119,197
3764254,157,113,207
3764355,157,120,211
3764455,158,114,204
3764555,160,111,207
3764655,160,113,205
3764755,161,122,216
3764856,160,134,203
3764956,160,114,203
3765056,159,132,205
3765156,160,123,205
3765256,159,136,200
3765356,157,123,206
3765456,156,104,206
3765556,157,124,207
3765657,159,113,204
3765758,163,140,216
3765858,174,155,222
3765958,186,148,228
3766059,199,163,238
3766159,215,180,262
3766259,221,170,262
3766359,229,203,281
3766460,232,205,280
3766560,227,187,280
3766660,226,197,274
3766760,227,190,271
3766860,226,178,277
3766961,224,171,272
3767062,220,164,262
3767162,225,180,268
3767262,228,184,286
3767362,225,187,268
3767462,225,190,280
3767562,226,190,263
3767662,225,174,265
3767763,226,190,276
3767864,227,185,279
3767964,227,171,272
3768065,228,177,272
3768165,227,187,272
3768265,226,185,267
3768366,231,200,282
3768466,230,201,274
3768566,232,193,276
3768666,231,216,280
3768766,233,207,292
3768867,229,191,268
3768967,228,201,278
3769068,227,182,272
3769168,224,192,275
3769268,227,179,271
3769369,224,178,270
3769470,227,193,272
3769570,231,209,274
3769670,237,208,289
3769770,235,199,287
3769870,231,191,277
3769970,236,199,278
3770070,234,188,275
3770170,233,181,285
3770270,233,186,288
3770370,234,193,292
3770470,235,194,282
3770570,233,195,282
3770670,231,191,274
3770771,229,203,284
3770872,226,186,278
3770973,225,192,286
3771073,225,186,266
3771173,227,190,277
3771273,223,177,268
3771373,225,186,275
3771474,227,207,271
3771574,226,193,268
3771674,226,186,278
3771774,228,203,269
3771874,225,185,274
3771975,226,188,279
3772076,231,182,285
3772176,234,201,274
3772276,236,191,274
3772376,234,193,285
3772476,235,199,275
3772576,235,211,286
3772677,243,206,295
3772777,248,198,289
3772877,252,204,296
3772977,266,225,305
3773077,278,226,325
3773177,282,260,325
3773277,289,244,331
3773377,301,256,354
3773477,309,292,348
3773578,312,275,350
3773678,316,267,356
3773779,321,292,362
3773879,316,281,367
3773979,317,273,375
3774080,317,266,357
3774180,317,273,358
3774280,314,272,354
3774380,312,263,360
3774481,316,282,366
3774581,313,275,359
3774681,317,288,358
3774782,319,275,358
3774882,320,287,364
3774982,321,273,361
3775082,323,276,373
3775182,321,286,365
3775282,316,281,367
3775382,321,279,367
3775482,322,280,366
3775582,319,278,363
3775682,320,274,377
3775782,320,263,375
3775883,314,284,359
3775983,316,270,361
3776083,320,301,364
3776183,322,300,368
3776283,323,287,377
3776384,320,290,369
3776484,316,286,366
3776584,312,269,362
3776684,317,290,364
3776784,318,285,369
3776884,319,276,369
3776984,316,276,347
3777084,316,265,367
3777184,319,286,365
3777284,323,282,367
3777384,323,282,370
3777484,325,289,378
3777584,319,275,377
3777685,325,286,375
3777785,322,293,373
3777885,327,280,370
3777986,325,282,368
3778086,325,297,375
3778186,323,288,371
3778287,320,293,369
3778387,322,286,373
3778487,321,278,369
3778588,319,281,371
3778688,320,280,364
3778788,318,275,369
3778888,312,286,368
3778988,311,267,364
3779089,310,256,354
3779189,313,281,356
3779290,314,285,358
3779390,318,283,375
3779491,316,283,367
3779591,315,274,364
3779691,315,269,360
3779791,313,268,361
3779891,306,257,357
3779991,310,285,355
3780092,319,286,375
3780192,323,284,366
3780292,324,280,371
3780392,330,277,377
3780492,334,290,389
3780592,330,281,375
3780692,327,288,382
3780792,333,298,383
3780892,332,290,376
3780992,333,303,386
3781092,334,293,375
3781192,331,298,381
3781292,330,305,380
3781392,333,294,384
3781492,330,295,381
3781592,328,289,371
3781692,325,296,367
3781792,327,282,373
3781892,324,270,358
3781992,323,281,368
3782092,329,291,380
3782192,326,285,367
3782292,326,292,369
3782393,318,279,370
3782493,318,283,359
3782593,316,286,373
3782693,314,281,368
3782793,311,275,362
3782893,310,262,348
3782993,314,274,357
3783093,316,284,373
3783194,316,302,380
3783294,313,268,358
3783394,314,276,361
3783494,313,278,365
3783594,317,282,373
3783694,315,263,365
3783794,314,283,370
3783895,316,286,361
3783995,315,282,363
3784095,320,275,368
3784196,321,279,378
3784296,326,276,376
3784396,331,284,381
3784496,336,297,385
3784596,347,298,407
3784696,353,304,398
3784797,364,330,407
3784897,367,341,421
3784998,370,337,417
3785098,378,343,435
3785199,381,336,426
3785299,382,340,428
3785399,381,348,419
3785500,385,349,428
3785600,383,345,434
3785700,380,344,439
3785800,376,323,433
3785901,380,337,428
3786001,375,329,432
3786102,376,344,434
3786203,376,346,424
3786303,381,345,439
3786403,379,347,424
3786503,379,331,425
3786603,376,327,429
3786703,375,334,422
3786804,377,337,431
3786904,375,333,429
3787004,380,349,435
3787105,377,341,420
3787205,376,336,421
3787305,373,342,419
3787405,373,342,430
3787505,371,332,416
3787605,375,344,419
3787705,377,343,427
3787806,376,344,421
3787906,375,327,414
3788006,370,309,428
3788106,370,335,422
3788206,370,332,417
3788306,370,326,414
3788407,369,322,416
3788508,372,323,422
3788608,370,316,420
3788708,371,335,419
3788808,373,339,418
3788908,376,340,414
3789009,375,337,422
3789109,377,345,419
3789209,378,324,428
3789309,373,340,420
3789409,373,321,427
3789509,373,343,410
3789610,373,349,417
3789710,371,330,417
3789811,372,311,422
3789912,373,335,413
3790012,370,336,414
3790112,371,347,413
3790213,370,335,415
3790313,372,336,418
3790413,370,330,418
3790514,376,337,429
3790615,377,340,418
3790715,377,324,422
3790815,380,338,429
3790915,372,328,413
3791015,374,345,420
3791115,376,334,427
3791216,376,337,427
3791316,372,332,412
3791416,376,318,421
3791516,377,331,425
3791616,375,330,418
3791716,379,337,434
3791817,374,341,424
3791917,368,304,417
3792018,375,342,432
3792118,376,336,428
3792218,369,338,419
3792319,374,341,424
3792419,377,327,424
3792519,377,332,421
3792619,377,339,427
3792719,378,323,420
3792820,376,343,419
3792920,373,336,419
3793020,377,353,430
3793120,378,334,430
3793221,384,342,430
3793322,390,357,449
3793422,398,356,443
3793522,411,373,473
3793622,427,391,471
3793723,437,392,482
3793824,452,399,500
3793924,468,429,518
3794024,480,433,525
3794124,490,439,535
3794224,501,455,550
3794324,498,456,544
3794424,510,465,556
3794524,509,478,563
3794624,506,470,553
3794725,509,472,557
3794825,505,447,552
3794925,503,458,546
3795025,500,462,545
3795125,503,457,548
3795225,499,453,543
3795325,500,455,555
3795425,493,448,543
3795525,486,439,532
3795625,480,445,532
3795725,482,444,538
3795825,478,453,526
3795925,483,443,537
3796025,494,462,543
3796126,495,446,540
3796226,491,466,561
3796326,492,449,542
3796426,491,455,529
3796526,487,461,542
3796626,490,443,537
3796726,484,453,530
3796826,488,442,539
3796926,481,439,540
3797026,478,442,512
3797126,479,424,525
3797226,484,442,529
3797326,478,443,525
3797426,479,446,530
3797526,476,443,523
3797626,479,440,529
3797726,478,455,532
3797826,474,428,519
3797926,487,436,532
3798026,489,455,536
3798126,477,444,526
3798226,488,458,537
3798326,491,456,537
3798426,497,466,552
3798527,502,482,549
3798627,502,462,544
3798728,502,470,546
3798828,507,479,554
3798928,506,473,560
3799028,500,449,560
3799128,507,470,550
3799228,513,475,555
3799328,505,476,552
3799428,508,465,551
3799528,506,469,546
3799628,505,469,557
3799729,502,453,540
3799829,507,453,560
3799929,507,461,564
3800029,498,456,548
3800129,489,442,538
3800229,481,442,528
3800329,487,457,550
3800429,483,437,536
3800529,491,448,539
3800630,496,464,538
3800730,503,455,549
3800830,500,457,552
3800930,501,465,555
3801030,499,443,552
3801130,517,479,557
3801230,549,514,600
3801330,584,548,638
3801430,620,579,659
3801530,656,599,707
3801631,673,623,716
3801731,704,671,755
3801831,717,674,774
3801932,726,682,776
3802032,702,666,759
3802133,704,658,770
3802233,715,675,760
3802333,713,680,752
3802434,704,658,757
3802534,710,680,760
3802634,729,687,770
3802734,742,702,793
3802834,755,716,810
3802934,745,694,788
3803034,740,698,792
3803134,752,712,808
3803235,753,713,800
3803336,745,697,798
3803437,735,694,782
3803537,728,674,777
3803637,738,709,787
3803737,722,687,774
3803837,717,681,764
3803937,700,640,748
3804037,694,654,754
3804138,699,674,741
3804238,696,643,757
3804338,695,660,747
3804438,705,667,750
3804538,718,673,773
3804638,728,688,778
3804738,726,687,775
3804838,705,659,759
3804939,685,647,735
3805039,703,652,753
3805140,703,673,751
3805240,690,654,748
3805341,700,657,756
3805441,695,661,742
3805542,710,673,755
3805642,704,655,749
3805742,702,646,749
3805842,710,664,756
3805942,720,683,774
3806042,720,686,768
3806142,735,701,781
3806242,738,697,787
3806342,736,709,782
3806442,730,691,789
3806542,720,652,763
3806642,705,663,749
3806743,704,652,755
3806843,699,649,745
3806943,702,670,747
3807043,702,653,756
3807143,712,668,770
3807243,715,673,758
3807343,711,674,767
3807443,716,674,762
3807543,720,684,767
3807643,719,680,767
3807743,719,690,765
3807843,717,673,759
3807943,704,656,748
3808043,720,679,763
3808144,715,675,768
3808244,717,674,764
3808344,727,678,775
3808444,733,694,776
3808544,747,704,796
3808645,738,693,793
3808745,740,710,794
3808846,745,693,790
3808947,730,679,780
3809048,733,707,779
3809148,732,680,788
3809248,737,697,781
3809348,748,704,800
3809448,750,708,797
3809549,745,705,800
3809649,743,703,789
3809749,712,685,762
3809849,708,676,758
3809949,705,662,755
3810049,715,689,763
3810149,740,706,789
3810249,736,700,791
3810349,739,715,785
3810449,731,685,773
3810549,728,700,780
3810649,730,695,776
3810749,721,688,776
3810850,724,676,770
3810950,740,698,787
3811050,735,691,786
3811150,742,712,796
3811250,757,711,802
3811350,764,721,810
3811450,755,708,808
3811550,747,716,797
3811650,738,698,797
3811750,727,679,778
3811850,736,677,783
3811950,752,714,797
3812050,754,717,806
3812150,775,727,827
3812250,775,735,815
3812350,770,735,828
3812450,762,726,807
3812550,776,735,835
3812651,772,724,819
3812752,793,767,840
3812852,790,749,840
3812952,779,746,828
3813052,771,726,813
3813152,673,579,767
3813252,362,181,1086
3813352,86,0,1066
3813452,8,0,39
3813552,3,0,41
3813652,4,0,34
3813752,1,0,29
3813852,0,0,20
3813952,0,0,22
3814052,1,0,34
3814152,0,0,22
3814253,0,0,28
3814353,0,0,31
3814453,0,0,28
3814553,0,0,23
3814653,1,0,27
3814753,0,0,20
3814854,0,0,19
3814954,0,0,32
3815054,0,0,25
3815154,0,0,23
3815254,0,0,27
3815355,0,0,34
3815455,0,0,22
3815555,0,0,21
3815655,1,0,24
3815756,0,0,31
3815856,0,0,28
3815956,0,0,32
3816056,0,0,29
3816156,0,0,20
3816256,0,0,26
3816356,1,0,29
3816457,0,0,45
3816557,0,0,27
3816657,1,0,33
3816758,1,0,31
3816858,1,0,31
3816958,0,0,19
3817058,0,0,24
3817159,0,0,27
3817259,1,0,31
3817359,0,0,19
3817459,0,0,24
3817559,0,0,15
3817659,1,0,29
3817759,0,0,33
3817859,0,0,33
3817959,1,0,23
3818059,0,0,30
3818159,0,0,27
3818259,0,0,27
3818359,1,0,27
3818460,0,0,27
3818560,0,0,23
3818661,1,0,27
3818762,0,0,20
3818862,0,0,16
3818962,0,0,27
3819062,0,0,25
3819162,0,0,20
3819262,1,0,22
3819362,1,0,22
3819462,1,0,21
3819562,0,0,25
3819662,0,0,33
3819762,0,0,22
3819863,0,0,27
3819963,1,0,19
3820064,0,0,22
3820164,0,0,17
3820264,0,0,19
3820365,0,0,22
3820465,0,0,26
3820565,0,0,31
3820665,0,0,23
3820765,0,0,25
3820865,0,0,17
3820965,0,0,19
3821065,0,0,31
3821165,1,0,26
3821265,0,0,23
3821365,0,0,26
3821465,0,0,24
3821566,1,0,31
3821666,0,0,21
3821767,0,0,31
3821868,1,0,25
3821968,0,0,20
3822068,0,0,17
3822168,0,0,31
3822268,1,0,20
3822368,0,0,19
3822468,0,0,30
3822568,0,0,22
3822669,0,0,23
3822769,0,0,32
3822869,0,0,24
3822969,1,0,36
3823069,0,0,25
3823170,0,0,29
3823270,0,0,10
3823370,0,0,37
3823470,0,0,27
3823571,0,0,23
3823671,0,0,20
3823771,0,0,21
3823871,0,0,17
3823971,0,0,22
3824071,0,0,29
3824171,0,0,19
3824271,0,0,18
3824371,1,0,28
3824471,0,0,19
3824571,0,0,26
3824671,0,0,22
3824771,0,0,18
3824871,0,0,20
3824971,0,0,26
3825071,1,0,34
3825171,0,0,28
3825271,1,0,22
3825371,1,0,33
3825472,1,0,34
3825572,0,0,19
3825673,0,0,27
3825774,1,0,31
3825874,1,0,33

Test19:
3929632,1,0,40
3929732,0,0,25
3929833,1,0,27
3929933,0,0,28
3930033,1,0,27
3930133,1,0,24
3930233,0,0,29
3930334,0,0,25
3930434,1,0,23
3930535,0,0,22
3930635,1,0,24
3930735,0,0,16
3930835,0,0,18
3930935,1,0,23
3931035,1,0,24
3931135,1,0,17
3931235,0,0,33
3931335,0,0,28
3931435,0,0,41
3931535,1,0,28
3931635,0,0,25
3931735,1,0,27
3931835,1,0,29
3931936,0,0,32
3932036,1,0,29
3932136,1,0,29
3932237,0,0,19
3932337,0,0,24
3932437,1,0,24
3932537,1,0,39
3932638,1,0,23
3932738,1,0,29
3932839,1,0,31
3932939,1,0,20
3933039,1,0,25
3933140,1,0,21
3933241,0,0,19
3933341,1,0,30
3933441,1,0,23
3933541,1,0,25
3933641,1,0,32
3933741,1,0,24
3933841,1,0,31
3933941,1,0,34
3934041,1,0,24
3934141,1,0,29
3934241,1,0,34
3934341,1,0,29
3934441,1,0,20
3934542,1,0,28
3934642,0,0,13
3934742,0,0,26
3934842,1,0,27
3934943,0,0,33
3935043,1,0,25
3935143,1,0,31
3935243,1,0,26
3935343,0,0,23
3935443,1,0,22
3935543,0,0,22
3935643,1,0,32
3935743,1,0,31
3935844,0,0,17
3935944,1,0,19
3936044,1,0,30
3936144,1,0,21
3936244,0,0,26
3936344,0,0,20
3936444,1,0,19
3936545,1,0,17
3936645,0,0,25
3936745,0,0,21
3936845,1,0,24
3936945,1,0,20
3937045,1,0,31
3937145,1,0,33
3937245,0,0,22
3937346,0,0,16
3937447,1,0,35
3937547,1,0,21
3937648,0,0,15
3937748,1,0,31
3937848,1,0,25
3937948,0,0,27
3938049,0,0,30
3938149,1,0,26
3938249,1,0,24
3938349,0,0,22
3938449,1,0,29
3938549,1,0,18
3938649,0,0,26
3938749,1,0,20
3938849,1,0,24
3938949,0,0,21
3939049,0,0,20
3939149,0,0,28
3939249,0,0,25
3939349,1,0,27
3939449,1,0,26
3939549,1,0,36
3939649,1,0,25
3939749,1,0,37
3939850,1,0,21
3939950,1,0,23
3940050,1,0,22
3940150,1,0,36
3940250,0,0,26
3940350,1,0,38
3940450,1,0,26
3940551,1,0,35
3940651,3,0,32
3940752,4,0,30
3940852,3,0,27
3940952,2,0,26
3941052,3,0,36
3941152,3,0,32
3941253,2,0,31
3941354,3,0,27
3941455,4,0,36
3941555,3,0,35
3941656,4,0,33
3941756,3,0,23
3941856,3,0,36
3941956,4,0,38
3942056,2,0,28
3942156,4,0,41
3942256,3,0,33
3942356,3,0,27
3942456,3,0,42
3942556,3,0,27
3942657,3,0,33
3942757,3,0,36
3942857,3,0,31
3942958,3,0,25
3943058,2,0,31
3943158,3,0,28
3943258,3,0,30
3943358,3,0,29
3943459,3,0,27
3943559,3,0,26
3943659,3,0,41
3943759,2,0,26
3943859,3,0,30
3943959,3,0,33
3944060,2,0,30
3944160,3,0,31
3944260,3,0,34
3944360,3,0,30
3944460,2,0,40
3944560,3,0,26
3944660,3,0,29
3944760,3,0,31
3944860,3,0,34
3944960,2,0,37
3945060,3,0,25
3945160,3,0,33
3945260,2,0,34
3945360,4,0,36
3945460,3,0,42
3945560,3,0,37
3945660,3,0,30
3945760,3,0,28
3945860,3,0,28
3945960,3,0,36
3946060,3,0,32
3946160,4,0,32
3946260,3,0,36
3946361,2,0,12
3946462,3,0,32
3946563,2,0,31
3946664,3,0,34
3946764,3,0,28
3946865,3,0,29
3946965,3,0,26
3947065,4,0,25
3947165,13,0,48
3947265,17,0,50
3947366,29,3,72
3947466,40,1,88
3947566,53,24,96
3947666,64,32,106
3947766,75,51,125
3947867,84,65,127
3947967,96,53,135
3948067,91,54,143
3948167,97,65,145
3948267,96,60,139
3948367,95,72,132
3948468,97,61,141
3948568,95,69,141
3948669,94,60,142
3948769,93,66,149
3948869,95,65,132
3948969,94,67,123
3949069,90,64,130
3949169,90,52,137
3949269,91,55,129
3949369,89,65,132
3949470,88,46,136
3949570,89,52,129
3949670,89,48,127
3949771,90,43,129
3949872,93,58,144
3949972,93,50,145
3950072,96,74,148
3950173,95,68,139
3950273,90,58,136
3950373,93,52,137
3950474,95,50,139
3950574,104,61,145
3950674,107,84,151
3950774,105,63,161
3950874,105,69,150
3950975,107,73,143
3951075,103,69,149
3951176,97,70,144
3951277,96,55,143
3951377,97,63,141
3951477,97,57,138
3951577,95,50,137
3951677,96,65,145
3951777,94,40,131
3951877,95,64,149
3951978,99,78,143
3952078,95,62,137
3952178,98,66,139
3952279,95,68,144
3952379,91,55,135
3952479,98,49,139
3952580,102,62,147
3952680,102,62,143
3952780,99,68,161
3952880,102,68,144
3952980,102,79,155
3953080,96,63,153
3953180,101,63,145
3953280,98,63,139
3953380,96,57,140
3953480,102,63,145
3953581,101,51,146
3953681,104,87,150
3953781,103,57,146
3953881,99,59,148
3953981,98,57,146
3954081,95,66,140
3954181,93,51,138
3954281,98,61,136
3954381,97,56,137
3954481,95,66,129
3954582,100,60,145
3954682,104,73,154
3954782,102,62,143
3954882,100,74,146
3954982,105,89,149
3955082,106,78,154
3955182,108,68,153
3955282,107,78,162
3955382,100,65,143
3955483,104,75,148
3955584,104,68,148
3955684,106,68,152
3955784,104,71,145
3955884,102,80,158
3955985,102,68,148
3956085,101,74,152
3956186,100,75,143
3956286,101,72,141
3956387,95,56,139
3956487,97,71,139
3956587,99,68,144
3956687,97,73,139
3956787,96,62,141
3956887,96,58,138
3956987,98,74,146
3957087,100,77,144
3957187,106,70,150
3957287,106,63,159
3957388,105,72,152
3957488,108,65,154
3957588,107,79,155
3957688,105,61,148
3957788,104,84,146
3957888,104,88,154
3957988,104,55,150
3958088,103,62,157
3958188,104,68,151
3958288,100,63,145
3958388,99,66,140
3958488,102,75,153
3958588,108,67,157
3958688,115,67,156
3958788,124,88,166
3958888,139,99,197
3958988,148,108,198
3959088,158,132,196
3959188,167,147,216
3959288,171,128,215
3959388,173,129,227
3959488,173,138,213
3959589,170,131,213
3959689,170,142,226
3959789,168,129,213
3959889,170,132,228
3959989,169,129,220
3960089,169,142,219
3960189,170,147,216
3960290,172,131,219
3960391,172,133,224
3960491,174,141,226
3960591,170,128,213
3960691,170,117,210
3960791,173,133,210
3960891,173,141,216
3960991,173,134,220
3961091,173,136,222
3961191,173,135,216
3961291,175,138,228
3961391,173,143,229
3961492,173,129,222
3961592,174,157,218
3961692,172,134,221
3961792,174,137,215
3961892,172,150,207
3961992,173,130,214
3962092,167,120,217
3962193,169,122,218
3962294,169,128,208
3962394,172,152,226
3962494,171,125,206
3962595,171,137,213
3962695,169,118,207
3962796,165,128,207
3962896,168,129,212
3962996,169,139,214
3963096,171,142,211
3963196,174,149,216
3963296,175,142,221
3963396,175,121,218
3963496,177,157,223
3963596,175,141,224
3963697,174,138,219
3963797,172,142,220
3963897,174,135,218
3963997,172,139,222
3964098,175,147,225
3964198,176,143,234
3964299,176,138,223
3964399,174,141,232
3964499,179,151,233
3964600,180,139,231
3964700,176,133,229
3964800,175,140,216
3964900,174,134,229
3965001,173,134,213
3965101,174,133,212
3965201,172,131,225
3965302,170,138,211
3965402,171,145,211
3965502,171,139,218
3965602,170,151,215
3965702,179,126,229
3965803,188,154,229
3965903,199,145,244
3966003,215,166,261
3966103,231,189,286
3966204,243,209,289
3966304,256,205,309
3966404,265,236,314
3966505,271,226,315
3966605,276,236,322
3966705,274,228,323
3966805,270,234,327
3966905,269,218,319
3967005,266,220,318
3967105,265,219,317
3967205,268,217,310
3967305,275,227,318
3967406,275,236,319
3967506,276,227,323
3967606,274,227,322
3967706,272,236,326
3967806,275,243,313
3967906,267,226,316
3968007,269,217,309
3968107,275,223,318
3968207,275,252,313
3968307,273,228,313
3968407,272,232,316
3968508,269,222,312
3968608,269,217,314
3968708,267,218,319
3968808,264,232,312
3968908,263,227,313
3969008,265,225,318
3969108,268,220,313
3969209,262,206,308
3969309,263,224,315
3969409,261,235,310
3969509,261,223,309
3969609,259,224,306
3969709,258,200,306
3969809,256,223,307
3969909,261,231,309
3970009,261,226,317
3970109,264,231,312
3970209,265,223,310
3970310,265,237,316
3970410,266,227,314
3970510,265,222,324
3970610,264,236,323
3970710,264,219,311
3970810,267,227,326
3970910,270,224,313
3971010,271,237,321
3971110,269,241,315
3971210,272,227,320
3971310,275,237,317
3971410,272,236,317
3971510,267,221,313
3971611,262,217,317
3971711,264,246,306
3971811,266,215,319
3971911,267,224,317
3972011,270,228,326
3972111,271,244,323
3972211,268,241,319
3972311,269,224,312
3972411,270,223,321
3972512,267,215,320
3972612,270,229,318
3972712,266,236,314
3972812,263,233,312
3972912,262,212,306
3973013,264,229,305
3973113,274,234,322
3973213,284,266,330
3973313,290,261,329
3973413,302,258,347
3973514,320,273,371
3973615,331,299,373
3973715,345,308,399
3973815,355,307,409
3973915,364,339,414
3974015,363,317,401
3974115,365,341,424
3974215,368,320,419
3974315,358,326,407
3974416,363,315,409
3974516,359,321,415
3974616,363,328,413
3974716,360,323,414
3974816,357,317,402
3974916,356,318,396
3975016,359,325,401
3975116,363,312,408
3975216,360,332,404
3975317,358,330,402
3975417,357,313,401
3975517,358,334,413
3975617,355,331,400
3975718,357,328,414
3975818,356,316,397
3975918,358,319,409
3976018,357,319,401
3976118,356,328,399
3976219,356,298,413
3976319,355,306,407
3976419,355,315,404
3976519,361,317,412
3976620,366,325,420
3976720,362,323,399
3976820,364,317,411
3976921,358,319,401
3977022,357,303,413
3977122,356,322,414
3977223,353,321,398
3977323,356,314,404
3977423,357,318,405
3977523,352,311,401
3977623,353,300,415
3977724,352,330,406
3977824,352,310,399
3977925,349,324,404
3978025,353,323,398
3978125,356,319,412
3978225,360,339,406
3978325,357,302,410
3978425,360,323,406
3978526,360,324,409
3978626,358,312,406
3978727,364,321,419
3978827,362,326,421
3978927,365,325,411
3979027,365,313,415
3979127,363,327,417
3979227,367,331,420
3979327,367,325,419
3979427,362,322,405
3979527,362,328,416
3979628,365,324,423
3979728,357,322,410
3979828,361,327,402
3979929,362,317,403
3980029,361,320,407
3980129,365,314,417
3980229,371,320,423
3980329,374,338,417
3980430,379,335,424
3980530,377,338,432
3980630,375,331,418
3980730,376,340,422
3980831,377,346,421
3980931,375,332,415
3981031,377,343,433
3981131,366,334,425
3981231,369,335,420
3981332,371,326,420
3981432,377,338,424
3981532,381,335,432
3981632,388,341,432
3981733,391,353,449
3981833,395,362,443
3981934,399,370,443
3982034,403,376,456
3982135,407,370,460
3982236,407,377,464
3982336,408,368,455
3982436,411,371,457
3982537,412,362,467
3982637,408,359,452
3982738,408,371,448
3982839,408,356,455
3982940,407,373,446
3983040,408,346,472
3983140,410,375,453
3983240,405,369,462
3983341,409,360,458
3983441,413,379,455
3983541,410,371,458
3983641,407,358,456
3983741,412,375,458
3983841,413,383,470
3983941,413,368,459
3984041,410,375,453
3984141,407,363,455
3984241,411,372,469
3984341,406,373,454
3984441,406,356,447
3984541,407,353,465
3984641,409,363,454
3984741,410,378,459
3984841,407,355,454
3984941,404,373,462
3985041,406,367,454
3985141,411,359,462
3985241,408,367,453
3985341,413,364,453
3985441,413,358,469
3985542,411,370,463
3985642,412,370,466
3985743,408,373,453
3985843,408,356,463
3985943,409,370,463
3986043,411,383,468
3986143,412,370,458
3986243,413,367,451
3986343,417,371,461
3986443,413,364,462
3986543,410,373,455
3986644,410,361,454
3986744,406,359,458
3986844,404,362,456
3986944,406,349,470
3987044,405,362,447
3987144,405,355,451
3987244,406,364,457
3987344,406,364,450
3987444,407,357,458
3987544,409,373,457
3987644,408,362,451
3987744,408,365,454
3987845,404,353,447
3987945,404,345,454
3988046,405,364,447
3988146,408,369,466
3988246,403,359,451
3988346,402,367,445
3988446,404,351,454
3988546,405,381,451
3988646,409,381,447
3988746,413,378,458
3988846,414,366,460
3988946,411,364,461
3989046,409,379,449
3989146,410,382,452
3989246,409,387,453
3989346,411,359,463
3989447,405,351,451
3989547,409,367,451
3989647,407,368,457
3989748,412,371,449
3989849,414,373,466
3989949,415,386,464
3990050,413,364,463
3990150,410,374,464
3990250,403,356,452
3990350,406,368,465
3990451,408,378,454
3990551,411,385,471
3990652,411,376,459
3990752,407,363,457
3990852,408,360,460
3990953,407,361,449
3991053,408,363,456
3991153,410,375,449
3991253,407,372,451
3991354,408,389,457
3991454,410,379,448
3991554,409,359,458
3991654,409,371,453
3991754,410,363,453
3991854,408,366,457
3991954,407,367,457
3992054,400,349,448
3992155,401,352,453
3992255,404,361,457
3992355,402,358,454
3992455,401,365,449
3992555,403,371,441
3992655,403,355,454
3992755,404,373,450
3992855,404,367,451
3992955,409,371,454
3993055,417,386,464
3993155,428,387,482
3993255,448,396,494
3993355,459,407,510
3993455,473,442,520
3993555,491,442,544
3993655,510,476,555
3993755,525,474,575
3993855,539,493,588
3993955,546,498,596
3994055,554,524,603
3994155,555,519,599
3994255,564,537,608
3994355,567,530,621
3994455,568,535,612
3994555,568,525,616
3994655,576,531,631
3994755,575,540,619
3994855,572,531,627
3994955,574,537,626
3995055,571,533,622
3995155,573,527,618
3995255,571,535,627
3995355,563,536,606
3995456,564,532,616
3995556,568,528,623
3995656,564,533,610
3995757,569,525,618
3995857,575,522,627
3995958,570,531,633
3996058,563,528,611
3996158,560,527,608
3996258,564,537,609
3996358,559,529,611
3996458,554,509,609
3996558,546,519,592
3996658,535,500,592
3996758,534,479,589
3996858,539,488,588
3996958,537,498,587
3997058,536,505,571
3997158,532,493,568
3997258,541,491,595
3997358,538,512,586
3997458,537,486,582
3997558,535,484,575
3997658,546,513,596
3997758,544,519,594
3997858,546,503,589
3997959,540,512,581
3998060,536,496,580
3998161,541,493,601
3998262,538,499,584
3998362,549,523,591
3998462,546,508,597
3998562,552,502,601
3998662,544,507,593
3998762,548,507,597
3998862,538,499,588
3998962,542,497,586
3999062,545,504,590
3999162,542,496,594
3999262,554,503,606
3999362,546,515,588
3999462,554,527,607
3999563,558,517,609
3999664,558,522,608
3999764,567,525,615
3999864,572,523,629
3999965,567,524,623
4000065,574,544,624
4000165,575,539,621
4000266,573,524,625
4000366,577,539,625
4000466,584,529,637
4000566,575,539,618
4000666,581,526,627
4000766,578,541,635
4000866,573,534,617
4000966,576,529,624
4001066,577,532,630
4001166,573,541,620
4001266,580,545,626
4001366,579,542,625
4001466,585,557,631
4001566,582,566,641
4001666,585,533,635
4001766,579,536,630
4001866,577,534,629
4001966,575,534,624
4002067,562,517,617
4002167,572,540,615
4002267,590,558,634
4002367,597,562,649
4002468,631,592,675
4002568,654,616,701
4002668,677,648,724
4002768,709,671,751
4002868,733,696,784
4002968,762,730,814
4003068,783,731,830
4003168,798,752,857
4003268,808,765,860
4003369,810,766,853
4003469,846,804,891
4003569,850,813,897
4003670,834,797,876
4003770,850,795,900
4003870,843,801,887
4003970,845,805,892
4004070,854,812,903
4004170,856,811,901
4004270,839,787,883
4004370,821,776,873
4004470,832,794,868
4004570,838,788,884
4004671,826,781,876
4004771,814,760,858
4004871,819,762,866
4004971,824,776,874
4005071,833,790,876
4005171,828,777,871
4005271,814,764,859
4005371,824,791,870
4005472,824,791,887
4005572,813,770,854
4005672,805,761,845
4005772,802,754,848
4005872,766,724,812
4005972,793,758,844
4006072,805,772,847
4006173,803,774,849
4006273,805,762,854
4006373,804,752,855
4006473,793,743,839
4006573,799,747,850
4006673,809,783,858
4006773,818,780,866
4006873,814,758,868
4006973,820,790,878
4007073,826,787,880
4007173,816,767,866
4007274,821,769,868
4007374,808,774,865
4007474,813,783,861
4007574,798,753,842
4007674,806,768,849
4007774,801,764,842
4007874,797,751,841
4007974,798,756,842
4008074,806,773,859
4008174,810,762,849
4008275,801,770,852
4008375,829,772,879
4008475,835,789,881
4008575,848,809,898
4008675,849,813,900
4008775,826,792,886
4008876,810,770,857
4008976,828,784,870
4009077,814,775,851
4009177,816,760,867
4009278,818,773,871
4009378,846,813,895
4009479,853,802,906
4009579,818,771,861
4009679,809,782,862
4009779,796,757,848
4009879,796,747,845
4009979,800,755,861
4010080,786,743,837
4010180,776,732,817
4010281,762,715,818
4010381,771,744,814
4010482,765,711,814
4010582,770,724,823
4010682,771,732,827
4010783,763,724,816
4010884,789,760,837
4010984,797,755,847
4011084,788,759,838
4011184,800,760,843
4011284,790,741,838
4011384,801,766,849
4011484,813,769,858
4011584,797,778,847
4011684,814,762,865
4011784,834,801,889
4011884,825,793,880
4011984,814,765,865
4012084,822,804,876
4012184,838,788,885
4012284,816,780,872
4012384,808,774,854
4012484,816,777,870
4012584,797,759,850
4012684,792,749,833
4012784,806,760,858
4012885,804,772,852
4012986,807,759,860
4013086,818,786,861
4013186,824,787,874
4013286,798,764,848
4013386,816,769,863
4013487,806,765,854
4013587,810,777,859
4013687,790,737,846
4013788,789,746,831
4013888,796,747,839
4013988,785,748,845
4014088,786,741,832
4014188,793,738,844
4014288,755,650,861
4014388,406,203,1219
4014488,97,0,1252
4014588,6,0,37
4014688,2,0,33
4014789,3,0,29
4014890,1,0,19
4014991,0,0,20
4015091,0,0,23
4015191,1,0,24
4015292,0,0,23
4015392,0,0,37
4015493,0,0,22
4015593,1,0,23
4015693,1,0,26
4015793,0,0,21
4015893,0,0,26
4015993,0,0,38
4016093,0,0,24
4016193,0,0,23
4016293,0,0,27
4016393,0,0,28
4016493,0,0,17
4016593,1,0,23
4016693,0,0,20
4016793,0,0,24
4016893,0,0,31
4016993,1,0,29
4017093,1,0,22
4017193,0,0,30
4017294,1,0,24
4017394,0,0,21
4017494,0,0,24
4017594,1,0,27
4017694,1,0,33
4017795,1,0,32
4017895,0,0,26
4017995,0,0,22
4018096,0,0,18
4018196,0,0,33
4018297,0,0,24
4018397,1,0,27
4018497,0,0,21
4018597,1,0,29
4018697,0,0,29
4018797,0,0,18
4018897,0,0,24
4018997,0,0,23
4019097,1,0,20
4019197,1,0,30
4019297,0,0,16
4019397,0,0,18
4019497,0,0,29
4019597,0,0,25
4019698,1,0,44
4019798,0,0,22
4019898,0,0,29
4019998,0,0,22
4020099,0,0,24
4020199,0,0,31
4020300,0,0,23
4020400,1,0,35
4020500,0,0,20
4020600,0,0,24
4020700,0,0,23
4020800,0,0,27
4020900,1,0,21
4021001,0,0,21
4021101,0,0,35
4021201,0,0,27
4021301,0,0,27
4021402,1,0,23
4021502,0,0,30
4021602,0,0,25
4021702,0,0,30
4021802,0,0,28
4021902,1,0,32
4022002,0,0,28
4022103,0,0,32
4022203,0,0,27
4022303,0,0,18
4022403,0,0,32
4022504,1,0,18
4022604,0,0,11
4022705,0,0,27
4022805,0,0,24
4022905,1,0,23
4023005,0,0,22
4023105,1,0,19
4023205,1,0,23
4023305,0,0,28
4023405,0,0,30
4023505,0,0,22
4023605,0,0,26
4023705,0,0,20
4023805,0,0,22
4023905,0,0,21
4024005,0,0,23
4024106,0,0,27
4024206,0,0,23
4024306,0,0,29
4024406,0,0,28
4024507,0,0,29
4024607,0,0,16
4024707,0,0,25
4024807,1,0,41
4024908,1,0,29
4025008,0,0,35
4025108,1,0,35
4025208,0,0,16
4025308,0,0,28
4025408,0,0,22
4025508,1,0,32
4025608,0,0,22
4025708,0,0,24
4025808,0,0,26
4025908,0,0,22
4026009,0,0,26
4026110,0,0,20
4026210,0,0,30
4026310,1,0,31
4026410,0,0,28
4026511,0,0,29
4026611,0,0,38
4026711,1,0,23
4026811,0,0,27
4026911,0,0,33
4027011,1,0,28

Test20:
4112680,1,0,26
4112780,1,0,25
4112881,1,0,29
4112981,1,0,30
4113081,1,0,32
4113182,1,0,27
4113282,0,0,24
4113382,1,0,15
4113482,1,0,32
4113582,1,0,29
4113682,1,0,26
4113783,1,0,25
4113883,0,0,27
4113983,1,0,27
4114084,0,0,23
4114184,1,0,28
4114284,0,0,11
4114384,1,0,25
4114484,0,0,18
4114585,0,0,25
4114685,1,0,24
4114785,0,0,32
4114885,0,0,27
4114985,0,0,38
4115086,1,0,31
4115186,0,0,32
4115287,1,0,26
4115387,1,0,27
4115487,1,0,26
4115588,1,0,31
4115689,1,0,46
4115789,0,0,26
4115889,1,0,31
4115989,0,0,24
4116089,0,0,28
4116189,0,0,25
4116289,1,0,35
4116390,0,0,30
4116490,1,0,34
4116590,0,0,19
4116690,1,0,22
4116790,1,0,34
4116890,1,0,18
4116990,1,0,31
4117090,1,0,29
4117190,1,0,25
4117290,1,0,20
4117390,1,0,29
4117490,1,0,26
4117590,1,0,28
4117690,1,0,21
4117790,0,0,27
4117891,1,0,18
4117991,0,0,29
4118091,0,0,28
4118191,1,0,30
4118292,1,0,30
4118393,1,0,20
4118493,0,0,22
4118593,0,0,26
4118693,1,0,26
4118794,1,0,23
4118894,0,0,40
4118994,1,0,37
4119094,1,0,27
4119195,1,0,28
4119295,1,0,30
4119396,1,0,21
4119497,1,0,36
4119598,1,0,24
4119699,1,0,26
4119799,1,0,25
4119899,1,0,28
4119999,1,0,28
4120099,1,0,41
4120200,1,0,27
4120300,1,0,30
4120400,0,0,28
4120500,1,0,37
4120601,0,0,26
4120701,1,0,39
4120801,1,0,36
4120902,1,0,30
4121002,0,0,33
4121103,1,0,31
4121203,1,0,31
4121303,1,0,36
4121403,1,0,26
4121503,0,0,32
4121603,0,0,37
4121703,0,0,22
4121804,1,0,19
4121904,0,0,30
4122004,1,0,26
4122104,1,0,27
4122204,1,0,24
4122304,1,0,32
4122404,0,0,17
4122505,1,0,43
4122606,1,0,27
4122707,1,0,30
4122807,0,0,26
4122907,1,0,20
4123007,1,0,33
4123107,0,0,23
4123207,1,0,36
4123308,1,0,21
4123408,1,0,37
4123509,1,0,25
4123610,0,0,27
4123710,1,0,30
4123810,1,0,26
4123910,1,0,34
4124010,1,0,33
4124110,0,0,35
4124210,0,0,28
4124310,1,0,19
4124410,0,0,26
4124510,1,0,31
4124610,0,0,17
4124710,1,0,40
4124810,3,0,43
4124910,2,0,32
4125010,3,0,36
4125110,3,0,29
4125210,2,0,25
4125310,2,0,37
4125410,2,0,26
4125510,2,0,32
4125610,3,0,26
4125710,3,0,29
4125810,2,0,29
4125910,2,0,33
4126010,3,0,42
4126110,3,0,32
4126210,2,0,26
4126310,2,0,30
4126410,2,0,38
4126510,2,0,33
4126610,2,0,33
4126710,2,0,27
4126810,2,0,27
4126910,3,0,29
4127010,2,0,26
4127110,2,0,27
4127210,4,0,37
4127310,2,0,28
4127410,2,0,32
4127511,2,0,28
4127611,3,0,39
4127711,3,0,29
4127811,2,0,37
4127911,3,0,26
4128011,3,0,28
4128111,3,0,23
4128211,2,0,21
4128311,2,0,42
4128411,2,0,21
4128511,2,0,29
4128611,2,0,28
4128711,2,0,27
4128811,2,0,23
4128911,2,0,28
4129011,2,0,28
4129111,2,0,29
4129211,2,0,20
4129311,2,0,27
4129411,2,0,24
4129511,3,0,36
4129611,1,0,33
4129711,3,0,20
4129811,2,0,29
4129911,2,0,19
4130011,2,0,26
4130111,3,0,20
4130211,3,0,46
4130311,3,0,31
4130412,2,0,25
4130513,3,0,33
4130613,2,0,24
4130713,1,0,32
4130813,4,0,23
4130914,3,0,34
4131015,9,0,37
4131115,19,4,53
4131215,40,1,73
4131316,62,34,108
4131416,78,39,115
4131516,92,66,141
4131616,101,74,143
4131716,96,57,131
4131817,98,55,137
4131917,99,84,143
4132017,98,83,148
4132117,99,64,149
4132217,102,68,147
4132317,100,60,147
4132417,100,56,147
4132517,98,60,143
4132617,103,56,145
4132717,101,52,142
4132817,97,56,143
4132917,99,71,139
4133018,98,63,153
4133118,101,65,149
4133218,105,77,142
4133318,107,71,161
4133419,105,82,153
4133519,108,79,159
4133619,111,76,158
4133719,113,92,164
4133820,113,77,155
4133920,110,67,150
4134020,110,103,157
4134120,110,82,150
4134220,108,77,152
4134320,111,59,161
4134420,114,79,169
4134520,112,81,159
4134620,112,81,160
4134720,111,78,154
4134820,110,69,152
4134920,108,69,147
4135020,108,70,150
4135120,105,65,153
4135220,104,63,153
4135320,108,75,145
4135420,109,76,161
4135520,110,73,153
4135620,116,83,156
4135720,112,84,163
4135821,109,80,157
4135921,105,68,144
4136021,105,59,156
4136121,104,68,155
4136221,105,76,158
4136322,106,83,152
4136423,103,74,148
4136523,97,51,139
4136623,99,65,142
4136723,98,59,154
4136823,97,56,157
4136923,95,59,138
4137023,96,56,144
4137123,96,43,135
4137223,94,55,138
4137323,94,43,129
4137424,92,46,128
4137524,92,39,143
4137624,93,64,133
4137724,91,83,139
4137824,91,68,131
4137925,96,49,131
4138026,92,50,135
4138127,95,47,136
4138227,95,64,144
4138327,95,48,134
4138427,100,66,138
4138527,104,61,157
4138627,111,73,156
4138727,117,84,162
4138827,125,99,171
4138927,132,107,188
4139027,144,101,188
4139127,152,114,200
4139227,158,131,201
4139327,162,121,205
4139427,169,140,218
4139528,169,140,216
4139628,176,130,218
4139728,170,145,212
4139828,174,126,229
4139928,170,129,223
4140028,170,128,214
4140129,171,131,220
4140229,173,143,222
4140329,174,129,219
4140429,175,135,216
4140529,173,134,221
4140629,174,152,232
4140729,175,131,218
4140829,177,122,224
4140929,177,139,220
4141029,178,134,224
4141130,179,128,229
4141230,178,150,239
4141330,177,139,229
4141430,178,144,224
4141530,180,137,223
4141630,179,138,218
4141730,179,131,228
4141831,180,150,222
4141931,179,146,233
4142031,179,140,226
4142131,180,139,224
4142231,182,143,227
4142331,182,156,227
4142431,180,136,232
4142531,177,134,222
4142632,178,139,216
4142732,177,129,231
4142832,178,143,231
4142932,178,155,220
4143032,177,145,224
4143132,173,137,214
4143233,171,119,221
4143333,173,136,213
4143433,174,147,217
4143533,176,134,225
4143633,175,156,231
4143733,176,137,230
4143833,171,129,215
4143933,166,116,223
4144034,167,132,219
4144134,164,122,209
4144234,168,155,225
4144334,165,117,216
4144434,162,128,207
4144535,164,126,210
4144635,169,137,216
4144735,169,137,213
4144835,169,130,225
4144936,171,123,221
4145036,172,147,219
4145136,173,136,227
4145237,176,139,223
4145337,176,130,227
4145437,172,129,219
4145537,171,142,232
4145637,172,131,218
4145737,174,135,217
4145837,175,139,232
4145937,168,123,223
4146037,170,140,218
4146138,167,127,214
4146238,169,134,219
4146338,165,132,216
4146438,164,124,222
4146538,163,122,202
4146638,164,129,215
4146738,162,124,203
4146838,167,127,227
4146938,170,135,215
4147038,172,129,217
4147138,169,121,218
4147238,167,119,213
4147338,167,127,208
4147439,163,114,206
4147539,164,131,213
4147639,166,121,211
4147739,164,115,218
4147839,164,134,213
4147939,166,127,211
4148039,168,144,211
4148139,171,132,222
4148240,172,126,225
4148340,174,125,218
4148440,181,131,222
4148540,185,141,230
4148640,183,148,229
4148740,181,143,233
4148840,181,140,228
4148940,180,131,229
4149041,183,155,219
4149141,185,150,224
4149241,184,158,228
4149341,188,141,233
4149441,175,153,221
4149541,187,152,236
4149641,206,161,255
4149741,229,182,279
4149841,245,207,296
4149942,255,216,303
4150042,263,225,312
4150142,268,242,313
4150243,266,226,321
4150343,268,233,313
4150443,272,227,320
4150543,270,235,320
4150643,268,223,307
4150743,267,203,324
4150844,266,227,316
4150945,268,231,320
4151045,267,222,315
4151145,266,207,317
4151245,266,214,322
4151345,266,230,314
4151445,265,218,316
4151545,266,221,308
4151645,264,219,308
4151746,265,224,307
4151847,266,233,320
4151948,266,219,305
4152049,268,232,309
4152149,267,235,314
4152249,267,227,315
4152349,267,227,318
4152449,265,243,309
4152550,265,231,307
4152651,263,220,308
4152751,261,220,311
4152851,261,214,303
4152951,264,214,312
4153051,267,234,308
4153151,267,231,320
4153251,268,218,324
4153351,270,231,322
4153451,268,233,321
4153551,271,235,312
4153651,266,242,317
4153752,269,236,324
4153852,268,228,321
4153952,268,237,314
4154053,271,241,315
4154153,270,220,311
4154254,268,223,316
4154354,268,233,316
4154454,270,232,322
4154554,271,227,314
4154654,268,220,312
4154754,266,230,314
4154855,267,237,311
4154956,264,223,326
4155056,265,248,305
4155156,269,235,314
4155256,270,234,318
4155356,269,210,321
4155456,267,236,314
4155556,272,228,331
4155656,273,244,320
4155756,275,236,317
4155856,274,216,323
4155956,271,227,313
4156056,267,227,315
4156156,266,226,318
4156256,267,241,309
4156356,272,236,325
4156456,271,231,313
4156556,267,227,312
4156656,267,242,313
4156756,263,222,311
4156856,263,213,305
4156956,269,235,318
4157056,265,237,313
4157156,260,220,318
4157256,261,232,311
4157356,261,216,319
4157456,261,227,320
4157557,257,193,315
4157657,259,228,314
4157757,256,219,304
4157858,257,210,303
4157958,259,220,306
4158059,258,222,312
4158159,259,221,315
4158260,255,220,291
4158360,252,211,299
4158460,253,220,314
4158560,253,211,292
4158661,255,216,315
4158762,259,219,310
4158863,260,223,300
4158963,257,218,301
4159063,259,212,301
4159163,260,216,307
4159263,262,234,300
4159363,262,222,316
4159464,263,209,304
4159565,260,213,309
4159666,259,218,310
4159766,260,210,309
4159866,259,232,311
4159966,263,221,313
4160066,263,228,307
4160166,262,210,313
4160266,263,215,304
4160366,262,229,314
4160466,263,224,305
4160566,266,228,307
4160666,269,229,314
4160766,280,250,329
4160866,297,263,340
4160966,319,293,377
4161067,333,283,375
4161167,348,328,395
4161267,364,319,413
4161367,366,312,416
4161467,362,330,411
4161567,361,316,421
4161668,360,326,410
4161768,367,310,409
4161868,369,333,421
4161968,366,325,430
4162068,360,320,414
4162168,366,323,422
4162268,366,324,417
4162368,370,342,418
4162468,369,342,410
4162569,380,339,424
4162669,379,348,432
4162770,377,350,423
4162870,378,340,427
4162970,378,339,426
4163070,380,340,431
4163170,378,347,426
4163271,378,324,420
4163371,379,338,420
4163472,379,352,427
4163572,379,335,426
4163673,381,352,426
4163773,376,328,424
4163873,376,340,431
4163974,382,335,436
4164074,377,337,421
4164175,376,339,416
4164276,372,336,424
4164376,372,328,418
4164477,371,341,414
4164577,363,314,418
4164677,364,329,414
4164778,369,330,413
4164878,365,322,414
4164978,365,331,416
4165079,365,318,412
4165179,365,324,419
4165280,368,340,418
4165380,365,337,411
4165480,371,327,423
4165581,372,340,414
4165681,371,325,426
4165781,368,332,414
4165882,367,326,413
4165982,365,326,419
4166082,363,328,409
4166182,366,333,414
4166282,363,324,414
4166382,362,312,406
4166482,350,305,390
4166582,348,306,388
4166683,351,320,409
4166783,354,326,403
4166883,360,319,407
4166983,366,330,406
4167083,369,341,414
4167183,369,326,406
4167283,364,331,412
4167383,360,318,411
4167483,359,316,404
4167583,360,332,413
4167683,362,325,412
4167783,365,328,420
4167884,372,338,424
4167985,372,319,415
4168085,371,333,428
4168185,369,313,414
4168285,369,341,421
4168386,370,314,423
4168486,373,335,428
4168586,368,323,422
4168686,368,325,414
4168787,370,322,429
4168887,367,331,404
4168987,367,327,409
4169087,370,332,403
4169187,373,338,423
4169288,371,330,422
4169388,370,333,418
4169488,374,338,431
4169589,368,336,418
4169689,367,332,411
4169790,365,330,410
4169891,370,339,418
4169991,364,327,413
4170092,364,322,413
4170192,361,328,416
4170292,359,339,407
4170392,365,321,412
4170492,360,320,400
4170592,357,316,403
4170692,353,308,392
4170792,348,312,388
4170892,350,306,399
4170993,353,314,392
4171093,353,315,395
4171193,359,321,406
4171293,359,318,421
4171393,357,319,406
4171493,359,319,411
4171593,364,322,410
4171693,367,343,411
4171793,358,316,399
4171893,359,324,411
4171993,360,311,407
4172093,356,314,394
4172193,362,318,417
4172294,366,320,416
4172394,362,312,399
4172494,366,327,411
4172594,365,316,412
4172694,370,329,421
4172794,374,335,426
4172894,378,352,432
4172994,386,335,439
4173094,392,358,441
4173195,398,359,441
4173295,404,354,457
4173395,407,361,453
4173496,410,368,451
4173596,410,368,458
4173696,412,374,462
4173797,412,367,457
4173897,409,380,461
4173998,410,375,457
4174098,407,366,449
4174198,399,376,449
4174298,399,368,447
4174398,397,362,437
4174498,391,332,444
4174598,388,347,427
4174698,384,344,419
4174799,394,356,446
4174899,398,344,445
4174999,396,366,438
4175100,395,337,443
4175201,397,370,452
4175301,400,359,457
4175401,400,376,435
4175502,397,347,444
4175602,402,363,449
4175702,409,377,454
4175803,411,379,461
4175904,410,376,456
4176004,421,379,476
4176104,422,380,468
4176204,417,372,463
4176304,416,365,464
4176404,416,380,470
4176504,422,393,471
4176604,422,384,465
4176705,415,371,473
4176805,418,374,468
4176905,419,387,464
4177005,413,374,464
4177105,416,370,458
4177205,412,376,454
4177306,408,374,454
4177406,405,355,455
4177507,411,355,461
4177607,409,359,448
4177707,409,368,454
4177807,411,371,466
4177908,412,374,459
4178008,408,383,459
4178108,410,376,453
4178208,408,375,449
4178308,409,378,443
4178408,408,366,454
4178508,405,363,448
4178608,405,381,448
4178708,404,367,450
4178808,402,364,442
4178909,402,357,459
4179009,401,367,450
4179109,397,348,452
4179210,402,378,449
4179310,401,357,446
4179410,400,372,449
4179510,401,363,454
4179610,403,375,447
4179710,409,374,454
4179810,406,371,456
4179910,400,366,457
4180010,399,370,447
4180110,403,383,455
4180210,403,368,449
4180310,403,365,453
4180410,403,353,445
4180511,398,356,445
4180611,396,355,442
4180711,400,358,454
4180811,400,357,449
4180911,399,367,447
4181011,398,352,449
4181111,403,373,446
4181211,401,368,452
4181311,400,360,448
4181411,394,355,446
4181512,396,345,441
4181612,401,384,447
4181712,404,357,453
4181812,401,357,452
4181912,396,355,447
4182012,397,361,446
4182112,400,368,450
4182213,400,351,450
4182313,397,362,442
4182413,394,351,441
4182513,395,348,441
4182613,400,345,442
4182713,403,353,446
4182813,406,362,456
4182913,410,354,467
4183013,408,358,449
4183113,410,361,462
4183213,416,405,466
4183314,418,378,459
4183414,424,395,470
4183515,424,374,463
4183615,429,397,475
4183715,432,393,483
4183815,425,391,474
4183915,424,399,473
4184015,420,382,479
4184116,420,396,474
4184217,419,380,468
4184318,415,378,459
4184418,422,386,477
4184518,426,395,476
4184619,424,381,468
4184719,421,380,468
4184819,416,374,472
4184920,415,390,465
4185020,415,365,469
4185120,416,379,463
4185221,414,384,472
4185322,424,375,468
4185422,432,394,478
4185522,450,408,499
4185622,473,429,528
4185722,490,463,533
4185822,508,482,557
4185922,525,476,571
4186023,544,500,595
4186123,558,518,605
4186223,560,523,609
4186323,570,521,620
4186423,576,542,629
4186523,571,535,624
4186624,569,527,624
4186724,578,537,640
4186824,575,537,622
4186924,573,529,631
4187024,565,519,610
4187124,571,527,612
4187225,573,551,616
4187325,571,539,622
4187425,571,528,622
4187525,568,516,618
4187625,567,533,617
4187725,567,516,614
4187825,566,541,613
4187925,568,531,618
4188025,566,524,626
4188125,569,529,603
4188225,562,520,611
4188325,567,529,622
4188425,567,526,606
4188525,566,511,611
4188625,564,534,622
4188725,566,532,623
4188825,571,520,620
4188925,567,522,630
4189025,559,516,614
4189125,566,522,635
4189225,562,512,613
4189325,573,536,621
4189425,577,532,626
4189525,580,541,630
4189625,578,535,628
4189725,575,533,618
4189825,568,526,618
4189925,574,524,630
4190025,568,528,610
4190125,566,537,626
4190225,566,524,613
4190326,564,521,615
4190426,565,526,605
4190526,564,522,612
4190626,565,518,613
4190726,566,523,617
4190826,566,522,616
4190927,565,519,616
4191027,566,532,605
4191128,560,516,608
4191228,563,510,608
4191328,565,527,623
4191428,559,517,608
4191528,556,495,605
4191629,550,501,604
4191729,554,510,596
4191829,567,539,619
4191929,566,531,608
4192029,558,501,601
4192129,564,529,610
4192230,561,515,615
4192330,558,529,603
4192430,562,519,613
4192530,559,518,609
4192630,556,505,601
4192730,557,502,608
4192830,555,529,611
4192931,560,528,605
4193031,565,527,611
4193131,568,540,621
4193231,571,546,617
4193331,573,546,622
4193431,572,527,610
4193532,567,537,613
4193632,571,514,615
4193732,571,528,612
4193833,576,531,627
4193933,580,548,627
4194033,579,528,632
4194133,575,527,614
4194234,582,545,629
4194335,585,546,639
4194435,586,546,631
4194535,583,534,629
4194635,582,562,634
4194735,580,526,626
4194835,573,539,626
4194935,574,526,632
4195035,571,535,624
4195135,569,542,612
4195236,570,527,617
4195336,563,523,613
4195436,566,537,622
4195536,564,533,606
4195636,565,530,613
4195737,570,521,618
4195837,565,525,612
4195937,572,529,618
4196038,569,521,626
4196138,576,530,610
4196238,575,518,630
4196339,585,555,632
4196439,599,555,638
4196540,630,595,675
4196640,643,613,699
4196740,681,642,730
4196840,710,679,752
4196940,731,694,776
4197040,762,723,818
4197141,781,747,828
4197241,796,739,850
4197342,806,779,857
4197442,816,776,862
4197542,820,769,872
4197642,825,800,868
4197742,836,804,901
4197842,838,793,890
4197943,833,778,886
4198043,819,772,867
4198144,816,768,862
4198244,807,778,849
4198344,811,773,861
4198444,803,774,857
4198544,802,768,849
4198644,788,752,834
4198744,787,747,827
4198844,769,725,814
4198944,765,737,822
4199044,766,727,824
4199145,755,722,813
4199246,752,716,807
4199346,767,723,815
4199447,774,724,829
4199547,776,737,818
4199648,763,736,822
4199748,769,731,823
4199848,789,734,827
4199948,790,762,845
4200048,790,745,838
4200148,796,754,848
4200248,796,769,849
4200349,803,774,852
4200449,801,744,862
4200549,806,772,858
4200649,804,761,862
4200750,798,754,849
4200850,813,763,858
4200951,808,767,859
4201051,789,744,840
4201151,800,762,841
4201251,806,769,860
4201351,799,761,852
4201451,794,754,844
4201551,795,740,835
4201651,800,742,848
4201751,791,739,840
4201852,767,732,818
4201952,774,744,821
4202052,781,734,836
4202152,776,744,823
4202252,773,722,814
4202353,775,742,820
4202453,782,742,831
4202553,789,737,840
4202653,801,742,845
4202754,810,759,853
4202854,800,759,840
4202955,809,764,852
4203056,805,759,855
4203157,808,772,857
4203257,805,759,861
4203357,803,769,846
4203457,806,755,859
4203557,800,765,859
4203657,800,755,861
4203758,805,778,863
4203858,799,768,855
4203958,783,746,839
4204058,786,753,838
4204158,806,759,854
4204258,796,753,844
4204358,799,760,860
4204458,802,770,850
4204558,791,756,845
4204658,741,637,845
4204758,398,199,1195
4204858,95,0,1251
4204958,7,0,39
4205058,3,0,35
4205158,3,0,29
4205259,2,0,30
4205359,1,0,31
4205459,0,0,18
4205559,0,0,31
4205659,0,0,21
4205760,1,0,27
4205860,0,0,20
4205961,0,0,19
4206061,0,0,28
4206161,0,0,30
4206261,0,0,23
4206361,0,0,38
4206461,0,0,25
4206561,1,0,24
4206661,0,0,23
4206761,1,0,30
4206861,0,0,20
4206962,0,0,30
4207062,0,0,29
4207162,0,0,16
4207262,0,0,20
4207363,0,0,21
4207463,1,0,27
4207563,0,0,21
4207663,1,0,22
4207763,1,0,28
4207863,0,0,21
4207963,1,0,31
4208063,0,0,26
4208163,0,0,28
4208263,0,0,34
4208363,0,0,26
4208463,1,0,25
4208563,0,0,29
4208663,0,0,31
4208764,0,0,31
4208864,0,0,30
4208964,0,0,25
4209064,0,0,27
4209164,0,0,25
4209264,0,0,23
4209365,0,0,22
4209465,0,0,19
4209566,0,0,28
4209666,0,0,23
4209766,0,0,17
4209866,0,0,45
4209966,0,0,17
4210066,0,0,23
4210166,0,0,24
4210266,1,0,26
4210366,0,0,29
4210466,0,0,32
4210567,0,0,28
4210667,0,0,23
4210767,0,0,22
4210867,0,0,27
4210967,0,0,27
4211067,0,0,15
4211168,0,0,27
4211268,1,0,26
4211368,0,0,33
4211468,1,0,27
4211568,1,0,22
4211668,0,0,21
4211768,0,0,26
4211868,0,0,27
4211968,0,0,23
4212068,1,0,24
4212168,0,0,36
4212268,0,0,20
4212368,0,0,21
4212468,0,0,25
4212568,0,0,25
4212668,0,0,25
4212768,0,0,24
4212869,0,0,31
4212969,1,0,34
4213069,0,0,22
4213169,0,0,21
4213270,0,0,28
4213370,0,0,22
4213470,1,0,32
4213570,0,0,22
4213670,1,0,31
4213770,0,0,30
4213870,0,0,28
4213970,1,0,27
4214071,0,0,30
4214172,0,0,25
4214272,1,0,18
4214372,0,0,21
4214472,0,0,19
4214572,0,0,27
4214673,0,0,26
4214773,0,0,30
4214873,0,0,22
4214973,0,0,23
4215073,0,0,20
4215173,1,0,24
4215273,0,0,25
4215374,0,0,26
4215475,0,0,25
4215575,1,0,28
4215676,0,0,23
4215776,0,0,20