sensor BK

300g,600g,900g,1200g,1500g,2000g,2900g

Test 1:
1642,4,4,4
1743,1,0,29
1843,0,0,33
1943,1,0,25
2044,1,0,23
2144,1,0,14
2244,1,0,28
2344,1,0,33
2444,0,0,13
2544,0,0,23
2644,1,0,40
2744,1,0,30
2844,1,0,33
2944,0,0,38
3044,0,0,33
3144,1,0,13
3244,1,0,23
3345,1,0,24
3446,0,0,22
3546,1,0,24
3646,1,0,30
3747,1,0,23
3847,1,0,22
3947,0,0,26
4047,1,0,25
4148,0,0,29
4248,1,0,31
4348,0,0,23
4448,1,0,35
4548,1,0,16
4648,1,0,17
4749,1,0,21
4849,1,0,36
4950,1,0,25
5050,0,0,26
5150,0,0,15
5250,1,0,39
5350,0,0,27
5450,1,0,19
5551,1,0,17
5651,1,0,21
5751,1,0,30
5851,1,0,28
5951,1,0,20
6051,1,0,24
6152,1,0,21
6252,1,0,22
6352,1,0,31
6452,1,0,25
6552,1,0,19
6652,1,0,24
6752,1,0,19
6852,1,0,29
6952,0,0,25
7053,1,0,30
7154,0,0,17
7254,1,0,30
7354,1,0,26
7454,0,0,24
7554,1,0,37
7655,1,0,32
7755,1,0,27
7856,1,0,22
7956,1,0,28
8056,1,0,25
8157,1,0,33
8258,0,0,40
8358,1,0,31
8459,1,0,26
8559,1,0,19
8659,0,0,35
8759,1,0,26
8860,0,0,10
8960,0,0,27
9060,1,0,29
9160,1,0,39
9260,1,0,30
9360,1,0,26
9460,1,0,24
9560,1,0,42
9660,1,0,30
9760,0,0,43
9860,1,0,27
9960,1,0,34
10060,1,0,25
10160,1,0,34
10260,1,0,25
10360,0,0,16
10460,1,0,23
10560,1,0,33
10661,1,0,23
10761,0,0,26
10861,1,0,28
10961,1,0,21
11062,1,0,21
11162,1,0,28
11262,0,0,29
11362,1,0,30
11462,1,0,22
11563,1,0,29
11664,1,0,30
11765,1,0,38
11865,1,0,29
11966,1,0,31
12066,1,0,29
12166,1,0,24
12266,1,0,27
12366,1,0,26
12466,1,0,28
12566,1,0,27
12666,1,0,41
12766,0,0,33
12866,1,0,18
12966,1,0,28
13066,1,0,31
13166,1,0,29
13266,1,0,34
13366,1,0,34
13466,1,0,21
13566,1,0,21
13667,1,0,27
13767,1,0,24
13867,0,0,10
13967,0,0,20
14067,1,0,18
14167,0,0,29
14267,0,0,19
14367,1,0,21
14468,1,0,43
14568,1,0,22
14668,1,0,25
14768,1,0,27
14868,1,0,33
14968,1,0,37
15068,1,0,26
15169,1,0,24
15269,0,0,15
15370,0,0,24
15470,1,0,24
15570,0,0,34
15671,0,0,24
15772,1,0,36
15872,1,0,24
15972,1,0,28
16072,1,0,22
16173,1,0,25
16273,1,0,27
16373,1,0,23
16474,1,0,29
16575,1,0,20
16675,1,0,25
16776,1,0,34
16876,1,0,25
16976,1,0,41
17076,0,0,36
17177,2,0,28
17278,1,0,13
17378,1,0,29
17479,2,0,26
17580,2,0,20
17681,2,0,16
17781,3,0,32
17881,2,0,30
17982,3,0,26
18082,1,0,23
18182,1,0,32
18282,2,0,33
18382,2,0,25
18482,1,0,30
18582,3,0,34
18682,1,0,44
18782,1,0,24
18882,2,0,37
18983,1,0,29
19083,1,0,25
19184,2,0,29
19284,3,0,35
19385,1,0,24
19485,1,0,32
19586,3,0,32
19687,2,0,33
19787,1,0,24
19887,1,0,35
19987,2,0,19
20088,1,0,31
20188,1,0,34
20288,1,0,27
20388,1,0,8
20489,1,0,20
20589,1,0,22
20689,2,0,26
20789,1,0,35
20889,2,0,27
20990,2,0,37
21090,2,0,24
21190,5,0,40
21290,16,0,54
21390,26,0,66
21490,36,4,71
21590,44,0,79
21690,51,16,110
21791,63,39,119
21891,71,31,123
21991,77,44,120
22091,78,34,123
22191,89,49,139
22292,87,42,124
22393,89,51,146
22493,88,45,139
22594,85,46,140
22694,83,45,120
22794,83,46,137
22894,81,38,126
22995,85,53,137
23096,89,57,148
23196,85,60,136
23296,81,61,138
23396,77,45,133
23496,76,45,134
23596,78,45,127
23697,78,51,127
23798,78,27,138
23898,78,51,122
23999,75,38,129
24099,75,34,117
24199,75,41,138
24299,75,36,126
24399,73,37,126
24499,70,26,131
24599,73,39,125
24700,75,29,117
24800,73,37,145
24900,70,35,113
25000,68,38,126
25100,70,26,135
25200,80,64,136
25300,82,42,130
25400,100,57,152
25500,109,74,167
25600,129,87,190
25700,139,102,183
25800,159,114,214
25900,167,121,224
26000,179,141,240
26101,179,139,226
26201,200,163,249
26301,198,172,270
26402,198,146,253
26502,191,148,243
26602,193,170,246
26703,189,145,246
26804,188,141,241
26904,188,146,258
27004,190,141,232
27104,189,137,247
27205,186,133,245
27305,187,146,250
27405,187,164,250
27505,184,149,228
27605,184,147,249
27705,187,141,238
27805,187,151,246
27906,188,141,231
28006,185,148,237
28106,182,146,234
28206,178,136,235
28306,180,157,234
28406,182,137,248
28506,185,151,248
28607,187,166,229
28707,186,150,240
28807,191,162,252
28907,190,148,237
29007,186,145,243
29107,182,144,239
29208,181,133,241
29309,182,154,250
29409,181,139,226
29509,181,133,242
29610,180,151,240
29710,178,140,226
29810,178,141,229
29911,182,155,237
30011,183,147,237
30112,182,150,239
30212,183,131,238
30312,180,131,234
30412,183,147,229
30512,178,137,229
30612,177,122,224
30712,173,127,224
30812,179,137,221
30912,178,135,236
31012,176,135,235
31112,169,125,217
31212,169,111,229
31312,193,146,250
31412,217,161,283
31513,239,211,287
31613,258,212,317
31713,268,230,328
31813,281,246,329
31914,279,232,334
32015,275,233,342
32115,276,236,337
32215,274,234,325
32315,268,214,325
32415,274,227,329
32515,276,236,339
32615,271,240,329
32715,269,222,329
32815,266,229,318
32915,264,217,310
33015,265,228,310
33115,269,231,317
33216,271,224,334
33317,270,233,330
33417,266,234,320
33517,265,212,328
33617,264,229,323
33717,268,221,320
33817,268,240,321
33917,274,221,333
34017,273,240,341
34117,273,243,332
34217,272,228,333
34317,267,226,325
34417,270,240,336
34517,270,234,321
34618,266,232,315
34719,263,232,317
34820,262,225,315
34920,260,221,313
35020,261,212,312
35120,265,222,318
35220,258,206,314
35320,260,219,321
35420,259,223,309
35520,259,229,316
35620,256,233,311
35720,251,206,292
35820,251,200,303
35920,248,195,299
36020,252,224,309
36121,254,235,309
36221,254,206,305
36321,251,223,322
36421,255,200,304
36521,260,215,311
36621,264,250,317
36722,262,217,334
36822,260,231,311
36922,262,222,317
37022,266,239,323
37122,270,250,344
37222,282,236,346
37323,293,241,347
37424,298,275,356
37524,310,257,362
37625,319,262,377
37725,328,294,386
37825,330,292,382
37926,335,288,391
38026,345,305,396
38126,342,302,396
38226,342,297,382
38326,339,305,402
38427,340,296,396
38527,338,294,394
38627,339,293,418
38727,337,296,384
38827,338,291,384
38927,336,312,389
39027,342,309,406
39127,342,299,396
39227,339,322,390
39328,339,290,384
39428,334,272,383
39529,333,285,393
39629,329,290,379
39729,329,301,381
39829,330,295,384
39929,336,285,404
40029,335,290,385
40130,339,301,388
40230,340,303,386
40330,337,289,387
40430,334,310,397
40531,334,293,377
40632,331,298,396
40732,329,294,393
40832,325,293,373
40933,328,276,394
41033,328,302,383
41133,329,278,382
41234,331,289,387
41334,329,286,376
41435,322,267,384
41535,321,288,389
41635,318,267,370
41735,318,281,371
41836,319,282,376
41936,323,269,372
42037,322,268,385
42137,341,298,400
42237,345,305,400
42337,366,324,417
42437,378,344,434
42537,399,357,461
42638,402,360,448
42738,421,374,492
42838,429,389,488
42939,439,397,502
43039,441,408,489
43140,439,400,494
43240,429,397,470
43341,422,409,474
43441,413,372,473
43541,411,363,455
43642,412,352,470
43743,411,367,464
43844,412,387,464
43944,421,394,477
44045,418,368,477
44145,423,394,478
44246,422,394,477
44347,430,388,488
44448,431,413,483
44549,433,388,488
44650,434,387,480
44750,431,390,483
44850,436,399,493
44950,441,385,496
45051,441,401,499
45152,441,398,498
45252,444,388,515
45352,443,405,497
45452,438,399,491
45553,440,395,486
45653,434,391,487
45754,432,377,499
45854,431,378,494
45954,441,394,496
46054,443,421,508
46154,447,413,502
46254,447,400,501
46354,450,415,508
46455,459,413,526
46555,452,405,509
46656,475,432,524
46757,492,464,547
46858,505,453,562
46958,535,474,575
47058,554,521,602
47159,562,516,622
47260,584,558,635
47360,599,545,676
47460,606,568,664
47560,588,555,646
47661,587,535,654
47761,589,555,649
47861,588,548,651
47962,589,540,638
48062,587,550,632
48162,592,545,657
48262,593,542,651
48362,592,547,648
48463,588,540,644
48563,584,556,640
48663,580,534,640
48763,585,533,642
48863,588,552,645
48964,591,553,635
49064,595,554,654
49164,601,558,656
49264,597,580,651
49365,596,556,651
49466,595,556,637
49566,600,552,657
49666,595,555,650
49767,593,544,644
49867,593,569,642
49967,593,545,656
50067,598,556,646
50167,596,570,660
50267,599,568,647
50367,600,558,639
50468,603,563,653
50568,597,550,650
50669,596,555,653
50769,598,539,661
50870,599,555,661
50971,601,560,651
51071,601,553,658
51171,605,555,665
51271,599,556,655
51371,604,571,654
51471,607,563,664
51572,603,581,666
51673,608,560,665
51773,604,563,659
51873,603,561,656
51973,603,559,649
52073,603,565,655
52174,608,567,664
52274,613,571,671
52375,613,574,666
52475,617,578,680
52576,615,574,674
52676,618,584,669
52776,622,574,673
52876,618,578,669
52977,630,584,684
53077,659,611,716
53178,684,646,735
53278,725,673,785
53378,753,718,814
53478,783,743,839
53579,811,763,868
53680,831,788,894
53780,797,765,858
53880,791,761,848
53980,784,736,845
54080,744,704,796
54180,781,745,839
54280,782,731,844
54380,779,737,843
54480,779,744,833
54580,785,737,823
54680,773,724,838
54780,789,744,844
54880,783,744,837
54980,784,762,832
55081,777,751,833
55182,788,737,852
55282,769,721,831
55382,783,725,840
55482,790,755,859
55582,805,748,861
55682,778,738,835
55782,776,722,835
55882,800,758,859
55983,802,774,856
56084,797,765,858
56184,791,737,843
56285,817,773,867
56385,836,812,906
56486,834,797,892
56586,824,777,888
56686,818,778,872
56786,830,799,879
56886,809,770,863
56986,790,741,858
57086,811,765,865
57186,818,781,872
57286,844,795,918
57386,854,817,904
57486,841,800,903
57586,812,788,862
57687,790,763,846
57788,780,761,839
57889,785,731,840
57989,784,764,837
58090,780,737,830
58190,794,740,856
58291,787,736,845
58392,808,769,868
58492,816,779,870
58593,813,759,872
58693,844,804,908
58793,816,771,867
58893,818,774,867
58993,834,793,893
59093,717,440,858
59193,391,221,1084
59293,116,35,1292
59393,3,0,28
59494,2,0,25
59594,1,0,30
59695,1,0,25
59795,1,0,23
59895,1,0,31
59995,1,0,14
60096,1,0,15
60197,1,0,27
60297,1,0,28
60397,1,0,24
60498,0,0,12
60598,1,0,27
60698,1,0,26
60798,1,0,26
60898,1,0,26
60998,1,0,21
61098,1,0,24
61198,1,0,26
61298,1,0,32
61398,1,0,20
61498,1,0,29
61598,1,0,22
61698,0,0,28
61798,0,0,20
61898,0,0,20
61998,1,0,22
62098,1,0,29
62199,0,0,20
62299,1,0,21
62400,1,0,28
62501,1,0,24
62601,1,0,31
62701,1,0,24
62801,1,0,28
62902,0,0,26
63002,1,0,32
63102,0,0,24
63202,1,0,27
63302,1,0,33
63403,1,0,25
63503,1,0,32
63603,1,0,17
63704,0,0,35
63804,1,0,32
63904,1,0,23
64004,1,0,16
64104,1,0,31
64204,1,0,32
64304,1,0,29
64404,1,0,33
64505,1,0,31
64605,1,0,33
64706,1,0,20
64806,1,0,26
64906,1,0,25
65007,1,0,28
65107,1,0,25
65207,1,0,31
65308,1,0,17
65409,1,0,25
65510,0,0,21
65611,0,0,30
65711,0,0,19
65812,0,0,32
65913,0,0,15
66013,0,0,14
66113,1,0,36
66214,0,0,15
66315,1,0,21
66415,1,0,31
66515,0,0,27
66616,0,0,23
66717,0,0,32
66818,1,0,9
66919,0,0,22
67020,0,0,23
67120,0,0,25
67220,0,0,16
67320,0,0,24
67420,0,0,30
67520,0,0,29
67620,0,0,24
67721,0,0,17
67822,0,0,35
67922,0,0,33
68022,0,0,21
68123,0,0,39
68223,1,0,27
68324,0,0,27
68425,0,0,28
68525,0,0,35
68626,1,0,32
68726,0,0,24
68826,0,0,25
68926,0,0,14
69026,0,0,27
69127,0,0,31
69228,0,0,30
69329,0,0,23
69429,0,0,23
69530,0,0,21
69630,1,0,29
69730,0,0,32
69830,0,0,24
69930,0,0,22
70031,1,0,32
70131,0,0,28
70231,0,0,18
70331,0,0,20
70432,0,0,14

Test 2:
178043,0,0,26
178144,0,0,47
178244,0,0,23
178345,0,0,28
178446,0,0,18
178546,0,0,29
178646,0,0,33
178747,0,0,22
178847,0,0,32
178947,0,0,20
179047,0,0,29
179148,0,0,20
179248,0,0,21
179348,0,0,17
179449,0,0,29
179549,1,0,20
179649,0,0,12
179749,0,0,26
179849,0,0,42
179950,0,0,17
180050,0,0,24
180151,0,0,26
180251,0,0,15
180351,0,0,14
180451,0,0,22
180551,0,0,11
180651,0,0,19
180752,0,0,26
180852,0,0,27
180953,0,0,27
181054,0,0,41
181154,0,0,23
181255,0,0,34
181356,0,0,38
181456,0,0,18
181556,0,0,21
181656,0,0,27
181756,0,0,22
181856,0,0,19
181957,0,0,14
182058,0,0,33
182158,0,0,42
182259,0,0,16
182359,0,0,34
182460,0,0,35
182560,0,0,21
182660,0,0,15
182760,0,0,18
182860,0,0,29
182961,1,0,18
183061,0,0,18
183162,0,0,19
183263,0,0,21
183363,0,0,20
183463,0,0,26
183563,0,0,22
183663,0,0,30
183763,0,0,13
183864,0,0,19
183964,0,0,12
184064,1,0,21
184164,0,0,19
184264,0,0,17
184364,0,0,20
184464,1,0,22
184564,0,0,25
184664,0,0,15
184764,0,0,27
184865,1,0,32
184965,0,0,19
185065,0,0,23
185165,0,0,46
185265,0,0,16
185365,0,0,16
185465,0,0,21
185565,0,0,33
185665,0,0,31
185766,0,0,30
185866,0,0,27
185966,0,0,20
186066,0,0,24
186166,0,0,29
186266,0,0,16
186366,0,0,27
186466,0,0,16
186567,0,0,19
186667,0,0,22
186767,1,0,26
186867,0,0,30
186967,0,0,30
187067,0,0,16
187167,0,0,17
187267,0,0,28
187367,0,0,27
187467,0,0,27
187568,0,0,20
187668,0,0,10
187769,0,0,17
187870,0,0,29
187970,0,0,17
188070,0,0,18
188170,0,0,36
188271,0,0,34
188371,0,0,26
188472,0,0,22
188572,0,0,20
188673,0,0,28
188773,0,0,15
188874,0,0,32
188974,0,0,29
189074,0,0,19
189174,0,0,31
189274,0,0,23
189374,0,0,20
189475,0,0,26
189576,0,0,18
189677,0,0,34
189777,1,0,27
189877,0,0,19
189977,0,0,25
190077,0,0,34
190177,0,0,24
190277,0,0,29
190378,0,0,23
190478,0,0,29
190578,0,0,16
190679,0,0,23
190779,1,0,32
190879,0,0,34
190980,0,0,36
191081,0,0,19
191182,0,0,22
191282,0,0,26
191382,0,0,24
191482,0,0,19
191583,0,0,33
191683,3,0,39
191783,2,0,42
191883,2,0,38
191984,2,0,30
192085,2,0,27
192186,2,0,26
192286,3,0,32
192387,3,0,37
192487,2,0,31
192587,2,0,28
192687,3,0,42
192788,3,0,32
192889,1,0,29
192989,1,0,27
193090,2,0,35
193190,1,0,25
193290,3,0,36
193390,2,0,27
193490,3,0,25
193591,2,0,27
193691,3,0,32
193791,2,0,19
193891,2,0,30
193991,2,0,25
194091,3,0,35
194191,3,0,34
194291,3,0,36
194391,2,0,23
194492,2,0,35
194592,2,0,32
194692,3,0,34
194792,2,0,36
194893,2,0,35
194994,2,0,25
195094,3,0,30
195194,2,0,34
195294,2,0,35
195394,2,0,33
195494,2,0,37
195595,2,0,32
195695,2,0,37
195796,1,0,40
195896,2,0,13
195996,1,0,37
196096,13,0,52
196196,31,0,78
196297,39,9,78
196397,59,14,106
196498,70,40,123
196598,83,57,148
196698,80,51,130
196798,78,38,125
196898,81,47,131
196998,81,45,140
197099,81,37,131
197199,81,52,144
197300,83,57,127
197401,83,54,142
197502,85,45,133
197602,86,43,143
197703,85,54,135
197804,84,46,139
197904,85,45,142
198005,85,55,135
198106,83,50,131
198207,83,45,132
198307,83,40,129
198407,82,38,130
198507,80,42,131
198608,80,43,135
198708,81,62,134
198809,85,48,137
198909,85,41,139
199009,87,48,142
199110,87,51,147
199210,90,64,143
199311,90,48,146
199412,90,46,143
199512,87,61,144
199613,87,67,141
199713,88,40,141
199813,88,37,152
199913,91,63,139
200014,96,48,159
200114,97,63,152
200215,99,70,140
200315,113,79,164
200415,116,73,167
200515,127,77,184
200615,132,88,182
200715,141,110,196
200816,147,113,197
200916,158,115,205
201016,160,111,216
201117,162,117,222
201217,161,139,213
201317,155,108,203
201417,155,120,216
201517,158,116,204
201617,159,124,206
201718,158,119,212
201818,155,123,223
201918,157,108,215
202019,157,115,217
202119,156,123,210
202219,156,120,217
202319,156,124,219
202419,157,115,216
202519,157,128,217
202619,153,123,209
202719,153,134,216
202819,154,116,205
202919,154,119,214
203020,159,114,217
203120,158,123,217
203220,154,121,206
203320,155,110,224
203421,158,127,206
203522,159,131,214
203622,159,117,212
203723,161,111,213
203824,166,115,215
203924,167,117,230
204024,166,130,204
204125,166,133,215
204225,166,118,216
204325,172,128,229
204425,172,122,225
204525,176,121,229
204625,176,145,242
204726,179,145,221
204827,185,159,262
204927,180,139,230
205028,174,137,230
205128,168,134,216
205228,167,121,228
205328,168,134,218
205428,167,126,216
205529,168,120,214
205630,167,135,221
205730,180,140,234
205830,188,151,239
205931,203,162,255
206031,225,170,289
206131,251,219,302
206231,271,230,326
206331,285,251,347
206431,297,245,351
206532,305,265,374
206633,330,281,375
206733,328,284,378
206833,327,268,379
206933,323,284,376
207033,324,293,380
207133,324,288,372
207233,319,273,372
207334,313,285,361
207434,312,278,365
207534,314,276,367
207635,314,267,369
207735,311,256,379
207836,310,258,356
207936,307,272,361
208036,306,279,367
208137,308,274,356
208237,309,257,368
208338,309,274,366
208438,304,271,355
208539,308,260,362
208639,304,269,357
208740,305,264,377
208841,306,271,376
208941,302,268,359
209041,306,256,367
209141,303,249,364
209241,308,269,370
209341,306,250,368
209442,305,272,370
209543,301,244,357
209644,302,262,354
209744,298,253,356
209844,298,255,361
209944,300,258,356
210045,302,271,358
210145,302,258,370
210245,299,263,361
210345,298,253,349
210445,296,256,353
210545,294,261,352
210646,296,260,358
210746,293,260,346
210846,286,244,337
210946,286,249,331
211047,287,250,341
211147,286,242,349
211248,285,238,336
211348,284,240,339
211449,288,258,331
211549,288,248,348
211649,290,256,352
211750,284,238,335
211850,290,255,339
211951,295,244,342
212051,298,252,361
212151,310,267,361
212251,324,292,381
212351,334,296,395
212451,348,310,407
212551,356,318,420
212651,358,311,405
212751,369,326,418
212851,364,328,427
212951,385,345,434
213051,383,337,449
213151,381,335,443
213252,380,331,432
213352,378,341,437
213452,380,346,447
213552,381,316,430
213652,379,353,434
213752,380,340,444
213852,377,336,435
213952,373,357,424
214053,373,330,428
214153,375,328,425
214253,375,324,427
214353,371,325,417
214453,368,331,419
214553,368,312,431
214654,366,298,418
214755,369,320,427
214855,367,337,422
214955,371,312,419
215055,369,321,415
215156,368,315,422
215256,370,341,429
215356,370,323,430
215456,369,307,422
215556,368,324,433
215657,367,332,425
215757,366,314,419
215857,369,335,422
215957,370,328,433
216057,372,323,426
216158,371,338,435
216258,370,343,427
216358,368,320,410
216458,368,318,418
216558,368,340,435
216658,368,333,424
216758,364,333,415
216859,366,327,418
216959,365,331,422
217060,361,319,413
217160,360,335,412
217261,356,325,418
217361,356,311,407
217461,355,320,403
217561,356,314,407
217661,356,312,408
217762,356,306,408
217863,357,317,421
217963,360,333,414
218064,368,331,416
218164,384,353,447
218264,397,350,442
218365,416,375,467
218465,436,390,490
218566,448,401,512
218666,457,419,515
218766,458,423,499
218866,450,424,505
218966,454,405,515
219066,455,412,535
219166,454,415,502
219266,452,395,512
219366,453,420,500
219466,451,409,520
219567,456,416,512
219668,451,405,500
219768,453,402,513
219868,457,415,516
219968,460,411,516
220068,457,436,516
220169,455,419,515
220270,456,410,512
220370,459,421,504
220471,460,413,525
220571,456,415,505
220671,457,428,500
220771,455,409,517
220871,463,400,516
220972,466,426,527
221073,462,419,500
221173,463,409,508
221274,460,414,740
221374,454,426,502
221474,458,422,514
221574,463,424,528
221675,462,431,513
221776,468,456,532
221876,471,429,515
221976,474,431,543
222076,470,422,542
222176,476,439,534
222276,471,425,531
222377,476,437,533
222477,476,439,535
222577,474,438,518
222678,475,421,523
222778,484,452,536
222879,484,444,533
222979,485,444,547
223080,479,443,541
223180,486,447,552
223280,503,455,554
223381,526,488,587
223482,555,514,610
223582,589,551,647
223682,595,547,636
223782,613,552,662
223882,592,552,652
223982,591,530,653
224082,587,548,643
224182,589,555,650
224283,591,552,641
224384,584,534,646
224484,588,574,639
224584,593,551,653
224685,593,568,644
224786,589,543,653
224887,592,537,645
224988,595,553,647
225088,601,580,649
225188,597,550,648
225288,598,571,653
225388,601,550,658
225488,602,571,654
225588,598,562,645
225688,604,570,662
225788,608,557,663
225888,605,569,655
225988,604,573,654
226088,601,563,659
226189,602,566,660
226289,603,567,658
226390,609,573,671
226490,611,581,660
226590,611,567,668
226690,610,566,656
226791,607,562,656
226892,613,578,660
226992,617,587,677
227092,615,565,679
227192,613,586,670
227292,614,573,679
227393,622,595,676
227493,622,591,681
227594,624,589,672
227694,630,563,685
227795,645,600,701
227896,654,606,708
227996,688,649,740
228096,714,665,759
228196,727,676,785
228296,763,714,821
228397,771,736,825
228498,789,766,847
228598,791,754,849
228699,743,711,794
228800,746,699,809
228901,744,690,791
229001,755,724,808
229101,759,714,812
229202,759,705,822
229302,740,698,795
229403,746,702,798
229504,746,707,801
229605,748,691,811
229706,747,710,802
229806,757,729,826
229907,750,710,810
230007,755,727,804
230108,771,743,820
230208,772,713,827
230308,771,733,838
230409,764,730,822
230509,768,741,822
230609,775,738,838
230709,777,735,833
230809,765,730,822
230909,765,717,825
231009,768,736,820
231109,776,729,833
231209,777,746,833
231309,772,731,831
231409,783,742,852
231509,812,787,864
231610,808,770,854
231711,815,766,872
231811,814,784,873
231912,808,770,872
232012,819,785,877
232113,827,784,880
232213,822,780,873
232313,820,787,879
232413,827,776,882
232514,828,786,876
232614,816,770,872
232715,809,764,859
232816,820,778,867
232916,814,776,871
233016,797,760,851
233116,810,750,859
233216,802,763,864
233316,808,766,860
233416,802,773,862
233516,802,769,851
233617,810,772,860
233718,796,764,857
233818,799,765,863
233918,819,758,866
234018,809,755,865
234118,815,771,871
234218,701,336,839
234318,383,208,1059
234418,114,72,1263
234518,3,0,33
234619,2,0,30
234719,1,0,27
234819,1,0,20
234920,0,0,22
235020,1,0,28
235121,1,0,36
235222,0,0,21
235323,1,0,28
235423,1,0,25
235524,1,0,18
235624,0,0,33
235725,1,0,15
235826,0,0,32
235926,0,0,32
236027,1,0,25
236127,1,0,33
236228,1,0,30
236328,1,0,23
236428,1,0,26
236529,1,0,37
236630,1,0,34
236730,1,0,32
236831,0,0,11
236932,1,0,32
237032,1,0,22
237133,1,0,24
237233,1,0,39
237333,0,0,25
237433,1,0,32
237533,0,0,37
237633,1,0,35
237733,1,0,37
237834,0,0,12
237934,1,0,25
238034,0,0,28
238134,1,0,27
238234,1,0,30
238334,1,0,18
238435,1,0,33
238536,1,0,29
238636,1,0,21
238737,1,0,39
238837,0,0,20
238937,0,0,29
239037,1,0,33
239137,1,0,25
239238,1,0,29
239338,1,0,38
239438,1,0,24
239539,1,0,25
239639,1,0,34
239739,1,0,19
239840,1,0,23
239940,1,0,33
240040,1,0,21
240140,1,0,34
240241,1,0,25
240341,1,0,33
240441,0,0,22
240541,1,0,23
240641,1,0,35
240741,1,0,31
240841,0,0,16
240941,0,0,25
241042,0,0,25
241143,0,0,26
241243,1,0,25
241344,1,0,31
241444,0,0,22
241544,0,0,20
241645,0,0,21
241745,0,0,25
241845,0,0,25
241945,0,0,28
242045,1,0,28
242145,1,0,31
242246,0,0,30
242346,1,0,27
242446,0,0,15
242546,0,0,23
242647,0,0,13
242747,0,0,25
242848,0,0,18
242948,0,0,19
243048,0,0,40
243149,0,0,16
243250,0,0,23
243351,0,0,30
243452,0,0,25
243553,1,0,39
243653,0,0,31
243753,0,0,29
243853,0,0,28
243953,0,0,23
244053,1,0,20
244154,1,0,33
244254,0,0,24
244355,0,0,15
244455,0,0,19
244556,0,0,35
244657,0,0,18
244757,0,0,26
244857,0,0,26
244957,0,0,22
245058,0,0,27
245158,0,0,23
245258,1,0,17
245359,0,0,22
245460,0,0,19
245561,1,0,20
245661,0,0,21
245762,0,0,21
245862,1,0,28
245962,0,0,25
246062,0,0,33
246162,0,0,16

Test 3:
343574,1,0,29
343674,1,0,22
343774,1,0,20
343874,1,0,24
343974,0,0,32
344074,0,0,16
344174,0,0,11
344274,1,0,23
344374,1,0,24
344474,0,0,37
344574,0,0,17
344675,1,0,28
344776,0,0,19
344876,1,0,46
344977,1,0,28
345078,1,0,20
345178,0,0,19
345279,1,0,19
345380,1,0,31
345480,0,0,20
345581,1,0,30
345682,1,0,25
345782,1,0,38
345882,1,0,34
345983,1,0,21
346084,1,0,28
346184,0,0,27
346284,1,0,27
346384,1,0,26
346485,0,0,14
346586,0,0,23
346686,1,0,26
346787,0,0,24
346887,0,0,21
346987,0,0,21
347087,0,0,9
347187,1,0,35
347288,1,0,28
347389,0,0,27
347490,0,0,21
347590,1,0,28
347690,1,0,35
347791,0,0,15
347892,1,0,32
347992,0,0,22
348093,0,0,37
348193,0,0,30
348293,1,0,26
348394,1,0,28
348494,1,0,37
348594,1,0,31
348694,0,0,27
348795,1,0,21
348895,1,0,19
348995,0,0,28
349095,1,0,31
349196,0,0,25
349297,0,0,17
349397,1,0,16
349498,1,0,27
349598,1,0,23
349699,1,0,22
349799,0,0,7
349899,1,0,36
349999,1,0,28
350100,1,0,27
350201,1,0,28
350301,0,0,30
350401,0,0,20
350501,0,0,20
350601,1,0,39
350702,1,0,31
350802,0,0,19
350903,1,0,17
351003,1,0,30
351103,1,0,42
351203,0,0,30
351303,1,0,30
351403,0,0,15
351504,1,0,20
351604,0,0,19
351705,1,0,25
351805,1,0,30
351905,1,0,26
352005,0,0,24
352106,2,0,24
352206,2,0,34
352306,2,0,31
352406,1,0,22
352507,2,0,35
352608,2,0,30
352708,1,0,24
352809,2,0,31
352910,2,0,26
353010,2,0,42
353110,2,0,14
353210,1,0,27
353310,2,0,28
353410,2,0,40
353511,1,0,43
353611,2,0,28
353712,1,0,16
353813,3,0,35
353914,2,0,33
354014,2,0,27
354114,2,0,27
354214,1,0,28
354315,2,0,33
354415,5,0,47
354516,16,0,43
354616,28,0,69
354716,42,10,87
354816,61,18,110
354917,74,37,123
355017,78,41,128
355118,76,47,128
355218,74,39,123
355318,77,42,129
355418,75,47,121
355519,71,41,119
355619,71,36,136
355719,70,36,121
355820,69,31,126
355920,70,32,134
356020,71,31,121
356120,71,9,124
356221,72,32,122
356321,71,48,130
356422,72,22,125
356522,71,46,130
356622,71,41,127
356722,71,39,125
356822,71,43,136
356922,69,42,116
357023,70,33,115
357124,74,42,131
357224,75,48,130
357325,78,39,136
357425,80,44,122
357525,77,45,122
357625,75,28,129
357725,77,47,127
357825,79,46,133
357925,78,45,119
358026,81,36,133
358127,81,44,137
358227,84,55,140
358328,82,35,125
358428,79,46,132
358528,78,34,133
358628,79,46,139
358728,77,43,133
358828,81,66,132
358928,83,41,136
359028,84,42,125
359129,86,35,140
359229,91,62,145
359329,95,60,137
359429,111,81,169
359529,135,106,184
359629,152,128,198
359729,172,131,231
359829,192,147,253
359929,198,185,249
360029,190,173,247
360129,187,144,254
360229,186,155,246
360329,181,135,242
360429,184,132,244
360529,182,146,241
360629,182,144,237
360730,179,139,234
360830,177,126,223
360931,175,141,226
361031,179,125,240
361131,179,147,239
361232,182,150,224
361332,181,135,226
361433,183,148,235
361533,184,135,241
361633,188,153,231
361733,189,152,245
361833,194,156,246
361933,198,173,258
362033,198,167,250
362133,197,174,248
362233,195,155,259
362333,197,161,248
362434,195,154,248
362534,195,151,259
362634,197,158,260
362734,200,163,251
362834,199,171,259
362934,202,155,254
363034,202,167,255
363134,202,161,257
363234,205,183,266
363334,208,174,264
363435,215,181,282
363536,217,173,272
363636,220,178,276
363736,233,166,302
363836,240,194,307
363936,250,203,310
364036,259,216,302
364136,264,211,320
364237,269,230,328
364337,277,228,341
364438,273,231,339
364539,273,248,325
364639,276,245,328
364739,272,225,330
364840,273,225,322
364941,271,210,325
365042,270,230,329
365142,265,238,310
365242,263,232,319
365342,270,233,318
365442,270,234,311
365542,272,235,314
365642,278,235,335
365742,278,238,325
365842,273,242,332
365943,272,222,332
366043,267,217,322
366143,268,226,321
366243,271,226,318
366344,271,231,329
366444,271,224,324
366545,269,219,313
366646,269,220,325
366746,266,230,311
366847,269,232,325
366947,268,219,322
367047,270,231,333
367148,273,231,317
367248,276,221,335
367348,279,223,343
367448,282,261,329
367548,281,239,340
367648,280,221,345
367748,282,243,337
367848,287,233,343
367948,287,244,353
368048,287,240,354
368149,292,260,342
368249,297,258,348
368349,306,263,354
368449,315,289,363
368550,329,295,387
368650,339,296,381
368750,347,306,394
368851,360,322,426
368951,364,329,415
369051,368,333,419
369151,389,340,434
369252,384,335,443
369352,382,341,431
369452,380,336,441
369553,376,335,420
369653,376,322,434
369754,375,340,423
369854,371,345,425
369955,366,325,416
370055,369,328,417
370155,363,320,418
370255,360,315,411
370355,364,324,415
370455,367,334,424
370556,361,306,415
370656,362,321,420
370756,364,329,418
370856,365,330,423
370957,364,305,416
371057,366,336,432
371158,365,333,431
371258,366,324,419
371358,366,325,428
371458,367,335,414
371558,365,330,437
371658,362,312,427
371758,361,324,423
371859,365,338,427
371959,365,325,423
372060,362,321,427
372160,359,318,410
372261,359,335,419
372361,363,325,415
372461,377,338,437
372562,385,341,428
372662,397,353,448
372763,412,375,461
372863,419,397,472
372964,427,393,489
373065,442,399,490
373166,447,393,498
373266,446,416,496
373366,467,445,516
373466,464,427,517
373567,463,441,520
373667,462,410,521
373767,458,414,518
373868,457,413,502
373968,453,407,503
374068,453,418,501
374169,455,419,505
374269,455,429,516
374369,451,406,511
374469,455,412,509
374569,451,408,507
374669,452,406,510
374770,450,410,499
374871,450,408,504
374971,449,417,502
375072,454,403,511
375173,454,419,509
375273,451,406,514
375373,446,419,512
375473,446,402,493
375573,443,389,507
375674,445,401,502
375775,442,396,508
375876,444,426,491
375977,445,410,501
376077,448,411,519
376177,446,417,498
376277,449,408,497
376377,448,429,498
376477,450,409,505
376577,451,392,505
376677,447,412,515
376777,447,398,504
376878,447,400,504
376978,447,397,498
377079,451,421,502
377180,446,390,496
377280,444,409,502
377381,442,400,513
377481,447,396,501
377582,445,403,498
377682,440,416,494
377782,436,401,500
377882,434,413,482
377982,437,402,502
378082,437,400,497
378182,439,418,493
378282,439,400,492
378383,450,423,505
378483,473,425,524
378583,510,470,550
378684,553,524,615
378785,574,525,624
378885,591,547,635
378985,608,574,670
379086,607,550,665
379186,602,567,657
379286,598,552,663
379386,589,546,648
379487,587,553,638
379588,590,536,638
379689,585,521,643
379789,584,531,632
379890,584,533,633
379990,586,557,640
380090,586,557,642
380190,584,540,638
380290,581,534,631
380390,586,562,630
380490,588,545,648
380591,589,551,626
380692,587,546,644
380792,589,547,651
380893,588,548,635
380994,585,553,651
381095,589,542,645
381195,586,550,654
381295,585,533,637
381396,586,546,649
381496,585,539,639
381596,585,556,632
381697,582,542,654
381797,588,544,658
381897,588,551,640
381997,590,546,650
382098,588,553,630
382198,592,543,649
382299,595,553,649
382400,594,550,665
382501,590,554,646
382602,590,538,647
382703,588,529,637
382803,591,557,643
382903,590,545,642
383003,585,539,636
383104,579,549,631
383204,589,540,642
383304,584,544,641
383404,583,542,649
383504,590,556,645
383604,594,544,647
383704,604,561,656
383805,623,594,676
383905,636,596,689
384005,659,611,713
384106,683,652,740
384206,699,670,757
384306,708,671,774
384407,715,669,781
384507,721,686,771
384607,770,724,831
384708,782,757,839
384808,798,760,848
384908,783,750,836
385009,759,715,818
385110,771,738,822
385211,741,702,805
385312,745,709,792
385413,750,736,816
385513,746,714,808
385614,752,703,807
385715,751,714,814
385816,751,714,804
385916,757,722,805
386016,757,706,804
386116,756,723,819
386217,755,720,810
386318,750,709,797
386418,751,729,811
386518,741,689,801
386619,757,704,816
386719,754,722,803
386819,746,705,793
386920,737,701,782
387020,701,660,752
387120,708,661,759
387221,703,662,751
387321,703,660,747
387422,700,675,748
387523,714,674,772
387623,732,695,811
387723,748,702,804
387823,719,683,783
387923,733,701,789
388023,748,693,817
388124,730,703,789
388224,710,680,761
388325,714,683,774
388426,704,671,761
388526,715,667,772
388626,718,665,779
388727,710,660,766
388827,711,659,780
388927,702,657,756
389027,676,636,724
389128,664,614,723
389229,571,276,684
389329,312,180,863
389429,93,59,1029
389529,3,0,41
389629,2,0,32
389729,1,0,12
389829,1,0,24
389930,1,0,17
390030,1,0,25
390130,1,0,28
390230,1,0,21
390330,1,0,31
390431,1,0,20
390532,1,0,29
390632,1,0,18
390732,1,0,25
390832,0,0,26
390932,1,0,25
391032,1,0,29
391133,1,0,12
391233,1,0,28
391333,1,0,33
391434,1,0,26
391534,1,0,30
391635,1,0,26
391735,1,0,25
391836,1,0,35
391936,1,0,33
392036,1,0,22
392136,1,0,36
392236,1,0,29
392336,1,0,30
392437,1,0,25
392538,1,0,13
392638,1,0,32
392738,1,0,29
392838,1,0,29
392939,0,0,30
393039,0,0,29
393140,1,0,24
393240,0,0,27
393341,1,0,22
393441,1,0,26
393541,1,0,33
393641,1,0,30
393741,1,0,21
393841,0,0,21
393941,0,0,24
394041,0,0,18
394141,0,0,16
394241,0,0,21
394342,0,0,25
394443,0,0,24
394543,0,0,34
394644,0,0,26
394744,0,0,35
394844,0,0,34
394944,1,0,30
395045,0,0,41
395145,0,0,22
395246,0,0,24
395346,1,0,23
395446,0,0,33
395546,0,0,20
395646,0,0,15
395746,0,0,13
395846,1,0,23
395946,0,0,25
396047,0,0,28
396147,0,0,24
396247,0,0,32
396347,1,0,32
396447,0,0,17
396548,1,0,36
396648,0,0,19
396748,0,0,25
396849,1,0,23
396949,0,0,20
397049,0,0,23
397150,0,0,21
397250,0,0,19
397350,1,0,23
397451,0,0,36
397551,0,0,35
397651,0,0,18
397751,0,0,25
397851,0,0,26
397952,0,0,26
398053,0,0,32
398153,0,0,25
398253,0,0,16

Test 4:
519443,2,2,2
519544,1,0,31
519645,1,0,35
519745,1,0,37
519845,1,0,28
519945,1,0,26
520046,1,0,31
520146,0,0,25
520246,1,0,22
520346,1,0,31
520447,1,0,26
520547,0,0,20
520647,1,0,33
520748,1,0,33
520849,0,0,20
520950,1,0,32
521050,0,0,27
521151,1,0,23
521251,1,0,37
521352,1,0,30
521452,1,0,22
521552,1,0,27
521652,1,0,27
521752,1,0,34
521852,1,0,20
521952,1,0,34
522053,0,0,24
522153,0,0,25
522254,1,0,27
522354,1,0,16
522454,1,0,25
522554,1,0,25
522654,0,0,20
522754,1,0,28
522855,1,0,25
522955,1,0,26
523055,1,0,22
523155,0,0,34
523255,1,0,23
523355,1,0,18
523455,1,0,21
523555,1,0,22
523655,1,0,30
523756,1,0,25
523856,1,0,22
523957,1,0,27
524057,1,0,32
524158,1,0,33
524259,1,0,14
524359,1,0,33
524459,1,0,46
524559,0,0,18
524659,0,0,32
524759,1,0,26
524859,1,0,28
524959,1,0,20
525059,1,0,25
525159,1,0,20
525260,1,0,13
525360,1,0,24
525460,1,0,27
525560,1,0,23
525660,1,0,30
525760,1,0,18
525860,0,0,20
525960,1,0,40
526060,1,0,31
526161,0,0,30
526261,0,0,23
526361,0,0,16
526462,1,0,22
526562,1,0,25
526662,1,0,17
526762,1,0,20
526862,0,0,21
526963,1,0,22
527064,1,0,35
527164,0,0,20
527264,0,0,18
527364,0,0,38
527464,1,0,38
527564,1,0,24
527664,0,0,9
527765,1,0,18
527865,1,0,28
527965,1,0,20
528065,1,0,24
528166,1,0,37
528266,0,0,27
528366,0,0,25
528467,1,0,29
528567,1,0,16
528667,1,0,21
528768,0,0,27
528868,1,0,26
528969,1,0,32
529069,1,0,36
529169,1,0,37
529269,0,0,10
529369,1,0,26
529469,1,0,30
529569,1,0,25
529669,2,0,34
529769,1,0,24
529870,2,0,24
529970,2,0,33
530071,1,0,15
530172,0,0,39
530273,1,0,27
530374,2,0,28
530474,2,0,33
530575,1,0,32
530675,2,0,21
530775,2,0,21
530875,2,0,27
530975,2,0,24
531075,3,0,23
531175,1,0,26
531276,1,0,18
531376,1,0,43
531476,2,0,34
531577,3,0,38
531677,1,0,24
531777,1,0,26
531877,3,0,26
531977,0,0,22
532077,3,0,31
532177,0,0,30
532277,2,0,28
532377,1,0,36
532478,1,0,31
532579,2,0,23
532679,1,0,16
532780,2,0,31
532880,3,0,34
532980,1,0,25
533080,2,0,25
533180,2,0,20
533280,2,0,31
533380,2,0,46
533480,1,0,29
533580,2,0,33
533680,1,0,32
533781,0,0,25
533881,3,0,26
533981,1,0,17
534081,0,0,23
534181,5,0,37
534282,14,0,54
534383,25,0,66
534484,32,0,82
534584,44,13,105
534684,48,20,113
534784,61,29,109
534885,64,21,139
534985,68,23,121
535086,79,40,132
535186,83,43,123
535286,86,62,136
535387,83,40,129
535487,80,40,126
535588,79,44,132
535689,74,40,137
535789,72,35,123
535889,73,32,127
535990,73,43,135
536090,70,33,116
536191,71,42,117
536292,72,24,115
536392,74,20,129
536492,73,26,128
536592,72,37,116
536692,74,58,115
536792,72,57,113
536892,71,15,126
536992,75,43,136
537093,74,42,116
537194,77,49,133
537294,76,39,127
537394,78,33,131
537494,80,53,129
537594,78,39,133
537694,80,35,144
537794,79,29,136
537894,80,31,141
537994,81,50,132
538094,83,45,136
538194,84,36,138
538294,84,47,143
538394,83,47,139
538495,85,41,140
538596,93,47,148
538697,99,75,147
538797,114,82,166
538897,124,82,173
538997,139,98,197
539097,151,112,211
539197,167,132,228
539297,170,136,230
539397,180,149,233
539498,194,160,249
539598,196,160,253
539698,212,165,265
539798,209,168,262
539898,210,182,271
539999,215,180,272
540100,212,177,265
540200,211,161,269
540300,208,159,257
540400,210,155,261
540500,208,167,267
540600,203,163,245
540700,201,157,248
540800,201,158,267
540901,203,144,265
541001,199,154,250
541102,194,160,253
541202,195,151,248
541302,198,150,252
541402,197,150,250
541503,195,170,250
541603,197,160,242
541703,196,155,249
541803,193,145,272
541903,194,146,251
542003,198,154,252
542103,200,159,250
542203,194,155,253
542303,193,162,243
542403,193,147,245
542503,197,156,254
542603,196,155,269
542703,191,145,250
542803,185,129,236
542904,185,145,232
543004,186,140,236
543104,187,143,243
543204,186,150,245
543304,185,133,246
543404,190,148,233
543505,198,177,269
543605,211,176,266
543705,227,187,271
543806,240,201,307
543907,245,204,309
544007,252,213,303
544107,238,192,286
544208,234,200,289
544308,232,198,276
544409,235,189,284
544509,237,195,277
544610,235,195,281
544710,233,194,298
544810,236,196,288
544910,239,202,290
545011,241,214,311
545111,241,193,304
545211,242,197,297
545312,245,201,305
545413,244,217,290
545513,245,217,298
545613,247,211,306
545713,248,219,305
545814,244,206,288
545914,243,200,300
546015,249,203,317
546116,251,221,299
546216,254,218,305
546316,253,206,302
546416,252,215,301
546516,250,209,306
546616,247,209,295
546716,250,216,310
546817,251,223,318
546917,258,230,304
547017,261,214,313
547118,257,213,325
547219,255,207,313
547319,257,224,319
547419,260,206,316
547519,258,210,300
547619,259,212,322
547720,255,222,295
547820,255,227,317
547920,257,202,309
548020,258,208,303
548121,256,232,314
548221,255,223,300
548321,256,223,307
548422,259,220,321
548522,261,223,308
548622,260,217,306
548722,261,219,322
548822,260,221,325
548922,257,219,314
549022,257,213,319
549122,265,218,319
549223,271,234,324
549324,273,226,315
549424,280,237,341
549524,290,244,355
549624,298,255,349
549725,310,279,365
549826,319,270,375
549927,337,301,400
550027,341,302,396
550127,349,293,398
550228,360,313,411
550328,361,309,412
550428,361,306,426
550528,359,321,412
550628,359,318,410
550728,358,309,409
550828,358,314,408
550928,362,323,414
551028,364,314,426
551128,361,333,416
551228,361,313,417
551329,362,342,416
551429,359,324,418
551530,351,306,408
551630,354,321,398
551731,355,298,403
551831,353,314,404
551931,348,294,407
552031,351,306,409
552132,349,289,408
552232,351,302,414
552333,351,301,414
552433,349,292,408
552533,351,325,410
552633,353,332,403
552734,351,313,407
552834,347,295,408
552934,345,306,407
553034,344,303,397
553134,346,310,389
553234,353,325,414
553335,358,325,408
553435,357,326,407
553536,357,316,423
553636,358,314,425
553736,359,315,412
553836,363,321,418
553936,363,323,412
554036,364,315,420
554136,366,331,420
554236,369,334,429
554337,367,333,438
554437,366,315,407
554537,363,327,420
554637,361,325,413
554737,365,317,421
554838,365,321,415
554938,369,342,416
555038,364,325,411
555138,374,325,427
555238,376,329,444
555339,402,363,456
555439,421,389,475
555539,441,406,489
555639,465,447,513
555739,471,433,512
555839,479,429,531
555939,482,445,538
556039,485,460,550
556139,483,432,546
556240,481,434,535
556341,486,443,548
556441,478,432,528
556541,475,422,516
556642,477,449,539
556743,486,447,540
556843,481,449,543
556943,480,436,541
557044,486,456,531
557144,483,448,550
557245,487,438,548
557345,488,454,543
557446,485,443,537
557546,490,459,540
557646,496,457,552
557747,495,456,558
557847,488,445,547
557947,484,433,543
558048,482,462,537
558148,479,441,535
558248,477,428,535
558349,477,436,513
558450,480,437,530
558550,480,427,541
558650,486,429,539
558750,489,444,536
558851,483,451,550
558951,484,465,542
559051,486,459,537
559152,488,454,538
559252,484,449,540
559353,489,449,540
559454,485,460,545
559555,485,441,541
559655,477,427,540
559755,477,433,544
559855,475,442,534
559955,479,438,540
560055,474,435,523
560155,469,427,542
560255,467,440,527
560356,474,418,541
560457,476,422,547
560557,500,478,567
560657,533,487,592
560757,574,536,624
560857,600,567,667
560958,625,580,675
561058,633,581,680
561158,656,611,713
561258,659,613,710
561358,658,620,714
561459,658,620,715
561560,657,616,718
561661,654,623,711
561761,655,602,714
561861,650,604,716
561962,645,606,693
562062,640,603,693
562162,639,602,687
562262,638,595,698
562363,633,592,679
562463,633,583,702
562563,633,600,688
562663,628,579,686
562763,630,599,687
562863,624,576,679
562963,619,581,686
563063,625,588,674
563164,626,603,676
563265,621,583,675
563365,622,569,682
563466,625,583,691
563566,622,574,674
563666,622,589,671
563766,622,567,674
563867,618,575,672
563967,614,572,676
564067,610,560,671
564167,613,566,676
564268,622,592,676
564368,624,588,682
564468,642,601,710
564568,669,641,730
564668,689,654,744
564768,714,672,771
564868,726,694,783
564968,749,702,815
565068,765,735,830
565169,784,735,840
565270,784,743,840
565370,802,752,855
565471,787,751,837
565572,777,739,842
565673,783,750,843
565773,793,766,858
565874,781,746,851
565975,799,776,858
566075,804,766,856
566175,820,773,879
566276,817,778,872
566377,816,758,874
566478,808,758,866
566579,810,781,861
566680,813,771,861
566781,806,764,866
566881,770,728,826
566982,785,749,844
567083,780,725,834
567183,778,744,831
567283,786,752,842
567383,805,768,850
567483,786,748,840
567584,777,741,835
567685,789,763,843
567785,790,767,842
567886,803,771,863
567986,782,730,827
568086,822,778,886
568187,800,750,875
568287,824,789,889
568387,821,790,871
568488,833,791,883
568588,820,782,882
568688,845,799,901
568788,845,804,897
568888,837,785,895
568988,837,786,892
569088,719,488,861
569188,393,238,1087
569288,117,42,1297
569388,3,0,30
569488,2,0,35
569589,1,0,29
569690,1,0,18
569790,1,0,25
569891,1,0,36
569991,1,0,32
570091,0,0,28
570192,1,0,27
570292,1,0,27
570392,1,0,30
570492,1,0,23
570592,1,0,23
570692,1,0,23
570792,1,0,15
570893,1,0,35
570993,1,0,38
571093,1,0,35
571194,1,0,34
571294,1,0,18
571395,1,0,29
571495,1,0,34
571595,1,0,24
571696,1,0,21
571797,0,0,20
571897,1,0,37
571997,1,0,35
572097,1,0,21
572197,1,0,30
572297,1,0,26
572397,1,0,24
572498,1,0,22
572598,1,0,33
572698,1,0,33
572798,1,0,33
572899,1,0,36
573000,1,0,19
573101,1,0,29
573201,1,0,30
573301,1,0,30
573401,1,0,20
573502,1,0,33
573602,1,0,30
573702,1,0,32
573803,1,0,19
573903,1,0,23
574003,1,0,35
574104,1,0,25
574205,1,0,39
574305,1,0,19
574406,1,0,31
574506,0,0,27
574607,0,0,29
574707,1,0,21
574808,1,0,33
574908,1,0,36
575008,1,0,30
575108,1,0,19
575208,0,0,28
575309,0,0,17
575409,0,0,28
575509,0,0,28
575609,0,0,22
575709,0,0,18
575809,0,0,23
575909,0,0,24
576009,1,0,25
576109,0,0,19
576209,1,0,24
576309,0,0,25
576409,0,0,26
576509,0,0,21
576609,0,0,21
576710,0,0,24
576810,1,0,29
576910,0,0,28
577010,1,0,28
577111,0,0,20
577212,0,0,16
577312,0,0,20
577412,1,0,29
577512,0,0,21
577613,1,0,25
577713,0,0,23
577813,0,0,23
577913,0,0,18
578013,0,0,28
578113,0,0,27
578213,0,0,26
578314,0,0,18
578414,0,0,26
578514,0,0,30
578615,0,0,24
578715,0,0,26
578815,1,0,32
578915,1,0,22
579015,0,0,15
579115,0,0,30
579215,0,0,23
579315,0,0,28
579415,0,0,19
579515,0,0,21
579615,0,0,22
579716,0,0,27
579817,0,0,29
579917,0,0,12
580017,0,0,16
580117,0,0,24
580217,0,0,18
580318,0,0,21
580418,0,0,15
580519,0,0,23
580620,0,0,24
580721,0,0,18
580821,1,0,25

Test 5:
701760,1,0,20
701861,1,0,20
701961,1,0,29
702061,0,0,24
702162,0,0,29
702262,1,0,26
702362,1,0,22
702462,0,0,25
702563,1,0,26
702663,1,0,16
702763,0,0,20
702864,0,0,22
702964,0,0,26
703065,1,0,18
703166,1,0,31
703266,0,0,39
703366,0,0,24
703467,0,0,13
703567,1,0,23
703667,1,0,26
703768,1,0,22
703869,0,0,21
703969,0,0,41
704069,1,0,35
704169,0,0,26
704269,1,0,29
704369,0,0,33
704469,1,0,27
704569,1,0,30
704670,1,0,17
704770,0,0,33
704870,1,0,28
704970,1,0,23
705070,1,0,27
705170,0,0,7
705270,0,0,27
705370,0,0,18
705470,0,0,14
705571,1,0,24
705671,1,0,21
705772,1,0,26
705873,0,0,15
705974,1,0,42
706074,1,0,21
706174,1,0,28
706275,0,0,13
706376,1,0,30
706476,0,0,21
706576,1,0,22
706676,0,0,23
706777,0,0,30
706877,1,0,29
706977,0,0,25
707077,1,0,38
707177,0,0,23
707277,0,0,10
707378,1,0,21
707478,1,0,22
707578,1,0,43
707678,0,0,34
707779,0,0,26
707879,1,0,28
707980,1,0,22
708080,1,0,32
708180,0,0,30
708281,1,0,18
708381,1,0,31
708481,0,0,31
708581,1,0,30
708682,0,0,23
708782,0,0,21
708882,1,0,27
708982,0,0,11
709082,0,0,25
709182,1,0,22
709282,0,0,24
709382,1,0,14
709482,0,0,22
709582,0,0,30
709682,1,0,28
709782,1,0,18
709883,1,0,38
709983,1,0,17
710083,0,0,25
710183,1,0,19
710283,1,0,21
710383,1,0,27
710484,0,0,24
710585,0,0,15
710685,0,0,22
710786,1,0,28
710887,1,0,22
710988,1,0,16
711089,1,0,25
711190,1,0,30
711291,0,0,25
711391,0,0,27
711491,0,0,27
711591,1,0,28
711692,1,0,28
711793,1,0,27
711893,1,0,14
711993,0,0,27
712093,0,0,9
712193,0,0,26
712293,3,0,36
712393,4,0,43
712494,2,0,29
712594,2,0,36
712695,3,0,27
712796,2,0,31
712896,3,0,32
712996,2,0,40
713096,2,0,32
713196,2,0,38
713297,2,0,31
713398,2,0,37
713498,3,0,35
713598,3,0,40
713698,2,0,29
713798,2,0,29
713898,2,0,31
713998,2,0,16
714098,3,0,41
714198,4,0,26
714299,2,0,23
714399,3,0,34
714499,3,0,38
714599,3,0,41
714700,2,0,29
714801,3,0,33
714902,2,0,34
715002,3,0,49
715102,3,0,29
715202,3,0,40
715302,3,0,33
715402,3,0,25
715502,2,0,39
715603,3,0,52
715703,3,0,45
715803,3,0,25
715903,2,0,35
716003,3,0,43
716103,3,0,32
716203,2,0,33
716304,2,0,34
716404,3,0,42
716504,3,0,27
716604,3,0,27
716704,2,0,25
716804,9,0,38
716904,18,0,66
717004,30,0,75
717104,38,2,87
717204,50,14,114
717305,61,33,107
717406,70,33,119
717506,69,23,123
717607,73,27,119
717707,72,28,123
717807,74,51,119
717907,72,27,124
718007,71,46,117
718107,72,31,122
718208,73,34,117
718309,75,41,125
718409,76,41,122
718509,79,43,132
718610,79,41,129
718711,81,66,131
718812,79,41,129
718912,78,31,135
719013,79,39,129
719113,78,52,126
719213,80,35,134
719313,81,37,142
719414,79,19,122
719514,78,32,134
719615,77,39,124
719715,78,36,133
719816,78,44,141
719917,81,26,134
720017,81,39,129
720117,83,66,132
720217,84,55,136
720317,85,58,137
720417,83,36,135
720517,83,45,136
720617,84,46,134
720718,86,59,139
720818,85,50,136
720918,84,58,133
721019,83,50,142
721119,81,47,131
721219,84,40,137
721319,86,56,139
721420,87,56,134
721520,85,48,126
721621,96,59,143
721721,103,64,155
721821,113,84,157
721921,129,102,169
722021,142,128,200
722121,152,118,212
722221,167,137,217
722321,179,133,234
722421,186,157,247
722521,187,153,239
722621,171,141,212
722721,173,125,236
722821,175,132,226
722921,178,140,243
723021,174,122,240
723121,175,131,228
723221,175,124,221
723322,174,123,216
723422,177,135,231
723522,176,137,224
723622,180,134,236
723722,181,145,228
723823,181,149,243
723923,186,142,249
724024,188,149,239
724124,188,153,245
724224,189,142,244
724324,192,153,264
724425,191,146,257
724525,188,148,239
724626,189,147,243
724726,188,151,243
724827,187,142,240
724927,186,138,240
725028,186,139,243
725128,185,143,234
725228,192,158,233
725329,192,158,237
725429,189,158,240
725529,186,153,245
725629,186,140,239
725730,189,163,244
725830,188,144,248
725930,188,162,237
726030,189,147,238
726131,190,142,257
726232,191,159,238
726332,189,145,252
726433,190,136,242
726533,192,142,245
726633,191,151,243
726733,192,154,246
726833,194,163,247
726933,194,154,257
727033,195,145,244
727134,198,150,254
727235,199,152,256
727335,199,151,246
727435,198,155,259
727535,194,165,244
727636,191,153,236
727736,192,165,239
727836,192,140,255
727936,194,149,248
728037,194,170,262
728138,197,163,248
728238,199,166,254
728339,203,179,257
728439,206,169,263
728539,211,180,260
728639,215,150,280
728739,220,178,277
728840,224,181,292
728940,225,188,274
729041,227,206,281
729141,234,188,298
729241,230,187,289
729342,221,173,274
729442,234,191,281
729542,234,183,296
729642,236,185,290
729742,230,206,298
729842,229,188,300
729943,230,194,282
730044,226,189,295
730145,223,181,270
730245,214,171,263
730346,206,159,263
730446,211,170,267
730547,210,177,264
730647,209,156,263
730747,217,173,272
730847,222,179,289
730947,223,180,271
731047,233,196,296
731148,231,198,289
731248,238,192,290
731348,242,202,296
731448,239,192,288
731548,237,191,307
731649,239,198,287
731750,241,200,286
731850,245,210,292
731951,243,201,304
732051,245,207,302
732151,237,194,284
732251,231,181,286
732352,229,206,302
732453,232,188,281
732553,226,173,283
732653,228,194,280
732754,253,210,309
732854,259,209,318
732954,284,250,332
733054,304,260,369
733154,312,268,382
733254,320,273,375
733354,339,292,390
733454,339,298,387
733555,330,293,382
733656,322,289,371
733757,320,284,373
733857,324,281,371
733958,322,287,380
734059,322,284,378
734159,326,295,380
734259,321,279,365
734359,327,287,397
734460,327,285,387
734560,323,280,379
734660,331,285,388
734760,332,279,387
734860,333,288,383
734961,339,293,387
735061,340,288,387
735161,342,292,403
735262,342,297,407
735362,339,292,397
735462,339,307,404
735563,334,297,382
735663,340,304,398
735764,336,291,393
735864,336,282,398
735964,334,281,381
736065,338,300,394
736165,337,306,404
736265,342,291,401
736366,348,306,417
736467,354,307,411
736567,370,313,419
736667,388,360,445
736767,409,371,463
736867,425,383,475
736967,442,388,489
737067,452,420,506
737167,461,410,511
737267,451,398,498
737367,455,408,501
737467,448,390,510
737568,450,385,508
737669,446,405,504
737769,446,413,503
737869,443,406,500
737969,446,405,504
738070,446,409,503
738170,445,408,495
738271,444,399,492
738372,445,388,486
738472,445,419,517
738572,449,416,506
738672,453,413,510
738772,455,407,517
738872,455,428,512
738973,461,407,518
739073,455,427,502
739173,458,421,526
739273,464,413,525
739373,463,423,514
739473,465,429,509
739573,465,424,517
739673,466,435,529
739773,463,413,522
739873,465,423,524
739973,470,435,536
740073,469,421,520
740173,471,433,526
740273,471,422,516
740374,475,447,548
740474,486,438,537
740574,494,470,549
740674,515,474,559
740774,537,483,591
740874,554,515,617
740975,576,535,640
741075,589,546,639
741176,608,558,654
741277,619,577,675
741378,624,589,675
741478,632,603,693
741579,634,600,686
741680,633,606,691
741780,627,593,688
741880,629,590,685
741981,629,590,697
742081,625,592,675
742181,624,585,690
742281,623,588,677
742381,629,590,685
742481,622,581,694
742581,623,594,689
742682,619,582,669
742782,618,554,674
742883,631,600,696
742984,635,593,686
743084,625,576,683
743184,629,579,685
743285,616,578,681
743386,613,566,663
743487,608,557,656
743588,604,566,661
743688,607,567,655
743789,610,567,658
743889,611,573,670
743990,615,564,670
744090,609,574,668
744190,609,575,664
744290,610,573,674
744391,600,570,650
744491,607,568,666
744592,607,554,664
744693,610,571,664
744793,601,558,658
744894,604,566,655
744994,603,554,660
745094,607,566,655
745194,614,572,671
745295,613,569,666
745395,614,577,677
745495,621,593,680
745595,620,573,676
745696,622,585,672
745797,613,565,674
745897,609,565,672
745997,615,569,673
746097,616,569,671
746197,622,582,681
746298,620,580,677
746398,628,587,686
746498,628,594,682
746598,651,598,696
746699,668,626,728
746799,682,647,733
746899,704,660,764
746999,727,683,786
747099,754,704,823
747199,778,727,831
747299,790,752,848
747400,800,767,846
747500,807,757,862
747601,867,817,928
747701,878,843,934
747801,866,832,926
747901,866,839,922
748002,846,806,916
748102,847,807,904
748203,857,806,927
748303,845,807,893
748403,850,805,900
748503,855,815,911
748603,864,814,916
748704,859,810,910
748805,846,791,899
748905,843,794,899
749005,842,808,891
749105,822,796,877
749205,829,785,874
749305,832,792,897
749405,812,787,870
749505,819,801,878
749605,804,770,860
749705,821,777,874
749805,830,787,884
749905,845,801,918
750006,842,793,896
750106,852,819,904
750206,849,819,899
750307,846,808,907
750407,817,768,873
750507,790,748,845
750608,789,761,843
750708,787,744,835
750808,779,737,838
750908,777,735,843
751009,757,730,825
751109,745,709,801
751209,749,726,798
751309,762,724,825
751409,772,738,820
751509,765,717,816
751609,778,726,833
751709,760,715,822
751809,746,702,796
751909,754,711,808
752009,761,722,816
752110,772,716,822
752210,764,726,825
752311,748,712,799
752412,762,721,824
752513,738,705,795
752613,634,261,759
752713,346,127,958
752813,103,43,1143
752913,3,0,30
753014,2,0,25
753114,1,0,29
753214,1,0,23
753314,0,0,25
753415,1,0,18
753516,1,0,37
753616,1,0,25
753716,1,0,36
753816,0,0,36
753917,1,0,15
754017,1,0,24
754118,1,0,19
754218,1,0,20
754318,1,0,25
754418,1,0,13
754518,1,0,31
754618,1,0,21
754718,1,0,24
754818,1,0,20
754918,0,0,32
755018,1,0,22
755119,0,0,27
755219,1,0,38
755319,1,0,28
755419,1,0,23
755520,1,0,38
755621,0,0,27
755721,1,0,21
755821,1,0,22
755922,1,0,33
756022,1,0,23
756122,1,0,29
756223,1,0,28
756323,1,0,31
756424,1,0,31
756524,1,0,22
756624,1,0,25
756724,1,0,29
756824,1,0,20
756924,1,0,33
757025,1,0,18
757125,1,0,22
757225,1,0,17
757325,1,0,27
757426,0,0,38
757527,0,0,25
757627,0,0,15
757728,0,0,20
757828,1,0,32
757929,0,0,32
758029,0,0,20
758129,0,0,14
758230,1,0,23
758330,0,0,24
758430,0,0,20
758530,0,0,25
758631,1,0,28
758731,1,0,27
758831,1,0,28
758931,0,0,28
759032,0,0,22
759133,1,0,29
759234,0,0,14
759335,0,0,38
759436,0,0,27
759537,1,0,26
759638,0,0,14
759738,0,0,15
759838,0,0,16
759938,0,0,22
760038,1,0,28
760138,0,0,15
760238,0,0,35
760339,0,0,26
760439,0,0,20
760539,1,0,24
760639,0,0,28
760739,0,0,23
760840,1,0,27
760940,0,0,34
761041,0,0,15
761141,0,0,28
761241,1,0,20
761341,0,0,22
761442,0,0,24
761543,1,0,25
761644,0,0,23
761744,0,0,18
761844,0,0,22
761944,0,0,25
762045,0,0,25
762146,0,0,22

Test 6:
933790,2,2,2
933891,0,0,19
933991,0,0,15
934091,0,0,22
934192,0,0,25
934292,0,0,25
934392,0,0,20
934492,0,0,27
934592,0,0,26
934692,0,0,29
934793,0,0,30
934894,0,0,23
934994,0,0,28
935094,0,0,22
935194,0,0,23
935294,0,0,18
935394,0,0,24
935494,0,0,32
935594,0,0,20
935694,0,0,25
935794,0,0,29
935895,0,0,27
935995,0,0,19
936095,0,0,16
936195,0,0,25
936295,0,0,26
936395,0,0,17
936495,0,0,24
936595,0,0,20
936695,0,0,14
936795,0,0,25
936895,0,0,20
936995,0,0,29
937095,0,0,17
937196,0,0,26
937296,0,0,22
937396,0,0,16
937497,0,0,12
937597,0,0,29
937697,0,0,24
937798,0,0,19
937898,0,0,14
937998,0,0,33
938098,0,0,22
938199,0,0,16
938299,0,0,22
938399,0,0,10
938500,0,0,12
938600,0,0,22
938700,0,0,21
938801,0,0,37
938901,0,0,26
939001,0,0,21
939101,1,0,27
939201,0,0,35
939302,0,0,19
939402,0,0,27
939503,0,0,22
939603,0,0,20
939703,0,0,25
939804,0,0,38
939904,0,0,30
940005,0,0,21
940105,0,0,22
940205,0,0,31
940305,0,0,15
940405,0,0,26
940505,0,0,27
940605,0,0,25
940705,0,0,27
940805,0,0,33
940905,0,0,19
941005,0,0,22
941106,0,0,15
941206,0,0,43
941306,0,0,13
941406,1,0,26
941506,0,0,13
941606,0,0,17
941706,0,0,28
941806,0,0,30
941906,0,0,31
942006,0,0,27
942106,0,0,31
942206,0,0,33
942307,0,0,16
942408,0,0,19
942508,0,0,23
942608,0,0,22
942708,0,0,22
942808,0,0,15
942908,0,0,26
943008,0,0,23
943108,1,0,19
943209,0,0,22
943310,0,0,35
943410,0,0,29
943510,0,0,34
943610,0,0,26
943711,0,0,36
943812,0,0,23
943913,0,0,22
944013,0,0,20
944113,0,0,28
944214,0,0,27
944314,0,0,37
944414,0,0,28
944515,0,0,14
944615,0,0,15
944715,0,0,23
944815,0,0,29
944915,0,0,37
945015,0,0,29
945116,0,0,31
945217,0,0,25
945317,0,0,20
945417,0,0,24
945518,0,0,33
945618,0,0,22
945719,0,0,37
945819,0,0,22
945920,1,0,24
946020,2,0,42
946120,3,0,22
946220,0,0,23
946320,2,0,32
946420,1,0,28
946520,2,0,21
946620,2,0,35
946720,1,0,29
946821,3,0,33
946921,0,0,35
947021,2,0,32
947121,1,0,32
947221,2,0,24
947321,1,0,29
947422,2,0,35
947522,2,0,20
947622,1,0,28
947722,2,0,27
947823,2,0,26
947923,2,0,26
948023,1,0,15
948124,3,0,36
948224,2,0,34
948324,2,0,28
948424,2,0,32
948524,1,0,31
948624,2,0,22
948724,4,0,52
948824,1,0,26
948924,2,0,29
949024,2,0,41
949124,1,0,21
949225,1,0,27
949326,1,0,16
949427,2,0,44
949527,3,0,35
949627,2,0,24
949727,2,0,32
949827,2,0,28
949927,1,0,22
950027,1,0,23
950127,1,0,20
950227,2,0,42
950328,0,0,19
950428,10,0,46
950528,18,0,70
950628,28,2,83
950728,39,0,77
950829,51,29,98
950929,63,22,112
951030,73,37,130
951130,80,36,139
951230,79,36,128
951331,88,54,137
951431,81,37,131
951531,79,50,141
951631,76,45,131
951731,77,57,137
951832,74,22,117
951932,73,44,118
952032,69,43,121
952132,73,47,119
952232,73,41,119
952333,73,36,121
952433,80,43,136
952533,82,43,137
952633,77,28,128
952733,76,39,135
952833,75,47,125
952933,79,40,114
953034,77,41,124
953134,77,43,129
953235,78,36,126
953335,77,43,130
953435,81,47,137
953535,77,41,129
953636,75,32,115
953736,74,36,131
953837,72,28,125
953937,68,38,120
954038,70,49,117
954138,74,36,115
954238,70,37,118
954339,70,32,123
954439,71,34,113
954540,74,33,120
954641,76,36,122
954741,76,40,131
954841,74,28,114
954941,78,34,128
955042,78,40,135
955143,83,32,142
955243,86,44,136
955343,87,44,140
955443,89,61,138
955543,95,51,147
955643,97,57,137
955743,106,63,158
955844,108,71,164
955944,112,78,166
956045,132,104,198
956145,143,105,190
956245,150,99,207
956345,163,126,222
956445,169,139,215
956546,170,131,218
956646,187,157,240
956746,185,151,252
956846,183,147,256
956946,183,147,237
957046,185,148,254
957146,186,155,239
957247,187,147,244
957347,185,149,246
957447,186,161,248
957547,186,136,236
957648,187,130,235
957748,184,146,240
957848,184,142,228
957948,183,146,236
958048,184,149,229
958148,183,147,241
958248,179,139,232
958348,178,135,229
958449,179,133,229
958549,178,134,236
958649,176,146,227
958749,175,148,233
958849,177,134,234
958950,172,123,232
959051,171,141,234
959151,171,135,219
959251,167,150,233
959351,167,135,227
959451,166,139,219
959551,165,148,219
959651,165,131,231
959751,162,135,219
959851,161,131,224
959951,163,128,216
960051,165,119,220
960151,166,142,219
960252,166,138,218
960353,167,119,219
960453,166,140,208
960553,165,109,216
960653,168,136,232
960753,164,118,215
960853,163,124,218
960954,166,109,221
961054,172,139,216
961154,184,156,229
961254,195,145,258
961355,215,172,269
961456,222,183,274
961557,245,202,309
961657,257,229,308
961757,274,240,326
961857,287,257,344
961957,291,255,333
962057,295,238,358
962157,309,260,355
962257,307,269,361
962357,307,268,376
962457,309,258,360
962557,309,270,362
962657,307,249,361
962757,306,266,359
962857,303,274,355
962957,301,270,351
963058,300,257,352
963158,294,250,364
963258,296,252,349
963358,299,259,357
963459,296,246,365
963559,300,272,348
963659,298,258,352
963759,295,260,336
963860,300,258,367
963960,298,266,350
964060,295,253,346
964160,297,267,336
964260,298,256,349
964360,295,262,346
964460,295,263,362
964560,294,255,345
964660,292,252,344
964760,295,249,345
964860,299,266,358
964961,298,257,357
965061,295,256,360
965162,293,260,349
965262,285,250,335
965363,286,232,349
965464,289,234,341
965564,289,254,335
965664,287,249,340
965764,289,252,345
965864,286,237,337
965965,282,251,327
966065,281,241,339
966165,278,231,337
966266,278,244,342
966366,280,234,323
966466,280,246,335
966566,281,246,335
966667,284,233,341
966767,286,246,340
966868,289,253,340
966968,291,259,345
967069,295,253,355
967170,299,248,364
967271,308,274,357
967371,313,276,371
967471,319,275,383
967571,326,290,378
967672,331,289,391
967772,334,301,389
967872,333,280,400
967972,339,295,400
968073,334,311,392
968173,337,310,399
968274,336,286,392
968374,333,289,390
968475,331,296,381
968575,325,293,383
968675,328,283,608
968775,319,261,372
968875,317,276,378
968975,320,284,367
969075,323,287,377
969176,323,280,368
969277,328,297,386
969377,326,287,382
969477,329,270,384
969577,328,291,384
969677,333,277,394
969778,338,303,397
969878,340,322,394
969979,341,284,394
970079,344,315,400
970179,341,292,387
970279,343,311,397
970379,342,296,390
970479,344,310,399
970579,345,303,395
970679,349,319,409
970780,355,303,408
970880,360,317,417
970981,367,335,426
971081,374,332,418
971182,377,318,423
971282,397,353,457
971382,409,360,460
971483,431,381,486
971583,443,398,502
971683,457,412,523
971784,458,412,512
971884,466,428,506
971985,477,443,531
972085,479,438,544
972185,475,436,530
972286,472,432,530
972386,474,434,534
972486,471,424,523
972586,470,415,527
972687,470,435,527
972787,472,442,526
972887,470,423,529
972987,470,427,536
973088,475,449,536
973188,475,433,526
973289,475,441,525
973390,474,432,526
973490,475,421,523
973591,470,441,526
973691,469,422,534
973791,469,441,514
973891,471,418,524
973991,472,422,528
974091,472,424,523
974191,474,434,523
974291,474,435,531
974391,472,428,525
974491,472,445,529
974591,470,426,525
974691,472,435,534
974791,469,428,524
974891,468,421,524
974991,468,425,521
975092,466,425,514
975192,467,414,508
975292,466,431,522
975392,461,429,516
975493,459,405,528
975593,458,423,515
975694,462,426,530
975794,460,421,514
975894,459,426,510
975995,457,410,513
976095,461,417,514
976195,460,421,510
976296,460,432,516
976396,459,419,514
976496,460,413,523
976596,455,418,505
976696,454,408,513
976797,452,412,500
976898,450,407,499
976998,448,411,508
977099,447,403,499
977199,457,417,506
977299,465,419,516
977399,509,466,571
977500,536,500,580
977601,565,518,608
977701,592,560,649
977802,612,582,667
977903,621,578,676
978004,606,553,650
978104,604,539,663
978204,606,575,663
978304,603,547,651
978404,602,570,656
978504,604,583,663
978604,606,572,654
978704,610,574,669
978804,613,572,683
978904,612,579,662
979004,614,569,670
979104,621,576,677
979204,624,565,678
979305,625,563,679
979405,623,588,682
979506,626,572,675
979606,620,581,679
979706,617,580,669
979807,617,566,666
979907,614,578,674
980007,618,577,669
980107,619,568,674
980208,619,570,680
980308,617,579,677
980408,619,572,693
980509,614,577,684
980609,615,579,668
980710,620,591,679
980811,623,585,675
980911,624,578,676
981012,625,591,680
981112,629,588,691
981212,632,598,679
981312,633,578,683
981412,634,586,690
981512,632,583,692
981612,632,591,687
981712,646,597,692
981812,654,612,717
981912,667,629,715
982012,680,629,728
982112,695,660,751
982212,720,680,775
982312,725,674,775
982412,742,706,796
982512,748,696,810
982612,755,701,803
982712,757,715,811
982812,791,744,858
982912,791,748,846
983012,779,736,838
983113,776,734,838
983213,786,748,843
983313,787,746,846
983414,780,751,838
983514,770,738,815
983614,785,750,842
983715,786,750,840
983815,784,732,841
983915,789,746,854
984015,774,739,829
984116,770,741,831
984217,785,749,845
984317,762,733,813
984418,774,740,824
984518,783,738,841
984618,773,732,829
984719,780,739,831
984819,779,729,844
984920,770,721,816
985020,775,738,829
985120,782,732,833
985221,774,733,836
985321,772,734,826
985421,780,738,828
985522,789,738,846
985623,786,741,836
985723,786,750,846
985823,789,764,853
985923,780,742,826
986023,790,759,857
986123,784,740,832
986223,783,748,834
986324,773,733,828
986424,768,730,833
986524,761,710,832
986624,756,707,816
986724,753,708,806
986825,746,699,797
986925,749,696,795
987025,746,720,798
987125,730,683,784
987226,746,679,801
987326,731,684,788
987427,713,680,761
987527,700,662,753
987627,692,644,754
987727,683,632,737
987828,699,657,754
987929,601,342,720
988029,328,163,908
988129,97,38,1083
988229,3,0,30
988329,2,0,37
988429,1,0,13
988529,1,0,41
988629,1,0,37
988730,1,0,29
988830,1,0,29
988930,0,0,12
989030,1,0,34
989130,1,0,22
989231,1,0,21
989331,1,0,30
989431,1,0,29
989531,0,0,28
989631,1,0,33
989731,1,0,31
989831,1,0,35
989931,1,0,30
990031,1,0,30
990131,1,0,29
990232,1,0,27
990332,1,0,36
990433,1,0,13
990533,1,0,27
990633,1,0,23
990734,1,0,22
990835,0,0,26
990935,1,0,22
991035,1,0,22
991135,1,0,27
991235,1,0,31
991335,1,0,19
991435,1,0,17
991535,1,0,11
991635,1,0,19
991735,1,0,23
991835,0,0,28
991935,1,0,24
992035,0,0,28
992136,1,0,31
992236,0,0,29
992336,0,0,25
992436,0,0,19
992537,1,0,25
992638,1,0,19
992738,0,0,14
992838,0,0,19
992938,0,0,34
993039,0,0,26
993140,0,0,20
993241,0,0,26
993341,1,0,30
993441,0,0,23
993542,0,0,17
993643,0,0,22
993743,0,0,25
993843,0,0,23
993943,0,0,19
994043,0,0,28
994143,1,0,17
994243,1,0,19
994343,0,0,19
994444,0,0,33
994544,1,0,24
994644,0,0,29
994744,1,0,32
994844,0,0,11
994944,0,0,21
995044,0,0,13
995144,0,0,39
995244,0,0,26
995344,0,0,35
995444,0,0,21
995544,0,0,33
995644,0,0,32
995744,0,0,17
995845,1,0,21
995945,1,0,23
996046,1,0,22
996146,0,0,25
996246,1,0,33
996346,0,0,36
996446,0,0,24
996546,0,0,30
996646,1,0,23
996747,0,0,23
996847,0,0,22
996947,1,0,20
997048,0,0,18
997149,0,0,19
997250,0,0,15

Test 7:
1191234,0,0,17
1191334,1,0,28
1191435,0,0,26
1191535,0,0,29
1191635,0,0,24
1191735,0,0,34
1191835,0,0,32
1191936,0,0,32
1192036,0,0,18
1192136,1,0,23
1192237,0,0,14
1192338,0,0,30
1192438,1,0,26
1192539,0,0,33
1192640,1,0,23
1192741,1,0,22
1192841,0,0,22
1192941,1,0,39
1193042,0,0,17
1193143,0,0,17
1193243,1,0,29
1193343,1,0,29
1193443,0,0,34
1193543,0,0,15
1193643,0,0,21
1193743,0,0,22
1193843,0,0,27
1193943,1,0,25
1194044,0,0,36
1194144,0,0,26
1194244,0,0,17
1194344,1,0,35
1194444,1,0,33
1194544,1,0,28
1194645,0,0,22
1194745,0,0,22
1194846,0,0,20
1194947,0,0,20
1195047,0,0,21
1195147,0,0,31
1195247,0,0,19
1195347,1,0,25
1195447,1,0,28
1195548,1,0,22
1195649,0,0,24
1195749,0,0,20
1195849,0,0,31
1195949,1,0,32
1196050,0,0,30
1196151,1,0,24
1196251,0,0,20
1196352,0,0,23
1196452,1,0,26
1196552,0,0,28
1196652,0,0,14
1196752,0,0,28
1196853,0,0,16
1196953,0,0,25
1197054,0,0,23
1197154,0,0,19
1197254,1,0,23
1197355,0,0,24
1197455,0,0,39
1197556,1,0,33
1197657,0,0,25
1197758,0,0,23
1197859,0,0,25
1197959,0,0,26
1198059,1,0,16
1198159,1,0,31
1198259,0,0,13
1198360,0,0,34
1198460,0,0,24
1198561,0,0,25
1198661,0,0,14
1198761,0,0,17
1198861,0,0,30
1198962,0,0,35
1199062,0,0,22
1199162,0,0,23
1199262,0,0,29
1199362,0,0,25
1199462,0,0,25
1199562,0,0,19
1199662,0,0,23
1199762,0,0,35
1199862,0,0,24
1199962,1,0,18
1200062,0,0,14
1200163,0,0,16
1200263,1,0,30
1200364,0,0,26
1200465,0,0,32
1200565,0,0,33
1200665,0,0,30
1200765,0,0,20
1200866,1,0,36
1200967,0,0,20
1201067,0,0,21
1201168,1,0,22
1201269,0,0,17
1201369,0,0,23
1201469,0,0,12
1201570,0,0,28
1201670,0,0,30
1201770,0,0,25
1201870,1,0,27
1201970,0,0,25
1202070,0,0,21
1202170,1,0,24
1202270,0,0,25
1202370,0,0,30
1202470,0,0,22
1202570,0,0,31
1202671,1,0,26
1202771,0,0,24
1202871,0,0,21
1202972,1,0,7
1203073,3,0,49
1203174,2,0,22
1203274,1,0,27
1203374,2,0,17
1203474,2,0,39
1203574,2,0,31
1203674,2,0,24
1203775,2,0,32
1203876,2,0,36
1203976,0,0,27
1204076,2,0,32
1204176,2,0,34
1204277,2,0,32
1204377,2,0,41
1204478,2,0,30
1204579,2,0,27
1204679,1,0,16
1204780,2,0,49
1204880,1,0,28
1204980,2,0,33
1205080,2,0,26
1205180,2,0,33
1205281,3,0,27
1205381,2,0,30
1205481,2,0,26
1205582,2,0,36
1205683,1,0,25
1205784,4,0,33
1205884,18,0,52
1205984,38,4,86
1206084,59,27,113
1206184,76,53,119
1206285,81,30,134
1206386,90,50,142
1206486,90,54,137
1206587,90,49,135
1206687,88,42,139
1206787,88,48,145
1206887,86,60,136
1206987,86,43,145
1207088,86,58,136
1207188,88,49,136
1207288,84,54,133
1207389,82,41,138
1207489,84,44,129
1207590,84,45,137
1207690,83,60,140
1207791,84,45,143
1207891,82,45,128
1207991,83,56,133
1208091,84,41,142
1208191,82,30,136
1208291,82,51,127
1208392,81,34,124
1208493,77,43,131
1208593,78,47,133
1208693,80,27,135
1208793,80,54,128
1208893,78,34,133
1208994,78,41,124
1209095,79,39,147
1209195,78,43,134
1209296,76,53,125
1209397,76,28,124
1209498,77,31,134
1209598,77,45,130
1209699,76,53,131
1209799,74,40,120
1209900,74,36,133
1210000,73,16,132
1210101,75,24,124
1210202,78,28,133
1210302,77,52,133
1210403,75,44,126
1210503,73,34,123
1210603,74,38,126
1210703,75,24,120
1210803,74,35,132
1210903,73,39,121
1211004,75,62,127
1211104,74,44,133
1211204,77,24,131
1211304,99,74,153
1211405,121,64,179
1211506,147,116,203
1211606,160,103,226
1211706,171,135,221
1211807,177,139,224
1211908,174,126,230
1212009,174,156,234
1212109,173,151,232
1212209,173,126,225
1212310,171,137,222
1212411,172,136,228
1212512,173,135,219
1212612,174,148,230
1212713,173,133,232
1212814,172,121,228
1212914,170,130,248
1213014,170,127,232
1213114,169,137,223
1213215,171,136,229
1213315,170,128,232
1213415,170,135,231
1213515,172,129,222
1213615,171,131,226
1213716,173,123,230
1213816,171,145,224
1213917,168,131,219
1214018,165,128,212
1214118,167,130,226
1214218,164,119,225
1214318,164,123,225
1214418,161,122,218
1214518,165,128,220
1214618,166,115,229
1214718,168,133,230
1214818,165,112,216
1214919,167,133,213
1215019,165,119,216
1215119,166,144,223
1215219,165,127,219
1215319,165,123,215
1215420,170,117,223
1215521,175,123,222
1215622,181,137,230
1215722,195,161,243
1215822,205,179,261
1215922,218,172,268
1216023,228,202,291
1216124,243,219,297
1216225,255,224,305
1216325,262,216,330
1216425,266,220,320
1216525,282,242,347
1216626,279,237,342
1216726,278,237,346
1216826,276,231,319
1216926,269,214,336
1217026,273,230,337
1217127,267,223,315
1217227,267,229,330
1217327,267,236,324
1217427,270,243,331
1217528,273,234,322
1217628,272,236,335
1217728,264,227,321
1217828,266,234,318
1217929,269,249,326
1218029,262,237,314
1218129,267,229,315
1218229,266,215,327
1218330,271,217,328
1218430,277,237,324
1218530,275,239,337
1218630,275,232,336
1218731,279,226,321
1218832,272,237,338
1218932,268,223,314
1219032,274,223,334
1219132,272,226,330
1219232,268,221,320
1219332,267,231,323
1219433,267,229,318
1219533,267,244,312
1219634,268,226,331
1219734,269,215,328
1219834,268,245,318
1219935,271,239,319
1220036,267,221,328
1220136,261,226,313
1220236,259,217,309
1220336,265,210,318
1220437,272,229,326
1220537,274,230,331
1220637,271,220,326
1220737,268,230,329
1220837,274,226,333
1220937,270,246,321
1221037,272,228,326
1221137,268,234,335
1221238,272,256,325
1221338,267,233,309
1221438,267,237,316
1221539,267,220,333
1221639,275,233,329
1221740,278,254,330
1221840,292,241,343
1221940,310,266,356
1222040,314,254,364
1222141,328,294,381
1222242,337,299,381
1222342,343,300,403
1222442,359,315,416
1222542,361,309,416
1222643,357,308,414
1222743,371,323,431
1222844,368,329,418
1222945,367,324,422
1223045,363,308,421
1223145,360,314,416
1223245,361,324,412
1223345,362,327,413
1223445,360,328,414
1223545,357,311,402
1223645,356,315,399
1223745,359,320,410
1223845,361,318,413
1223946,359,332,426
1224046,359,319,399
1224147,360,322,423
1224247,359,324,413
1224347,360,320,414
1224448,360,324,414
1224548,357,322,408
1224648,358,329,419
1224749,362,324,414
1224849,360,302,411
1224949,359,323,413
1225050,360,313,420
1225150,359,339,416
1225250,360,320,412
1225350,359,305,405
1225450,360,313,404
1225551,358,325,419
1225651,359,338,421
1225751,356,312,411
1225851,357,301,407
1225952,360,317,421
1226052,362,322,416
1226152,362,322,415
1226252,359,297,429
1226353,359,323,416
1226454,360,314,408
1226554,358,320,394
1226655,360,324,419
1226755,363,334,427
1226856,367,321,418
1226956,367,330,428
1227056,367,323,417
1227156,368,321,422
1227256,371,311,438
1227357,381,343,430
1227458,380,339,449
1227559,377,330,440
1227659,377,346,430
1227760,382,352,437
1227860,380,330,449
1227960,393,338,449
1228060,393,352,452
1228161,408,366,462
1228261,411,368,458
1228362,420,381,474
1228462,428,375,485
1228562,434,390,480
1228662,440,396,504
1228762,445,392,494
1228862,449,405,511
1228963,453,420,510
1229064,451,414,509
1229164,451,405,520
1229264,446,413,511
1229364,446,397,496
1229464,445,399,499
1229565,446,411,494
1229666,444,402,486
1229766,449,403,513
1229866,452,406,511
1229967,451,404,510
1230067,453,409,516
1230167,454,411,518
1230267,451,410,513
1230367,448,413,504
1230468,449,411,501
1230568,447,425,508
1230668,449,412,501
1230769,447,418,503
1230870,448,403,503
1230970,450,415,509
1231070,450,412,506
1231170,451,407,511
1231270,455,405,509
1231370,457,433,509
1231470,458,404,512
1231570,459,431,511
1231671,458,397,510
1231771,456,425,508
1231871,459,410,508
1231971,459,421,519
1232072,462,427,518
1232173,465,412,519
1232274,467,435,525
1232375,470,429,526
1232476,469,427,531
1232577,469,421,510
1232677,488,452,541
1232777,505,457,569
1232877,558,541,613
1232978,594,556,649
1233079,626,580,679
1233179,625,587,678
1233280,618,573,677
1233380,618,592,664
1233480,616,574,674
1233581,617,574,680
1233681,616,569,672
1233782,617,566,676
1233883,617,581,668
1233983,621,580,679
1234083,624,589,679
1234183,626,577,676
1234283,627,578,687
1234384,625,579,688
1234484,625,559,681
1234584,621,586,690
1234684,624,588,685
1234785,628,579,683
1234885,630,593,694
1234985,635,583,683
1235085,636,590,693
1235186,637,602,692
1235287,636,615,690
1235387,632,592,686
1235488,635,596,689
1235588,637,594,700
1235689,639,600,688
1235789,636,590,689
1235890,639,595,690
1235990,636,607,682
1236091,641,590,691
1236191,644,594,690
1236291,638,595,694
1236391,639,611,692
1236491,636,601,700
1236591,641,592,703
1236691,641,590,690
1236791,649,609,694
1236891,649,614,709
1236992,653,605,712
1237092,653,625,727
1237193,656,601,692
1237293,662,619,721
1237393,665,631,717
1237493,670,630,731
1237593,675,629,734
1237693,683,627,738
1237794,692,663,744
1237894,693,654,751
1237994,695,646,745
1238094,701,661,757
1238194,699,661,752
1238294,674,628,737
1238395,644,616,705
1238496,651,625,701
1238597,662,628,713
1238697,668,638,724
1238797,662,631,720
1238897,661,627,713
1238997,651,615,701
1239097,663,613,714
1239198,657,620,712
1239299,663,621,730
1239399,669,631,723
1239499,654,616,716
1239599,669,649,719
1239700,688,655,729
1239800,690,634,741
1239900,702,655,758
1240000,705,659,759
1240101,702,653,751
1240201,701,668,747
1240301,699,657,742
1240402,710,658,767
1240502,714,658,759
1240602,714,680,762
1240702,701,655,759
1240802,693,643,756
1240902,713,688,761
1241002,722,679,766
1241103,709,672,767
1241203,705,661,748
1241304,683,650,738
1241404,689,646,744
1241505,710,684,774
1241605,713,668,765
1241705,707,667,771
1241806,706,664,763
1241906,729,701,788
1242006,725,683,786
1242106,730,706,783
1242206,719,685,773
1242306,733,681,798
1242406,746,711,809
1242506,743,696,801
1242606,744,692,801
1242706,739,697,790
1242807,756,717,802
1242907,772,737,823
1243007,763,734,814
1243108,759,734,821
1243208,747,693,798
1243308,746,706,797
1243408,641,410,768
1243508,350,171,970
1243608,104,48,1157
1243708,3,0,38
1243808,2,0,24
1243909,1,0,18
1244010,1,0,34
1244110,1,0,24
1244210,1,0,40
1244310,1,0,24
1244410,1,0,34
1244510,1,0,38
1244610,1,0,34
1244710,1,0,26
1244810,1,0,17
1244910,0,0,18
1245010,1,0,27
1245110,1,0,32
1245210,1,0,30
1245310,1,0,19
1245411,1,0,33
1245512,0,0,34
1245612,1,0,19
1245712,1,0,31
1245812,1,0,24
1245913,1,0,26
1246013,1,0,16
1246113,1,0,26
1246213,1,0,26
1246313,1,0,24
1246413,1,0,21
1246513,1,0,34
1246613,1,0,24
1246713,1,0,28
1246813,1,0,27
1246914,0,0,24
1247015,1,0,36
1247115,1,0,35
1247215,1,0,32
1247315,1,0,27
1247415,1,0,13
1247515,1,0,32
1247615,1,0,39
1247715,1,0,32
1247815,1,0,35
1247915,1,0,28
1248015,1,0,21
1248115,1,0,43
1248215,1,0,29
1248315,1,0,12
1248416,1,0,31
1248517,1,0,35
1248617,1,0,28
1248718,1,0,25
1248818,0,0,29
1248918,1,0,23
1249019,0,0,21
1249119,0,0,12
1249220,0,0,26
1249321,0,0,25
1249422,1,0,31
1249522,0,0,27
1249623,0,0,19
1249724,0,0,23
1249824,1,0,25
1249924,0,0,19
1250024,0,0,16
1250125,0,0,23
1250226,0,0,19
1250326,0,0,18
1250427,0,0,20
1250528,0,0,11
1250628,0,0,28
1250729,0,0,8
1250829,0,0,18
1250929,0,0,18
1251029,0,0,29
1251129,1,0,22
1251230,0,0,24
1251330,0,0,19
1251431,0,0,22
1251531,1,0,30
1251631,0,0,13
1251732,0,0,28
1251833,1,0,27
1251933,0,0,30
1252033,1,0,36
1252133,0,0,25
1252233,0,0,22
1252334,0,0,22
1252435,0,0,29
1252535,0,0,21
1252635,1,0,30
1252736,0,0,18
1252837,0,0,28
1252938,0,0,20
1253038,0,0,30
1253139,0,0,14
1253239,0,0,22
1253339,0,0,25
1253439,1,0,37
1253540,0,0,18
1253641,0,0,27
1253741,1,0,30
1253841,0,0,15
1253941,0,0,28
1254041,0,0,23
1254141,0,0,27
1254241,0,0,17
1254341,0,0,28
1254442,0,0,21
1254542,0,0,16
1254642,0,0,20
1254742,0,0,39
1254842,0,0,30
1254942,0,0,27
1255042,0,0,34
1255142,0,0,20
1255243,0,0,27

Test 8:
1387688,1,0,24
1387788,1,0,33
1387888,0,0,25
1387988,0,0,32
1388089,1,0,39
1388189,1,0,33
1388289,1,0,34
1388389,1,0,24
1388489,0,0,19
1388590,1,0,23
1388690,1,0,37
1388790,1,0,24
1388890,0,0,25
1388991,1,0,12
1389091,1,0,29
1389191,0,0,32
1389291,1,0,17
1389391,0,0,23
1389491,1,0,21
1389591,1,0,26
1389692,1,0,21
1389792,1,0,28
1389892,1,0,32
1389992,1,0,38
1390092,1,0,28
1390192,1,0,23
1390292,1,0,38
1390392,1,0,29
1390492,1,0,45
1390592,1,0,31
1390692,0,0,16
1390793,1,0,22
1390894,1,0,33
1390994,0,0,17
1391094,1,0,18
1391195,1,0,29
1391295,1,0,36
1391395,0,0,29
1391496,1,0,22
1391596,0,0,19
1391696,1,0,30
1391796,1,0,17
1391897,1,0,30
1391998,1,0,25
1392099,1,0,16
1392199,0,0,26
1392300,1,0,15
1392400,1,0,31
1392500,1,0,21
1392600,1,0,34
1392701,1,0,25
1392802,1,0,30
1392903,1,0,22
1393003,0,0,23
1393104,0,0,29
1393204,0,0,21
1393304,1,0,21
1393404,1,0,30
1393504,1,0,25
1393604,1,0,24
1393705,0,0,19
1393805,1,0,30
1393905,1,0,20
1394005,0,0,17
1394105,1,0,30
1394205,1,0,24
1394306,0,0,14
1394406,0,0,22
1394507,1,0,34
1394607,1,0,27
1394707,1,0,30
1394807,1,0,28
1394907,1,0,30
1395007,0,0,21
1395107,1,0,20
1395207,1,0,32
1395307,1,0,37
1395407,0,0,22
1395507,1,0,25
1395607,1,0,28
1395707,1,0,28
1395807,1,0,38
1395907,1,0,28
1396008,1,0,29
1396108,1,0,29
1396209,1,0,34
1396309,1,0,26
1396409,1,0,33
1396509,1,0,25
1396610,1,0,28
1396710,1,0,34
1396810,1,0,36
1396910,0,0,19
1397010,0,0,33
1397110,1,0,14
1397211,1,0,32
1397312,0,0,16
1397413,1,0,22
1397513,1,0,10
1397613,1,0,31
1397714,1,0,27
1397814,1,0,36
1397914,1,0,30
1398014,1,0,28
1398114,1,0,29
1398214,1,0,32
1398314,0,0,23
1398415,1,0,27
1398516,3,0,33
1398616,2,0,41
1398716,2,0,24
1398817,3,0,32
1398917,2,0,26
1399017,2,0,34
1399118,1,0,29
1399218,2,0,30
1399318,2,0,23
1399418,2,0,36
1399518,2,0,25
1399618,2,0,37
1399719,2,0,31
1399820,2,0,38
1399920,2,0,31
1400020,2,0,30
1400120,1,0,27
1400221,1,0,23
1400321,2,0,22
1400421,1,0,26
1400522,1,0,21
1400622,2,0,32
1400723,3,0,18
1400823,2,0,50
1400923,1,0,29
1401023,6,0,58
1401123,12,0,50
1401223,17,0,53
1401323,33,0,87
1401424,44,28,98
1401525,62,53,106
1401625,64,28,105
1401726,75,29,126
1401826,78,42,128
1401926,77,39,135
1402027,77,42,133
1402128,75,33,120
1402228,74,46,118
1402328,77,42,123
1402428,79,52,139
1402528,78,43,124
1402629,80,60,132
1402729,79,35,126
1402830,82,33,146
1402930,80,42,137
1403030,81,51,126
1403131,82,35,134
1403231,78,26,116
1403331,79,41,129
1403431,77,35,129
1403531,77,44,133
1403632,76,40,121
1403732,76,46,133
1403832,77,42,124
1403933,74,35,122
1404034,73,34,118
1404134,76,33,131
1404235,75,33,122
1404336,81,53,134
1404436,78,49,139
1404537,80,35,126
1404638,80,42,125
1404739,79,25,121
1404839,76,15,122
1404940,77,31,130
1405040,76,53,133
1405140,75,32,138
1405240,79,42,130
1405340,82,29,141
1405440,83,59,134
1405540,83,39,130
1405640,82,24,128
1405740,84,31,134
1405841,85,47,142
1405941,84,60,145
1406041,83,49,135
1406141,83,35,132
1406242,84,38,136
1406343,86,36,146
1406443,85,50,135
1406544,88,58,140
1406644,88,66,134
1406745,90,53,139
1406845,91,43,137
1406945,92,73,154
1407046,93,58,143
1407146,95,55,148
1407246,103,52,164
1407346,114,60,159
1407447,127,80,178
1407548,138,105,197
1407649,152,132,213
1407750,166,122,220
1407850,177,129,228
1407950,187,144,239
1408050,189,143,247
1408150,185,151,252
1408250,183,138,231
1408350,188,149,252
1408450,185,154,234
1408550,184,144,235
1408650,189,156,231
1408750,195,164,247
1408851,196,145,262
1408952,203,176,253
1409053,203,155,252
1409154,201,153,250
1409254,203,162,253
1409354,203,163,254
1409454,200,165,252
1409554,194,161,257
1409655,191,146,252
1409755,188,151,233
1409855,182,135,238
1409955,183,136,233
1410055,187,151,246
1410155,191,154,241
1410255,192,143,256
1410355,193,154,252
1410455,201,167,249
1410555,200,169,248
1410656,203,167,252
1410757,204,163,259
1410857,195,176,254
1410957,193,152,239
1411058,199,176,264
1411158,200,172,253
1411258,200,163,258
1411358,207,157,263
1411458,211,173,258
1411558,211,185,260
1411659,203,171,265
1411760,202,172,260
1411860,203,159,255
1411960,204,159,257
1412060,205,176,256
1412160,206,165,255
1412261,208,168,258
1412361,210,177,273
1412461,211,174,269
1412561,213,190,271
1412661,214,185,270
1412762,214,170,261
1412862,217,174,275
1412963,213,171,271
1413063,219,182,280
1413163,225,183,275
1413263,217,171,272
1413363,213,174,248
1413463,217,175,264
1413563,212,175,264
1413663,212,178,269
1413763,217,163,266
1413863,223,186,271
1413963,228,195,290
1414063,226,185,285
1414163,222,160,265
1414263,222,178,270
1414363,225,202,285
1414463,222,180,269
1414564,225,190,281
1414664,227,180,274
1414765,227,185,299
1414866,225,193,278
1414966,224,190,285
1415066,222,178,284
1415166,226,189,282
1415266,227,191,285
1415366,230,203,285
1415466,228,189,280
1415567,221,167,273
1415668,224,174,276
1415768,224,164,277
1415868,227,211,289
1415969,226,169,288
1416070,222,200,276
1416170,225,185,273
1416270,225,192,293
1416370,224,186,275
1416470,224,195,292
1416571,218,176,266
1416671,216,169,266
1416772,222,187,276
1416872,242,187,299
1416972,263,225,318
1417072,290,253,354
1417172,314,263,373
1417272,336,281,400
1417372,340,310,402
1417472,330,278,376
1417572,329,286,391
1417672,330,295,393
1417773,332,303,405
1417873,336,299,382
1417973,333,286,390
1418073,332,291,381
1418173,332,301,612
1418273,331,278,382
1418373,331,283,388
1418474,330,298,383
1418574,332,297,387
1418674,335,292,383
1418774,336,296,384
1418874,334,272,395
1418974,335,297,372
1419074,336,295,389
1419175,333,286,384
1419275,335,298,389
1419375,334,299,391
1419475,343,327,386
1419576,343,299,403
1419676,341,307,400
1419776,345,322,391
1419877,344,285,403
1419977,344,304,399
1420078,346,301,399
1420178,344,297,409
1420279,342,303,397
1420379,344,307,396
1420480,346,304,402
1420581,345,295,403
1420681,344,307,409
1420781,345,316,401
1420881,345,290,402
1420982,344,324,392
1421082,347,303,400
1421182,347,308,400
1421283,352,300,411
1421384,354,318,404
1421485,351,305,418
1421585,353,329,414
1421685,356,295,418
1421785,352,304,406
1421885,353,318,405
1421985,353,313,406
1422085,361,308,420
1422185,370,338,421
1422285,385,355,449
1422385,400,364,449
1422485,404,359,469
1422586,421,375,481
1422687,429,383,484
1422787,443,423,496
1422888,449,416,504
1422988,453,407,503
1423088,465,421,522
1423188,470,445,528
1423288,466,436,522
1423389,462,418,514
1423489,468,435,524
1423589,462,415,515
1423690,464,422,519
1423790,457,419,509
1423891,455,435,506
1423991,462,427,519
1424091,459,415,509
1424191,452,398,508
1424291,455,417,509
1424392,458,411,512
1424493,455,406,521
1424593,463,429,526
1424693,467,420,538
1424794,468,419,514
1424894,466,421,519
1424995,461,416,514
1425095,463,435,530
1425195,470,419,525
1425295,464,421,515
1425395,466,419,525
1425495,465,443,521
1425595,468,426,524
1425695,470,426,538
1425795,468,427,523
1425895,464,415,509
1425995,457,424,509
1426095,449,419,507
1426196,439,411,488
1426296,443,412,493
1426396,447,406,498
1426496,447,402,511
1426597,456,414,508
1426697,451,403,502
1426797,458,415,526
1426897,462,408,521
1426998,472,438,530
1427098,497,450,561
1427198,510,472,558
1427298,541,499,584
1427399,562,524,615
1427499,589,542,648
1427599,594,569,635
1427700,614,586,669
1427800,634,593,697
1427900,634,590,689
1428000,648,627,705
1428100,647,613,704
1428201,643,611,698
1428301,640,598,697
1428402,642,587,692
1428503,638,589,695
1428603,637,599,695
1428704,638,608,698
1428804,636,599,697
1428905,634,604,695
1429005,631,574,693
1429105,635,594,690
1429206,634,592,689
1429307,633,591,693
1429407,631,595,679
1429507,632,591,692
1429608,627,587,687
1429708,625,577,687
1429809,620,580,675
1429909,620,578,672
1430010,626,587,674
1430110,626,586,688
1430211,623,580,670
1430312,622,583,673
1430413,621,576,672
1430513,620,570,669
1430613,614,578,670
1430713,612,570,664
1430814,614,568,667
1430914,613,574,666
1431015,612,566,669
1431115,617,568,658
1431215,649,604,710
1431316,660,618,718
1431416,681,647,734
1431517,723,679,776
1431618,749,723,801
1431719,759,715,817
1431819,795,762,850
1431919,793,753,848
1432019,811,763,870
1432120,791,753,1330
1432221,799,772,860
1432322,828,786,881
1432423,828,787,877
1432524,827,791,875
1432624,800,767,855
1432724,804,765,868
1432824,786,745,845
1432924,788,749,845
1433024,775,731,827
1433124,792,771,845
1433224,780,721,838
1433324,763,729,822
1433424,764,748,827
1433524,749,713,799
1433624,740,713,799
1433724,755,729,812
1433825,757,728,815
1433925,755,700,802
1434025,758,731,814
1434125,782,744,842
1434226,795,747,850
1434326,803,758,860
1434426,764,724,821
1434527,770,730,826
1434628,765,727,828
1434728,773,734,826
1434828,798,747,849
1434928,789,751,832
1435028,793,742,855
1435129,790,757,849
1435230,782,727,838
1435330,788,747,843
1435430,785,740,838
1435530,784,766,846
1435631,778,735,829
1435732,784,758,838
1435832,758,706,806
1435932,773,734,841
1436032,785,738,852
1436132,770,747,840
1436233,785,748,858
1436333,791,763,846
1436434,795,761,855
1436534,825,796,879
1436634,709,351,849
1436734,387,143,1072
1436834,115,44,1278
1436934,3,0,31
1437034,2,0,25
1437134,1,0,28
1437234,1,0,28
1437334,1,0,36
1437434,1,0,24
1437534,1,0,31
1437635,1,0,28
1437735,1,0,30
1437835,1,0,27
1437935,0,0,28
1438036,1,0,29
1438137,1,0,20
1438237,0,0,25
1438337,0,0,20
1438437,1,0,13
1438537,1,0,26
1438637,1,0,34
1438737,1,0,21
1438838,1,0,24
1438939,0,0,32
1439039,1,0,34
1439139,1,0,27
1439239,1,0,22
1439339,1,0,26
1439439,1,0,26
1439539,1,0,25
1439639,1,0,32
1439739,1,0,32
1439839,1,0,28
1439939,1,0,32
1440039,0,0,13
1440140,0,0,27
1440240,0,0,12
1440340,0,0,19
1440440,0,0,19
1440540,0,0,18
1440641,0,0,39
1440742,0,0,23
1440842,0,0,17
1440942,0,0,24
1441042,0,0,32
1441142,0,0,20
1441242,0,0,32
1441342,0,0,37
1441442,0,0,23
1441542,0,0,23
1441642,0,0,29
1441743,0,0,28
1441843,0,0,31
1441944,0,0,26
1442044,0,0,26
1442144,0,0,19
1442245,1,0,36
1442345,0,0,29
1442445,0,0,24
1442545,0,0,12
1442645,0,0,21
1442745,0,0,25
1442845,0,0,19
1442946,0,0,19
1443047,1,0,29
1443147,0,0,22
1443248,0,0,38
1443348,0,0,15
1443449,1,0,24
1443549,0,0,27
1443649,0,0,38
1443749,0,0,19
1443850,0,0,16
1443951,0,0,19
1444051,1,0,37
1444151,0,0,24
1444252,1,0,24
1444353,1,0,24
1444453,0,0,18
1444554,0,0,30
1444655,0,0,15
1444755,0,0,21
1444856,0,0,16
1444956,0,0,27
1445056,0,0,18

Test 9:
1564770,5,5,5
1564871,0,0,15
1564972,0,0,33
1565072,1,0,23
1565172,0,0,30
1565272,0,0,4
1565372,0,0,36
1565472,1,0,34
1565572,0,0,27
1565673,0,0,28
1565774,0,0,26
1565875,0,0,24
1565975,0,0,25
1566075,1,0,28
1566175,1,0,16
1566275,1,0,29
1566375,1,0,24
1566475,0,0,20
1566576,0,0,30
1566676,1,0,23
1566777,0,0,23
1566877,0,0,23
1566978,1,0,23
1567079,1,0,14
1567180,0,0,25
1567281,0,0,25
1567382,0,0,34
1567482,1,0,20
1567583,1,0,17
1567683,1,0,33
1567783,0,0,22
1567884,1,0,37
1567984,0,0,18
1568084,1,0,21
1568184,0,0,21
1568284,0,0,22
1568385,1,0,33
1568485,0,0,28
1568585,0,0,19
1568685,0,0,24
1568785,0,0,14
1568886,0,0,20
1568986,1,0,38
1569086,0,0,27
1569186,0,0,36
1569286,1,0,28
1569386,0,0,25
1569486,0,0,32
1569586,1,0,25
1569686,1,0,34
1569786,0,0,13
1569887,1,0,18
1569987,1,0,16
1570087,1,0,32
1570188,0,0,29
1570288,1,0,25
1570389,1,0,34
1570489,1,0,31
1570590,1,0,27
1570691,0,0,19
1570792,1,0,17
1570892,0,0,16
1570993,1,0,42
1571093,0,0,19
1571193,0,0,6
1571294,1,0,24
1571395,1,0,29
1571496,0,0,19
1571597,0,0,29
1571697,1,0,26
1571797,0,0,36
1571898,1,0,24
1571999,1,0,29
1572099,0,0,34
1572200,0,0,24
1572300,1,0,36
1572401,0,0,14
1572501,0,0,22
1572602,0,0,15
1572702,1,0,33
1572802,0,0,28
1572902,1,0,27
1573003,0,0,17
1573103,0,0,35
1573204,0,0,16
1573305,0,0,11
1573405,0,0,26
1573505,0,0,23
1573605,1,0,33
1573705,1,0,21
1573805,1,0,33
1573906,0,0,27
1574006,1,0,40
1574107,0,0,42
1574208,0,0,18
1574308,0,0,19
1574408,1,0,30
1574508,1,0,22
1574608,1,0,36
1574708,1,0,19
1574808,1,0,26
1574908,0,0,15
1575008,0,0,18
1575108,0,0,23
1575209,1,0,27
1575309,1,0,29
1575409,1,0,39
1575509,1,0,13
1575610,0,0,23
1575710,1,0,28
1575811,1,0,30
1575911,0,0,21
1576011,1,0,12
1576111,1,0,27
1576212,1,0,27
1576312,1,0,32
1576412,1,0,27
1576512,1,0,21
1576612,1,0,9
1576713,0,0,22
1576813,0,0,33
1576913,0,0,21
1577014,0,0,21
1577114,1,0,25
1577215,0,0,34
1577315,1,0,23
1577415,1,0,29
1577515,1,0,28
1577616,1,0,25
1577717,0,0,27
1577817,1,0,33
1577917,1,0,28
1578017,1,0,24
1578117,1,0,23
1578217,0,0,26
1578318,0,0,28
1578418,1,0,20
1578518,1,0,25
1578619,1,0,25
1578720,1,0,25
1578820,1,0,33
1578920,0,0,15
1579020,0,0,21
1579120,0,0,26
1579220,1,0,21
1579320,0,0,31
1579420,0,0,11
1579520,0,0,31
1579621,0,0,30
1579722,0,0,24
1579823,0,0,15
1579923,0,0,21
1580023,0,0,27
1580123,1,0,26
1580223,1,0,31
1580323,0,0,31
1580423,0,0,28
1580523,1,0,25
1580624,0,0,11
1580724,2,0,27
1580824,2,0,34
1580924,2,0,31
1581024,3,0,25
1581124,2,0,27
1581225,3,0,24
1581325,2,0,36
1581425,3,0,21
1581525,3,0,30
1581625,3,0,22
1581725,2,0,26
1581825,3,0,32
1581925,1,0,30
1582025,3,0,35
1582126,2,0,18
1582226,2,0,33
1582326,2,0,28
1582426,2,0,29
1582527,2,0,31
1582627,2,0,28
1582727,2,0,24
1582827,2,0,24
1582927,2,0,39
1583028,7,0,31
1583128,19,0,68
1583228,30,0,86
1583328,52,22,98
1583429,67,26,116
1583529,72,18,114
1583630,82,38,137
1583730,75,39,128
1583831,74,35,125
1583931,76,32,129
1584031,77,32,131
1584131,76,45,143
1584231,75,36,128
1584331,75,37,118
1584431,77,29,140
1584531,75,42,123
1584631,75,38,126
1584731,74,45,133
1584831,73,53,119
1584931,76,32,131
1585031,74,35,127
1585132,75,44,130
1585232,76,36,126
1585333,77,18,137
1585433,77,40,144
1585533,77,45,128
1585633,78,49,136
1585733,79,47,146
1585833,78,44,141
1585933,75,38,119
1586033,78,47,125
1586133,79,47,120
1586233,80,54,131
1586333,80,52,135
1586433,82,39,132
1586533,80,35,133
1586633,81,41,124
1586733,83,45,134
1586833,85,43,136
1586934,84,42,138
1587034,91,59,142
1587134,98,65,144
1587234,121,84,180
1587335,138,101,196
1587436,150,122,195
1587536,164,116,211
1587637,170,124,225
1587737,185,148,224
1587837,180,135,231
1587938,170,132,222
1588039,176,130,216
1588140,176,136,236
1588240,179,149,231
1588341,174,135,228
1588441,170,132,212
1588541,164,128,216
1588641,165,127,224
1588742,170,138,228
1588842,178,132,230
1588942,177,138,233
1589043,174,122,230
1589144,175,138,224
1589244,180,151,234
1589345,186,144,237
1589445,183,164,238
1589545,183,159,228
1589645,185,153,230
1589745,185,126,233
1589846,175,142,233
1589946,164,130,225
1590046,170,127,220
1590147,166,122,216
1590247,172,126,227
1590348,170,129,218
1590448,172,134,215
1590549,173,135,231
1590649,172,140,238
1590750,176,132,235
1590850,180,151,237
1590950,194,161,242
1591050,206,170,265
1591150,218,199,277
1591250,242,203,292
1591350,256,204,307
1591451,280,246,325
1591551,286,242,352
1591651,295,256,372
1591751,309,281,367
1591852,309,262,360
1591952,310,267,364
1592052,306,266,356
1592153,303,259,370
1592254,302,262,351
1592354,299,245,347
1592454,298,258,350
1592554,296,260,352
1592655,298,257,354
1592756,294,264,346
1592856,296,262,344
1592956,296,243,353
1593056,293,252,339
1593156,296,270,348
1593256,290,265,346
1593357,291,266,350
1593457,292,241,346
1593558,294,255,349
1593658,292,241,349
1593759,293,254,332
1593859,292,248,356
1593960,295,254,353
1594060,296,232,350
1594160,299,261,356
1594261,302,260,348
1594361,300,270,353
1594461,299,253,349
1594561,300,243,356
1594661,297,260,357
1594761,295,257,347
1594861,294,246,367
1594961,294,252,346
1595062,299,269,350
1595162,300,263,348
1595262,297,247,355
1595362,296,256,346
1595463,295,265,348
1595563,293,260,348
1595663,295,266,363
1595763,292,269,340
1595863,294,252,350
1595963,289,246,347
1596064,289,250,342
1596164,286,240,334
1596264,286,246,350
1596364,284,246,335
1596464,283,249,331
1596564,282,267,335
1596664,284,246,341
1596764,282,238,335
1596865,281,240,335
1596965,282,252,334
1597066,285,253,346
1597166,289,247,354
1597266,307,275,360
1597366,320,287,383
1597467,335,311,398
1597567,351,319,411
1597668,361,307,423
1597768,360,331,412
1597869,383,331,438
1597970,381,343,427
1598070,380,337,437
1598171,376,328,436
1598271,371,337,436
1598372,368,343,427
1598472,368,326,418
1598572,361,330,410
1598673,360,308,421
1598773,358,327,420
1598873,356,319,405
1598973,360,320,405
1599074,358,340,405
1599174,359,306,414
1599274,361,308,419
1599374,359,320,411
1599475,363,303,422
1599575,363,320,422
1599675,361,334,419
1599776,359,337,423
1599876,359,333,419
1599976,363,316,421
1600076,362,316,425
1600176,361,318,412
1600276,361,324,429
1600376,361,308,418
1600477,360,328,418
1600577,358,339,405
1600677,355,309,412
1600778,356,324,414
1600878,358,318,422
1600979,357,315,408
1601080,358,331,408
1601180,354,323,411
1601280,361,328,418
1601380,362,331,428
1601481,375,336,416
1601581,391,347,440
1601681,406,350,464
1601781,429,391,478
1601881,456,423,508
1601981,471,426,534
1602081,483,440,530
1602181,480,448,534
1602282,492,464,554
1602382,477,429,538
1602482,482,434,531
1602583,481,444,523
1602683,480,438,538
1602784,482,422,532
1602884,485,449,550
1602985,481,442,536
1603085,485,436,537
1603186,488,439,542
1603286,493,443,565
1603386,494,449,542
1603486,492,458,550
1603586,489,446,536
1603686,492,445,545
1603786,492,466,540
1603887,489,441,538
1603988,490,444,548
1604088,491,449,555
1604188,490,443,548
1604288,490,452,547
1604388,489,450,551
1604488,488,455,540
1604588,489,453,555
1604688,497,467,543
1604788,499,455,550
1604888,500,455,553
1604988,497,459,555
1605089,498,446,546
1605189,503,473,553
1605290,505,457,574
1605390,504,458,572
1605490,505,464,558
1605590,509,464,563
1605690,503,453,562
1605791,503,456,846
1605891,505,454,560
1605991,504,485,568
1606092,503,447,564
1606192,507,465,562
1606292,507,457,557
1606393,512,472,556
1606493,518,469,576
1606594,526,480,579
1606695,537,499,590
1606796,546,513,605
1606897,558,515,613
1606998,572,531,625
1607098,575,538,625
1607199,583,555,651
1607299,584,552,638
1607399,579,543,629
1607499,572,542,629
1607600,572,527,632
1607700,566,521,613
1607800,563,529,611
1607901,563,538,623
1608001,567,537,614
1608101,565,507,616
1608202,572,530,642
1608302,574,516,634
1608402,573,532,629
1608502,576,539,622
1608602,574,532,625
1608703,574,535,637
1608803,575,528,655
1608903,574,528,628
1609003,576,531,625
1609103,578,538,631
1609203,581,555,636
1609304,587,542,635
1609404,590,545,646
1609505,591,545,639
1609606,597,548,657
1609706,600,563,666
1609806,599,556,658
1609906,600,557,649
1610006,597,547,652
1610106,603,568,666
1610206,601,557,652
1610306,597,555,1043
1610406,603,566,666
1610507,602,556,657
1610608,602,555,656
1610709,606,555,656
1610809,608,563,665
1610909,610,567,665
1611010,608,553,666
1611110,609,579,660
1611211,608,561,669
1611311,621,582,674
1611411,634,594,689
1611512,660,618,729
1611613,685,653,735
1611713,722,682,777
1611813,748,716,803
1611913,764,716,813
1612013,777,739,828
1612113,815,775,868
1612213,813,788,872
1612313,829,793,887
1612413,825,787,874
1612513,821,803,873
1612613,818,793,871
1612713,827,791,872
1612813,821,774,865
1612913,826,786,874
1613014,813,758,866
1613115,819,774,881
1613216,827,775,890
1613317,822,789,884
1613418,821,785,870
1613518,825,786,889
1613618,815,771,865
1613718,794,750,853
1613819,800,764,867
1613919,790,749,837
1614019,784,741,844
1614119,794,754,855
1614219,782,733,847
1614320,792,760,841
1614420,800,766,868
1614521,808,782,872
1614621,802,754,876
1614722,784,747,855
1614823,771,720,825
1614923,774,702,820
1615023,760,719,826
1615124,743,697,795
1615224,736,701,787
1615324,727,682,777
1615424,722,682,776
1615524,723,694,777
1615625,739,696,793
1615725,727,680,781
1615826,730,684,787
1615926,627,326,751
1616026,343,231,949
1616126,102,67,1131
1616226,3,0,43
1616326,2,0,28
1616426,1,0,36
1616526,1,0,37
1616626,1,0,24
1616726,1,0,27
1616826,1,0,39
1616926,1,0,35
1617026,1,0,28
1617126,1,0,27
1617226,1,0,38
1617326,1,0,39
1617427,0,0,20
1617527,1,0,30
1617627,1,0,17
1617727,1,0,28
1617827,1,0,26
1617927,0,0,18
1618028,0,0,23
1618128,1,0,28
1618228,1,0,27
1618329,1,0,20
1618430,1,0,27
1618531,1,0,22
1618631,1,0,22
1618731,1,0,18
1618832,1,0,31
1618933,1,0,24
1619034,1,0,29
1619134,1,0,30
1619234,1,0,32
1619334,1,0,27
1619434,1,0,23
1619534,1,0,25
1619635,1,0,40
1619735,1,0,29
1619836,0,0,23
1619937,1,0,29
1620037,0,0,22
1620137,1,0,28
1620238,1,0,21
1620338,1,0,39
1620438,1,0,34
1620538,1,0,34
1620638,1,0,33
1620739,1,0,25
1620840,0,0,26
1620940,1,0,27
1621040,1,0,31
1621140,1,0,19
1621240,1,0,35
1621340,1,0,31
1621441,1,0,23
1621542,1,0,16
1621642,0,0,26
1621742,1,0,15
1621842,0,0,27
1621942,1,0,23
1622042,1,0,30
1622142,1,0,25
1622242,0,0,27
1622342,1,0,28
1622443,0,0,28
1622544,0,0,24
1622644,1,0,28
1622745,0,0,21
1622846,0,0,24
1622946,0,0,27
1623046,0,0,29
1623146,0,0,36
1623247,0,0,23
1623347,0,0,27
1623448,0,0,26
1623548,0,0,23
1623648,0,0,23
1623748,0,0,28
1623848,0,0,30
1623949,0,0,17
1624050,0,0,19
1624151,1,0,25
1624251,0,0,12
1624351,0,0,36
1624452,0,0,22
1624552,0,0,24
1624653,0,0,26
1624753,0,0,27
1624853,0,0,20
1624953,0,0,16
1625054,0,0,27
1625154,0,0,38
1625254,0,0,18
1625354,0,0,19
1625455,0,0,23
1625556,0,0,17

Test 10:
1776243,0,0,10
1776344,0,0,14
1776445,0,0,22
1776545,0,0,29
1776645,0,0,29
1776745,0,0,20
1776845,0,0,31
1776945,1,0,33
1777045,0,0,27
1777145,0,0,21
1777246,1,0,30
1777346,0,0,23
1777446,1,0,40
1777546,0,0,23
1777646,0,0,25
1777746,1,0,33
1777846,1,0,29
1777947,1,0,25
1778047,1,0,15
1778148,0,0,27
1778249,1,0,33
1778349,0,0,32
1778449,0,0,24
1778549,1,0,28
1778649,0,0,18
1778749,0,0,14
1778849,1,0,21
1778949,1,0,17
1779049,1,0,14
1779149,0,0,11
1779249,1,0,20
1779349,1,0,30
1779449,1,0,22
1779549,1,0,36
1779649,0,0,20
1779749,1,0,15
1779850,0,0,32
1779951,0,0,29
1780051,0,0,33
1780151,0,0,21
1780252,1,0,15
1780352,1,0,25
1780452,0,0,20
1780553,1,0,23
1780653,1,0,32
1780753,1,0,30
1780853,1,0,39
1780954,1,0,35
1781054,1,0,32
1781154,0,0,24
1781255,1,0,34
1781355,0,0,39
1781455,1,0,26
1781556,1,0,29
1781656,0,0,15
1781756,0,0,33
1781857,1,0,22
1781957,0,0,23
1782057,1,0,33
1782157,1,0,31
1782257,0,0,12
1782358,1,0,20
1782458,0,0,22
1782558,0,0,27
1782658,0,0,29
1782759,0,0,20
1782860,1,0,28
1782960,1,0,25
1783061,1,0,33
1783162,0,0,31
1783263,0,0,20
1783363,0,0,22
1783463,1,0,19
1783564,1,0,30
1783664,0,0,27
1783764,1,0,18
1783864,1,0,35
1783964,1,0,17
1784064,1,0,24
1784165,1,0,27
1784265,1,0,36
1784365,0,0,22
1784465,1,0,15
1784565,2,0,38
1784665,1,0,21
1784765,1,0,34
1784866,1,0,33
1784966,1,0,37
1785066,3,0,27
1785167,2,0,27
1785267,2,0,30
1785367,2,0,32
1785467,1,0,23
1785567,2,0,46
1785667,2,0,38
1785767,0,0,38
1785867,2,0,37
1785967,2,0,29
1786068,2,0,36
1786168,1,0,31
1786268,2,0,27
1786369,2,0,33
1786469,2,0,40
1786570,1,0,30
1786670,2,0,19
1786771,2,0,24
1786871,1,0,21
1786971,2,0,35
1787072,2,0,30
1787172,2,0,36
1787272,1,0,28
1787373,2,0,24
1787474,2,0,29
1787574,2,0,34
1787674,1,0,26
1787774,2,0,30
1787874,1,0,22
1787974,2,0,22
1788075,2,0,30
1788175,2,0,29
1788275,3,0,34
1788376,3,0,36
1788477,2,0,22
1788577,1,0,24
1788677,2,0,34
1788777,1,0,20
1788877,12,0,47
1788978,15,0,59
1789079,25,0,74
1789180,38,14,92
1789281,50,17,113
1789382,56,26,112
1789482,66,30,128
1789582,73,28,120
1789682,79,26,137
1789782,81,41,146
1789883,92,63,137
1789983,91,52,146
1790083,89,43,142
1790183,88,45,140
1790283,87,49,135
1790383,84,27,153
1790483,85,56,151
1790583,87,50,155
1790683,81,36,128
1790784,81,56,135
1790885,78,37,126
1790986,77,41,127
1791086,74,53,124
1791186,76,26,122
1791286,79,40,141
1791386,78,42,133
1791486,78,44,137
1791586,76,49,120
1791686,78,45,141
1791786,79,54,144
1791887,77,28,128
1791987,77,29,141
1792088,80,56,132
1792189,83,41,128
1792289,83,32,143
1792389,82,39,121
1792489,82,18,141
1792590,81,50,141
1792690,79,48,139
1792790,78,21,134
1792891,75,62,130
1792991,76,24,131
1793091,75,28,138
1793191,75,26,121
1793291,103,68,162
1793391,124,63,166
1793491,153,128,196
1793591,164,122,209
1793692,177,139,228
1793792,196,152,244
1793892,194,160,245
1793993,189,159,259
1794094,187,143,239
1794195,189,143,251
1794295,191,149,249
1794396,186,140,242
1794496,181,146,227
1794596,177,138,233
1794696,179,133,237
1794797,173,119,221
1794898,177,143,249
1794999,177,137,227
1795099,176,144,226
1795199,172,135,221
1795299,167,130,219
1795399,159,128,208
1795499,164,106,219
1795599,158,127,213
1795699,164,124,224
1795799,156,104,222
1795900,160,128,220
1796000,160,99,225
1796100,161,115,224
1796200,165,137,221
1796301,160,125,206
1796401,158,119,204
1796501,162,109,219
1796602,168,142,229
1796703,173,114,229
1796803,177,134,232
1796903,176,120,225
1797004,170,143,230
1797105,175,146,241
1797205,177,133,234
1797305,180,143,233
1797405,186,152,232
1797505,188,150,248
1797605,184,139,237
1797706,180,138,235
1797806,174,149,220
1797907,178,134,223
1798008,184,145,240
1798108,193,146,261
1798209,210,167,259
1798309,226,197,291
1798409,244,199,292
1798509,257,212,308
1798609,257,203,321
1798709,272,217,331
1798810,275,246,336
1798910,275,241,347
1799010,271,235,329
1799110,269,234,328
1799211,263,221,326
1799311,263,218,326
1799411,271,240,335
1799511,267,223,327
1799612,262,230,310
1799712,267,230,317
1799812,276,249,337
1799913,283,227,344
1800014,272,240,323
1800114,274,229,327
1800214,278,233,330
1800314,278,222,331
1800414,272,219,336
1800514,265,229,326
1800614,265,235,322
1800714,258,214,316
1800814,256,211,309
1800915,259,216,304
1801015,260,218,316
1801116,261,218,316
1801216,257,211,325
1801316,252,226,305
1801417,260,219,315
1801517,254,217,303
1801617,248,216,305
1801717,247,213,309
1801817,256,220,303
1801917,260,227,327
1802017,255,210,305
1802117,252,210,330
1802217,246,217,311
1802317,245,206,289
1802418,248,220,300
1802519,250,214,305
1802619,261,233,315
1802720,281,249,338
1802821,291,247,364
1802921,305,270,361
1803022,317,247,373
1803122,323,301,379
1803222,337,293,399
1803323,341,292,402
1803423,344,309,397
1803524,365,334,415
1803624,361,331,422
1803725,358,315,416
1803826,355,322,412
1803926,354,314,408
1804027,357,316,413
1804127,355,305,422
1804227,357,329,416
1804327,353,302,396
1804427,349,322,397
1804527,345,293,398
1804627,346,307,400
1804727,344,296,402
1804828,341,292,399
1804928,343,294,391
1805028,341,290,402
1805129,343,297,394
1805229,345,305,398
1805329,345,315,402
1805429,342,293,397
1805530,339,300,384
1805630,337,290,387
1805730,335,306,390
1805831,331,279,378
1805932,336,305,393
1806033,333,277,386
1806133,332,286,381
1806234,331,284,388
1806335,334,291,398
1806435,338,300,390
1806536,340,292,413
1806637,340,294,387
1806737,339,294,406
1806837,358,315,410
1806937,371,336,423
1807037,386,356,442
1807137,415,395,470
1807237,433,391,485
1807337,441,397,498
1807438,458,433,514
1807538,460,414,515
1807638,459,429,512
1807739,453,407,514
1807839,452,408,511
1807939,449,410,504
1808039,447,396,505
1808140,443,409,496
1808240,447,394,499
1808340,448,403,504
1808440,440,401,500
1808540,447,396,497
1808640,447,405,497
1808740,447,397,727
1808841,448,404,510
1808942,452,421,502
1809042,449,411,498
1809142,451,412,508
1809242,453,411,500
1809343,457,407,505
1809444,459,423,523
1809544,460,417,522
1809644,459,411,513
1809744,462,439,506
1809844,465,425,523
1809944,465,413,534
1810044,464,439,517
1810145,468,424,524
1810245,475,421,534
1810345,476,428,518
1810446,477,446,526
1810546,480,452,537
1810646,485,447,545
1810746,488,454,537
1810846,486,441,544
1810947,490,452,543
1811047,501,443,555
1811147,500,459,545
1811248,511,492,559
1811348,522,484,575
1811448,538,497,588
1811549,551,508,592
1811649,560,522,615
1811750,564,524,612
1811850,572,517,640
1811951,561,530,622
1812052,559,513,625
1812153,558,526,601
1812253,559,512,614
1812353,556,509,613
1812453,559,515,609
1812553,556,510,626
1812653,555,517,608
1812753,560,504,611
1812854,561,533,611
1812954,561,521,603
1813054,564,538,623
1813154,563,514,611
1813254,565,531,630
1813354,566,512,627
1813455,563,541,629
1813556,565,511,621
1813656,567,531,622
1813756,569,521,635
1813857,568,528,628
1813957,570,534,629
1814057,569,516,616
1814157,569,521,619
1814257,569,520,628
1814357,574,539,643
1814458,577,546,626
1814558,577,532,638
1814659,579,543,639
1814759,580,549,633
1814859,581,541,645
1814959,586,543,642
1815059,587,554,641
1815160,583,521,638
1815261,579,541,631
1815361,585,555,635
1815461,583,544,636
1815561,580,534,620
1815662,580,542,631
1815762,583,539,632
1815862,583,541,634
1815962,584,526,652
1816062,586,534,636
1816162,586,549,634
1816262,583,532,633
1816362,584,523,632
1816462,586,545,637
1816562,587,536,651
1816662,590,553,638
1816762,612,572,669
1816862,621,576,671
1816963,645,598,702
1817063,663,638,736
1817163,701,645,749
1817263,733,682,784
1817363,750,699,797
1817463,760,727,804
1817563,783,755,840
1817664,779,746,849
1817765,783,750,834
1817866,767,711,829
1817966,773,753,829
1818066,792,752,857
1818166,797,761,847
1818267,805,776,858
1818367,792,753,858
1818467,814,771,871
1818567,808,770,853
1818667,762,738,815
1818767,765,733,836
1818867,779,730,840
1818967,756,716,808
1819067,745,687,789
1819168,751,697,797
1819268,773,744,821
1819368,772,723,813
1819469,772,733,823
1819569,738,689,792
1819670,765,732,813
1819770,759,719,814
1819870,743,712,811
1819970,725,678,784
1820070,732,700,788
1820170,743,698,793
1820271,758,723,812
1820372,759,715,826
1820472,762,721,815
1820573,769,725,832
1820674,774,731,835
1820774,789,753,847
1820874,786,743,843
1820975,797,755,850
1821075,790,756,850
1821176,783,739,835
1821277,764,721,825
1821377,771,727,831
1821478,769,714,826
1821578,763,706,812
1821678,760,711,811
1821778,764,744,814
1821879,767,729,825
1821979,803,759,848
1822079,797,753,856
1822179,812,766,866
1822279,831,796,882
1822380,828,798,885
1822481,877,834,937
1822581,889,847,944
1822681,892,846,942
1822781,882,849,944
1822881,866,834,919
1822981,878,844,933
1823082,853,816,911
1823182,733,222,878
1823282,400,151,1109
1823382,119,81,1322
1823482,3,0,26
1823583,2,0,22
1823684,1,0,33
1823785,1,0,34
1823885,1,0,29
1823986,1,0,17
1824086,1,0,29
1824186,1,0,21
1824286,1,0,53
1824387,1,0,26
1824488,1,0,19
1824589,0,0,28
1824690,1,0,25
1824790,1,0,28
1824890,1,0,22
1824990,1,0,24
1825090,1,0,30
1825190,1,0,31
1825290,1,0,32
1825390,1,0,18
1825490,1,0,28
1825591,1,0,34
1825691,1,0,26
1825791,1,0,28
1825891,1,0,33
1825991,1,0,33
1826091,1,0,20
1826192,1,0,20
1826292,1,0,32
1826392,1,0,32
1826492,1,0,17
1826592,1,0,22
1826693,1,0,27
1826793,1,0,20
1826893,1,0,20
1826994,1,0,27
1827095,1,0,26
1827196,1,0,27
1827297,1,0,29
1827397,1,0,24
1827497,1,0,29
1827597,1,0,34
1827697,1,0,23
1827797,1,0,24
1827897,1,0,24
1827997,0,0,13
1828097,1,0,18
1828197,0,0,29
1828297,0,0,9
1828397,0,0,17
1828498,0,0,20
1828598,0,0,14
1828698,0,0,16
1828798,0,0,31
1828898,0,0,35
1828998,0,0,30
1829099,0,0,17
1829200,1,0,28
1829300,0,0,19
1829400,0,0,37
1829501,0,0,22
1829601,0,0,19
1829702,0,0,14
1829802,0,0,26
1829902,0,0,25
1830002,0,0,26
1830102,0,0,24
1830202,0,0,24
1830302,0,0,22
1830402,0,0,16
1830502,0,0,22
1830603,0,0,21
1830704,1,0,16
1830805,0,0,26
1830905,0,0,24
1831005,1,0,26
1831106,0,0,17
1831207,1,0,14
1831308,0,0,27
1831408,1,0,24
1831508,0,0,30
1831608,0,0,39
1831708,0,0,29
1831808,0,0,32
1831908,0,0,28
1832009,0,0,30
1832110,1,0,18
1832210,0,0,23
1832310,0,0,23
1832411,0,0,25
1832511,0,0,31
1832612,0,0,28
1832712,0,0,27
1832812,0,0,33
1832913,0,0,41
1833013,0,0,19
1833113,0,0,27
1833214,0,0,12
1833315,0,0,29
1833415,0,0,17
1833515,0,0,29
1833615,0,0,25
1833716,0,0,23
1833817,0,0,32
1833917,0,0,22
1834017,0,0,23
1834117,1,0,28
1834218,0,0,24
1834319,0,0,15
1834419,0,0,36
1834520,0,0,24
1834621,0,0,24
1834721,0,0,32
1834821,0,0,30
1834921,0,0,15
1835021,0,0,22
1835121,0,0,18
1835222,0,0,20
1835322,0,0,26
1835422,0,0,23
1835522,0,0,18
1835623,0,0,23
1835724,0,0,37

Test 11:
2000618,1,0,37
2000718,1,0,31
2000819,0,0,31
2000920,1,0,22
2001020,0,0,21
2001121,1,0,26
2001221,1,0,35
2001321,1,0,39
2001421,1,0,25
2001521,0,0,29
2001621,1,0,24
2001721,1,0,30
2001822,1,0,23
2001922,1,0,24
2002022,0,0,25
2002122,1,0,34
2002223,0,0,20
2002324,1,0,24
2002424,1,0,22
2002525,1,0,30
2002625,0,0,26
2002725,1,0,23
2002825,1,0,36
2002925,1,0,26
2003026,1,0,21
2003126,0,0,22
2003227,1,0,38
2003327,1,0,20
2003428,1,0,21
2003528,1,0,21
2003628,1,0,27
2003728,1,0,27
2003829,1,0,41
2003929,1,0,21
2004029,1,0,28
2004129,1,0,36
2004230,0,0,25
2004330,1,0,21
2004430,1,0,27
2004530,0,0,29
2004630,1,0,26
2004731,1,0,27
2004832,1,0,27
2004933,0,0,23
2005033,1,0,28
2005133,1,0,27
2005233,1,0,33
2005334,0,0,24
2005434,1,0,22
2005535,1,0,32
2005636,0,0,35
2005736,1,0,25
2005836,1,0,26
2005936,0,0,39
2006036,1,0,25
2006137,1,0,28
2006237,1,0,35
2006337,1,0,17
2006437,1,0,35
2006537,0,0,15
2006638,1,0,31
2006739,1,0,19
2006839,1,0,18
2006939,1,0,32
2007039,0,0,26
2007139,1,0,22
2007240,0,0,26
2007340,1,0,22
2007441,1,0,35
2007542,1,0,14
2007642,1,0,21
2007742,0,0,16
2007842,1,0,24
2007942,1,0,41
2008043,1,0,27
2008143,0,0,22
2008243,0,0,30
2008343,0,0,19
2008444,0,0,23
2008544,0,0,21
2008644,1,0,16
2008745,1,0,24
2008846,1,0,27
2008947,1,0,35
2009047,1,0,26
2009147,1,0,29
2009247,1,0,25
2009347,1,0,15
2009447,1,0,13
2009547,0,0,32
2009647,0,0,13
2009747,1,0,13
2009847,1,0,28
2009947,1,0,33
2010047,1,0,30
2010147,0,0,20
2010248,1,0,34
2010348,1,0,27
2010448,1,0,25
2010548,0,0,17
2010648,1,0,25
2010749,0,0,18
2010849,1,0,25
2010949,1,0,29
2011050,1,0,33
2011151,1,0,22
2011251,1,0,28
2011351,1,0,16
2011451,1,0,20
2011551,0,0,25
2011651,1,0,28
2011751,1,0,40
2011852,1,0,17
2011952,1,0,20
2012052,1,0,28
2012152,2,0,28
2012253,1,0,26
2012353,2,0,24
2012453,1,0,24
2012553,1,0,29
2012653,1,0,27
2012754,3,0,33
2012854,1,0,29
2012954,2,0,29
2013054,1,0,32
2013154,1,0,22
2013254,1,0,21
2013354,3,0,27
2013455,2,0,22
2013556,1,0,22
2013656,2,0,21
2013756,2,0,21
2013856,2,0,31
2013956,2,0,43
2014056,1,0,16
2014157,2,0,33
2014258,1,0,35
2014358,2,0,21
2014459,1,0,27
2014560,1,0,25
2014660,1,0,20
2014760,2,0,29
2014861,2,0,26
2014961,1,0,22
2015061,2,0,31
2015161,1,0,25
2015261,1,0,23
2015361,2,0,38
2015461,1,0,31
2015561,2,0,34
2015662,2,0,18
2015762,3,0,26
2015863,2,0,27
2015963,1,0,33
2016063,1,0,31
2016163,2,0,33
2016263,5,0,49
2016363,7,0,36
2016463,17,0,60
2016564,22,0,78
2016664,37,0,90
2016764,50,0,103
2016864,56,27,100
2016964,68,31,109
2017064,74,34,114
2017165,81,56,136
2017265,81,46,132
2017366,76,35,140
2017466,76,25,129
2017566,77,45,119
2017666,80,31,139
2017766,81,46,131
2017866,80,28,137
2017966,80,22,137
2018066,82,55,137
2018167,80,52,120
2018267,77,44,134
2018368,77,39,138
2018468,78,34,128
2018568,78,33,152
2018668,78,53,124
2018769,80,30,134
2018869,80,48,123
2018970,81,51,134
2019071,79,57,142
2019172,79,38,132
2019272,79,41,128
2019373,78,44,123
2019473,80,63,129
2019574,80,58,130
2019675,84,53,140
2019775,83,52,132
2019875,85,49,141
2019975,86,44,140
2020075,85,54,131
2020175,84,53,133
2020276,86,48,147
2020376,84,44,134
2020476,86,57,144
2020576,87,53,135
2020677,89,55,135
2020777,90,33,157
2020877,87,59,142
2020977,86,44,136
2021077,86,50,143
2021177,88,51,139
2021278,86,51,148
2021378,87,44,135
2021478,86,37,130
2021579,84,59,133
2021679,82,51,138
2021779,83,24,125
2021879,84,48,142
2021979,84,32,134
2022079,84,30,131
2022179,83,54,130
2022279,84,55,142
2022379,96,60,147
2022479,106,54,157
2022580,134,93,186
2022681,161,102,217
2022781,176,129,229
2022881,186,162,239
2022981,211,184,274
2023082,207,175,267
2023182,203,174,260
2023282,201,151,249
2023382,198,152,243
2023483,196,156,264
2023584,192,153,247
2023684,188,161,240
2023785,190,163,245
2023885,190,151,243
2023985,183,154,236
2024085,184,154,245
2024185,188,148,240
2024285,187,147,240
2024385,187,153,240
2024485,188,128,241
2024585,186,144,232
2024685,185,125,233
2024785,184,147,235
2024885,179,143,236
2024986,174,139,232
2025086,172,132,223
2025186,178,147,235
2025286,180,138,234
2025386,177,137,245
2025486,175,127,223
2025587,171,139,242
2025688,171,122,221
2025788,173,138,231
2025888,175,117,230
2025988,173,114,229
2026089,180,134,243
2026190,175,145,230
2026290,176,129,236
2026390,176,117,226
2026491,174,134,229
2026591,175,153,231
2026692,177,127,228
2026792,177,135,233
2026892,176,138,223
2026993,178,138,239
2027093,174,130,232
2027193,172,118,216
2027293,169,134,226
2027394,170,124,228
2027495,173,140,224
2027595,171,131,220
2027695,175,141,233
2027796,180,146,226
2027897,191,149,254
2027997,211,166,280
2028097,224,181,274
2028197,244,217,297
2028298,259,210,314
2028398,266,226,323
2028498,254,209,316
2028598,254,209,309
2028699,258,210,314
2028799,257,233,306
2028899,257,201,321
2028999,257,205,320
2029100,256,230,315
2029200,257,219,315
2029301,262,210,320
2029402,259,217,305
2029503,256,221,312
2029603,257,207,299
2029704,257,209,318
2029804,255,208,309
2029904,253,209,311
2030005,255,214,317
2030106,257,225,315
2030206,258,239,312
2030307,254,206,303
2030407,258,213,299
2030507,258,203,310
2030607,260,208,316
2030707,264,238,325
2030808,264,215,311
2030909,263,235,319
2031009,262,226,319
2031109,260,219,314
2031209,262,229,320
2031309,263,218,312
2031409,262,209,312
2031509,263,229,328
2031609,261,215,319
2031710,260,218,318
2031811,260,242,315
2031912,260,215,302
2032012,260,227,309
2032113,257,232,308
2032214,256,220,324
2032314,261,214,314
2032415,262,226,319
2032515,262,223,318
2032616,262,233,325
2032716,263,223,321
2032816,266,216,313
2032916,267,219,325
2033017,267,224,313
2033117,271,235,325
2033218,271,243,325
2033318,272,245,319
2033419,273,231,328
2033520,277,245,330
2033620,277,237,331
2033720,276,234,338
2033820,279,236,337
2033920,286,260,342
2034021,305,275,366
2034121,332,280,386
2034222,358,338,404
2034322,373,335,426
2034422,385,335,439
2034523,373,324,435
2034624,377,320,430
2034724,373,343,432
2034825,373,337,441
2034925,372,318,432
2035025,374,330,438
2035125,376,324,423
2035225,379,334,432
2035325,373,333,436
2035425,371,336,439
2035525,370,357,426
2035626,372,331,415
2035726,373,332,416
2035826,373,340,423
2035926,378,340,436
2036026,381,333,430
2036127,381,326,446
2036227,380,352,433
2036327,384,352,439
2036427,381,344,445
2036528,376,347,441
2036629,375,343,420
2036729,374,332,443
2036829,379,349,434
2036930,383,351,433
2037030,378,341,437
2037130,380,324,434
2037230,384,333,435
2037330,385,345,434
2037431,386,330,437
2037531,388,362,451
2037631,386,336,440
2037732,389,364,450
2037832,384,349,442
2037932,388,352,450
2038032,391,356,443
2038132,394,351,448
2038233,394,348,448
2038334,401,358,465
2038434,399,358,466
2038535,404,354,456
2038635,406,368,462
2038736,411,376,470
2038836,414,376,468
2038937,422,382,473
2039038,430,385,490
2039139,435,402,500
2039239,447,412,506
2039339,453,425,511
2039439,459,406,521
2039539,460,420,521
2039640,464,419,518
2039741,475,433,530
2039842,469,425,521
2039942,467,435,515
2040042,467,413,523
2040142,465,407,526
2040242,463,425,519
2040343,465,422,517
2040443,464,431,516
2040544,462,415,518
2040644,462,422,518
2040744,460,430,516
2040844,462,425,514
2040944,460,416,516
2041044,460,411,740
2041144,458,422,506
2041244,460,425,519
2041345,457,429,521
2041446,457,424,513
2041546,456,415,511
2041647,456,417,506
2041747,454,409,512
2041847,459,418,516
2041947,461,414,517
2042047,459,398,526
2042148,458,424,518
2042249,458,421,514
2042350,455,427,522
2042450,455,403,508
2042551,456,418,517
2042652,456,425,510
2042752,456,432,525
2042852,458,420,511
2042952,461,425,507
2043052,458,423,512
2043152,456,412,507
2043253,456,426,508
2043353,454,421,515
2043453,461,417,519
2043553,483,453,531
2043654,517,470,577
2043755,552,520,613
2043855,581,548,632
2043955,596,568,665
2044055,604,559,647
2044155,619,591,677
2044255,610,562,658
2044356,611,563,665
2044456,613,577,664
2044556,611,575,658
2044656,618,584,668
2044756,623,577,671
2044856,623,587,673
2044956,630,574,682
2045056,627,595,679
2045156,622,592,683
2045257,622,585,678
2045357,614,567,675
2045458,613,583,669
2045558,608,561,667
2045658,609,557,674
2045758,615,565,667
2045858,619,590,678
2045958,624,586,671
2046058,610,558,673
2046158,614,554,680
2046258,613,571,672
2046359,606,568,658
2046459,593,555,652
2046559,596,559,646
2046660,591,553,645
2046760,599,577,657
2046860,602,564,661
2046961,600,557,651
2047061,599,551,658
2047161,598,568,659
2047261,598,545,644
2047362,596,543,647
2047462,605,561,671
2047563,598,567,650
2047664,598,551,665
2047765,587,560,635
2047866,585,547,647
2047967,589,540,639
2048067,592,549,654
2048167,585,572,645
2048267,581,543,641
2048367,589,546,631
2048467,587,559,652
2048568,582,538,636
2048668,587,534,639
2048768,590,536,651
2048869,592,552,638
2048969,601,580,657
2049069,602,572,657
2049169,597,550,646
2049269,615,580,672
2049370,647,603,710
2049471,680,648,743
2049571,737,686,781
2049672,771,735,836
2049773,783,739,834
2049873,752,722,810
2049973,754,724,809
2050073,753,715,809
2050173,748,697,815
2050274,745,697,802
2050374,743,702,805
2050475,739,701,805
2050576,755,723,819
2050676,758,718,813
2050776,756,706,822
2050876,759,725,809
2050976,762,734,821
2051076,759,724,819
2051176,761,721,823
2051276,752,708,803
2051376,761,722,814
2051477,766,712,822
2051577,762,723,813
2051677,775,741,836
2051777,769,729,827
2051877,769,732,818
2051977,780,737,832
2052077,794,758,838
2052177,789,744,854
2052277,786,752,844
2052377,793,765,848
2052478,792,742,845
2052578,781,735,839
2052678,781,755,843
2052778,772,751,829
2052878,769,720,829
2052979,770,734,836
2053079,795,757,859
2053179,785,747,851
2053279,790,749,850
2053379,786,748,836
2053480,794,758,848
2053580,790,753,849
2053680,797,746,849
2053780,804,765,852
2053880,802,749,856
2053980,808,756,852
2054080,804,765,857
2054180,802,751,855
2054280,815,776,870
2054380,814,773,868
2054481,810,764,867
2054581,696,304,834
2054681,380,249,1053
2054781,113,77,1255
2054881,3,0,35
2054981,2,0,25
2055081,1,0,29
2055181,1,0,12
2055282,1,0,26
2055382,1,0,30
2055482,1,0,30
2055582,1,0,28
2055682,1,0,28
2055783,1,0,36
2055883,1,0,31
2055984,1,0,27
2056084,1,0,29
2056184,1,0,27
2056284,1,0,25
2056384,1,0,22
2056484,1,0,41
2056584,1,0,27
2056684,1,0,24
2056784,1,0,27
2056884,0,0,13
2056985,1,0,23
2057085,0,0,29
2057185,1,0,34
2057285,1,0,30
2057385,1,0,25
2057485,1,0,21
2057585,1,0,32
2057686,0,0,23
2057787,1,0,28
2057888,1,0,33
2057988,1,0,34
2058089,1,0,23
2058189,0,0,32
2058289,0,0,36
2058389,0,0,21
2058490,0,0,17
2058591,0,0,36
2058692,1,0,32
2058792,0,0,21
2058892,0,0,19
2058992,0,0,15
2059092,0,0,34
2059192,1,0,35
2059292,1,0,33
2059393,0,0,19
2059493,1,0,34
2059594,0,0,22
2059694,0,0,23
2059794,0,0,20
2059894,0,0,27
2059995,0,0,24
2060095,0,0,16
2060195,0,0,20
2060296,1,0,17
2060396,0,0,32
2060497,0,0,11
2060598,0,0,17
2060699,0,0,19
2060799,0,0,30
2060899,0,0,26
2060999,0,0,23
2061099,0,0,26
2061199,1,0,21
2061299,0,0,22
2061400,0,0,16
2061500,0,0,29
2061600,0,0,28
2061700,0,0,20
2061801,0,0,36
2061901,0,0,22
2062002,1,0,21
2062102,1,0,26
2062203,1,0,20
2062303,0,0,20
2062403,1,0,32
2062503,0,0,30
2062603,0,0,31
2062703,0,0,33
2062803,0,0,12
2062903,0,0,30
2063004,0,0,38
2063104,0,0,32
2063204,0,0,24
2063304,0,0,16
2063405,0,0,15
2063505,0,0,17
2063605,0,0,31
2063705,1,0,20
2063805,0,0,20
2063906,0,0,17
2064006,0,0,29
2064106,0,0,24
2064206,0,0,33
2064306,0,0,21
2064407,0,0,18
2064507,0,0,22
2064608,0,0,24
2064708,1,0,29

Test 12:
2214002,1,0,31
2214102,1,0,19
2214202,1,0,21
2214302,1,0,27
2214402,1,0,23
2214502,1,0,31
2214602,0,0,24
2214702,1,0,31
2214803,1,0,25
2214903,1,0,21
2215003,0,0,30
2215103,1,0,29
2215203,1,0,21
2215303,1,0,34
2215404,1,0,30
2215505,0,0,15
2215606,0,0,15
2215707,1,0,33
2215807,1,0,25
2215907,0,0,18
2216008,1,0,28
2216108,1,0,39
2216209,1,0,12
2216309,1,0,38
2216409,1,0,29
2216509,1,0,28
2216610,1,0,17
2216711,1,0,50
2216811,1,0,15
2216911,1,0,16
2217012,1,0,33
2217112,1,0,30
2217212,1,0,26
2217313,1,0,23
2217413,1,0,21
2217514,1,0,27
2217614,1,0,27
2217715,1,0,24
2217815,1,0,25
2217915,0,0,22
2218015,1,0,28
2218115,1,0,27
2218216,1,0,35
2218316,1,0,16
2218416,0,0,15
2218516,1,0,23
2218616,0,0,35
2218717,0,0,22
2218817,1,0,33
2218918,1,0,20
2219019,1,0,31
2219119,1,0,24
2219220,0,0,14
2219321,1,0,35
2219421,1,0,23
2219521,1,0,23
2219621,1,0,26
2219721,1,0,34
2219822,1,0,22
2219922,1,0,33
2220023,1,0,22
2220124,1,0,22
2220224,1,0,19
2220324,1,0,35
2220424,1,0,28
2220524,1,0,38
2220624,1,0,23
2220724,1,0,31
2220824,1,0,26
2220925,1,0,28
2221025,0,0,29
2221125,1,0,32
2221225,1,0,41
2221325,0,0,20
2221425,0,0,24
2221525,1,0,20
2221625,1,0,31
2221725,1,0,34
2221825,0,0,31
2221926,1,0,24
2222026,1,0,23
2222127,1,0,15
2222227,1,0,29
2222327,1,0,26
2222427,1,0,29
2222527,1,0,40
2222627,1,0,25
2222727,1,0,26
2222827,1,0,34
2222928,1,0,40
2223028,1,0,20
2223128,1,0,30
2223228,1,0,27
2223328,1,0,20
2223428,1,0,33
2223528,1,0,29
2223628,1,0,30
2223728,1,0,33
2223828,0,0,25
2223929,1,0,38
2224029,1,0,25
2224129,1,0,29
2224229,1,0,26
2224330,1,0,30
2224430,1,0,21
2224530,0,0,23
2224631,1,0,26
2224731,1,0,26
2224831,1,0,25
2224931,1,0,23
2225031,1,0,16
2225132,1,0,30
2225233,1,0,26
2225333,1,0,16
2225433,0,0,19
2225534,1,0,28
2225634,1,0,29
2225734,1,0,24
2225834,1,0,27
2225934,1,0,42
2226034,1,0,34
2226134,1,0,30
2226234,1,0,25
2226335,1,0,31
2226436,0,0,29
2226536,1,0,29
2226637,1,0,30
2226738,1,0,22
2226838,1,0,27
2226938,1,0,20
2227038,1,0,10
2227138,1,0,19
2227239,1,0,24
2227339,1,0,24
2227439,1,0,34
2227540,1,0,32
2227640,1,0,37
2227740,1,0,48
2227840,0,0,20
2227941,1,0,41
2228042,1,0,33
2228142,0,0,15
2228242,1,0,34
2228342,1,0,16
2228442,1,0,22
2228543,1,0,29
2228644,2,0,35
2228745,2,0,44
2228846,1,0,29
2228946,2,0,33
2229046,1,0,19
2229146,2,0,38
2229246,2,0,29
2229346,1,0,31
2229447,2,0,13
2229547,1,0,24
2229647,1,0,27
2229748,2,0,41
2229848,1,0,33
2229948,2,0,28
2230048,2,0,26
2230149,2,0,26
2230249,1,0,30
2230349,1,0,29
2230450,2,0,41
2230550,3,0,45
2230651,2,0,42
2230751,2,0,33
2230851,2,0,32
2230952,2,0,23
2231052,1,0,24
2231153,1,0,33
2231253,1,0,22
2231353,1,0,20
2231453,1,0,22
2231553,2,0,32
2231654,2,0,39
2231754,2,0,25
2231855,2,0,24
2231956,2,0,31
2232057,2,0,25
2232157,5,0,46
2232257,7,0,46
2232358,21,0,66
2232458,33,0,82
2232558,40,16,93
2232658,50,0,97
2232758,58,35,110
2232859,71,41,125
2232960,75,39,140
2233061,79,36,127
2233161,87,45,146
2233261,84,60,125
2233361,83,35,127
2233462,87,40,144
2233562,85,52,150
2233662,80,49,123
2233762,80,37,131
2233862,82,43,129
2233962,84,60,138
2234063,79,31,144
2234163,75,29,125
2234264,75,36,121
2234364,76,17,134
2234464,75,53,137
2234564,75,32,121
2234664,78,28,136
2234764,82,45,131
2234864,81,45,136
2234965,81,44,125
2235066,76,27,132
2235166,77,47,131
2235267,78,45,132
2235368,81,23,131
2235468,83,26,139
2235569,85,33,132
2235669,85,69,136
2235770,83,51,130
2235870,85,51,133
2235970,83,50,137
2236070,83,45,135
2236171,83,44,139
2236271,79,41,120
2236371,86,53,135
2236471,106,58,151
2236571,126,79,183
2236672,153,130,211
2236772,173,129,217
2236872,181,142,238
2236972,173,141,234
2237072,172,135,224
2237172,173,145,233
2237272,174,121,232
2237373,174,139,228
2237473,178,119,223
2237573,177,124,230
2237673,179,145,238
2237774,178,151,236
2237874,177,140,238
2237974,181,129,230
2238074,182,142,230
2238174,182,142,243
2238274,179,155,235
2238374,178,152,234
2238475,180,136,223
2238576,181,139,235
2238676,179,137,239
2238776,177,142,236
2238877,175,136,228
2238978,173,139,225
2239079,173,129,225
2239179,175,122,234
2239279,177,141,235
2239379,180,156,235
2239480,180,146,245
2239580,182,131,248
2239681,183,140,236
2239782,184,158,246
2239883,184,146,241
2239983,183,145,242
2240084,183,134,244
2240184,185,140,245
2240285,184,122,230
2240385,186,130,236
2240485,189,152,239
2240585,196,156,250
2240686,200,165,258
2240787,216,185,268
2240887,228,186,284
2240987,240,191,292
2241088,241,204,293
2241188,242,214,300
2241289,246,203,297
2241389,251,221,309
2241490,248,203,295
2241590,246,199,308
2241690,244,218,302
2241791,241,196,296
2241891,243,197,289
2241991,240,197,295
2242092,242,195,289
2242192,235,195,295
2242292,238,187,298
2242392,237,209,293
2242492,238,196,292
2242593,234,190,275
2242693,237,195,281
2242793,238,194,294
2242893,234,208,284
2242993,232,194,292
2243093,227,170,289
2243193,227,198,280
2243293,233,197,290
2243393,240,194,297
2243493,236,194,293
2243594,235,188,294
2243694,232,196,285
2243794,234,188,290
2243894,235,183,294
2243995,243,184,298
2244096,245,216,304
2244196,242,205,289
2244297,241,189,302
2244397,242,203,292
2244497,244,207,292
2244598,245,196,301
2244698,248,200,312
2244798,251,208,300
2244899,252,202,308
2245000,253,213,324
2245100,252,219,306
2245201,258,233,312
2245301,264,211,323
2245401,282,238,338
2245501,290,244,345
2245601,311,276,367
2245701,319,283,375
2245802,330,285,381
2245902,348,301,401
2246003,343,313,391
2246103,344,295,387
2246204,354,324,416
2246305,354,307,413
2246405,354,308,422
2246505,349,308,401
2246605,346,314,396
2246705,345,311,397
2246805,344,307,409
2246905,340,305,395
2247006,331,291,376
2247106,332,292,397
2247206,342,322,402
2247306,343,292,408
2247406,340,299,394
2247507,348,308,398
2247607,348,285,398
2247707,358,324,415
2247807,355,316,401
2247907,352,312,400
2248008,358,316,419
2248108,360,328,421
2248209,355,307,415
2248309,362,324,417
2248409,362,325,408
2248509,361,296,412
2248610,351,302,411
2248710,350,304,417
2248810,344,316,411
2248910,344,317,391
2249011,338,299,384
2249111,334,287,380
2249212,333,289,383
2249312,337,298,390
2249412,332,276,383
2249513,328,278,385
2249613,338,301,385
2249714,339,307,393
2249815,344,304,392
2249916,342,313,402
2250017,337,286,387
2250117,335,288,401
2250218,343,304,402
2250318,340,324,394
2250419,345,304,407
2250520,350,318,401
2250620,347,302,401
2250721,354,314,412
2250821,374,331,431
2250921,389,344,450
2251022,415,382,473
2251122,436,403,485
2251223,442,391,509
2251323,445,399,492
2251423,445,410,493
2251524,442,405,499
2251624,438,412,494
2251724,437,403,483
2251824,439,390,504
2251924,438,390,491
2252025,439,386,509
2252126,442,401,491
2252226,442,407,501
2252326,448,417,505
2252427,448,420,498
2252527,441,394,489
2252627,445,393,508
2252727,448,407,506
2252827,446,396,506
2252928,444,404,502
2253028,445,406,501
2253128,447,406,501
2253228,451,422,501
2253328,448,423,499
2253428,449,408,507
2253528,452,405,508
2253628,453,398,519
2253729,458,429,517
2253829,459,416,531
2253929,461,431,522
2254029,466,419,530
2254129,467,433,522
2254229,465,423,523
2254329,465,427,506
2254430,462,420,526
2254530,470,428,527
2254630,493,427,565
2254731,516,473,578
2254832,547,506,603
2254933,577,552,624
2255034,592,569,658
2255135,606,564,666
2255236,589,552,640
2255336,587,566,646
2255436,582,528,635
2255537,582,553,640
2255637,578,537,640
2255737,574,520,642
2255837,577,548,636
2255938,579,534,637
2256038,585,533,635
2256138,588,558,662
2256239,595,550,664
2256340,599,553,657
2256440,603,567,652
2256540,600,564,655
2256640,600,560,640
2256741,601,563,657
2256841,609,562,666
2256942,601,547,651
2257043,610,584,669
2257143,609,568,659
2257244,608,550,662
2257344,607,564,665
2257444,613,577,670
2257544,614,580,667
2257644,617,568,668
2257745,613,569,669
2257845,613,573,656
2257946,617,590,676
2258046,609,566,675
2258146,607,572,667
2258246,611,569,665
2258346,615,554,679
2258447,620,567,672
2258547,618,579,667
2258648,621,581,669
2258748,625,571,691
2258848,631,589,694
2258948,634,604,683
2259048,636,589,694
2259148,646,594,711
2259248,651,606,704
2259349,666,627,721
2259449,679,643,734
2259549,696,649,756
2259650,716,663,773
2259750,732,707,791
2259850,748,699,805
2259950,769,729,825
2260051,787,736,839
2260151,791,736,850
2260251,797,762,847
2260351,834,793,889
2260451,821,787,873
2260552,825,786,885
2260652,805,772,851
2260753,806,768,857
2260853,782,742,825
2260954,782,740,829
2261054,786,761,845
2261154,798,748,844
2261254,799,768,849
2261355,796,758,848
2261455,783,732,842
2261555,766,723,822
2261655,751,708,820
2261756,766,717,811
2261857,770,735,815
2261957,777,746,823
2262057,786,750,841
2262158,792,750,856
2262258,809,764,852
2262358,809,748,860
2262459,810,762,880
2262559,809,758,875
2262659,799,758,856
2262759,807,768,864
2262859,822,788,890
2262960,806,770,861
2263060,788,745,840
2263160,782,751,840
2263261,784,746,839
2263361,780,736,834
2263461,785,746,836
2263561,791,753,842
2263662,784,730,844
2263762,778,736,845
2263863,781,740,838
2263963,776,725,826
2264063,776,729,829
2264164,781,742,830
2264264,756,717,810
2264364,755,711,808
2264465,757,711,809
2264565,767,737,825
2264666,767,735,839
2264766,764,721,819
2264867,757,721,817
2264968,748,698,815
2265068,643,437,770
2265168,351,158,972
2265268,104,36,1159
2265368,3,0,29
2265468,2,0,24
2265569,1,0,22
2265669,1,0,26
2265770,1,0,28
2265870,1,0,29
2265970,1,0,23
2266070,1,0,30
2266170,1,0,29
2266271,1,0,18
2266371,1,0,21
2266471,1,0,32
2266572,1,0,29
2266673,1,0,16
2266773,1,0,31
2266873,1,0,37
2266973,1,0,21
2267073,1,0,23
2267173,0,0,16
2267274,1,0,34
2267374,0,0,15
2267475,1,0,31
2267576,1,0,31
2267676,1,0,27
2267776,1,0,35
2267876,1,0,42
2267977,0,0,21
2268078,1,0,33
2268179,1,0,29
2268279,1,0,31
2268379,1,0,39
2268480,1,0,36
2268581,1,0,23
2268682,1,0,28
2268782,1,0,25
2268882,1,0,23
2268982,0,0,27
2269082,1,0,28
2269182,1,0,27
2269282,1,0,34
2269383,0,0,22
2269484,1,0,31
2269584,1,0,29
2269685,1,0,28
2269785,1,0,28
2269886,1,0,22
2269986,1,0,31
2270086,1,0,29
2270187,1,0,33
2270287,1,0,23
2270388,1,0,28
2270488,1,0,40
2270589,1,0,18
2270689,1,0,31
2270789,0,0,25
2270889,1,0,26
2270989,1,0,23
2271089,1,0,27
2271189,1,0,25
2271290,1,0,28
2271390,1,0,45
2271491,1,0,34
2271591,1,0,23
2271692,0,0,28
2271792,0,0,21
2271893,0,0,26
2271994,1,0,28
2272094,0,0,32
2272194,0,0,21
2272294,0,0,40
2272394,0,0,26
2272494,0,0,18
2272594,0,0,27
2272694,0,0,30
2272794,0,0,9
2272894,0,0,16
2272995,0,0,26
2273095,0,0,31
2273195,0,0,23
2273295,0,0,23
2273395,0,0,26
2273496,0,0,18
2273596,0,0,25
2273696,0,0,25
2273796,0,0,21
2273896,0,0,30
2273996,1,0,33

Test 13:
2426198,1,0,20
2426298,1,0,36
2426398,1,0,23
2426498,1,0,20
2426599,1,0,23
2426699,1,0,29
2426799,1,0,34
2426900,1,0,32
2427000,1,0,28
2427101,1,0,21
2427201,1,0,19
2427301,1,0,33
2427402,1,0,16
2427502,1,0,29
2427603,1,0,21
2427704,0,0,21
2427804,1,0,33
2427904,1,0,21
2428005,0,0,20
2428105,1,0,25
2428205,0,0,16
2428306,1,0,29
2428406,1,0,33
2428506,0,0,24
2428607,0,0,22
2428707,1,0,29
2428807,1,0,24
2428907,1,0,31
2429008,0,0,33
2429108,1,0,24
2429208,0,0,24
2429308,1,0,24
2429408,1,0,25
2429508,1,0,35
2429609,1,0,15
2429709,1,0,30
2429809,0,0,22
2429909,0,0,20
2430010,1,0,30
2430110,1,0,21
2430211,0,0,23
2430311,1,0,33
2430411,1,0,24
2430511,1,0,25
2430611,0,0,30
2430711,0,0,29
2430811,1,0,24
2430911,1,0,23
2431011,1,0,24
2431111,0,0,23
2431212,1,0,26
2431312,0,0,20
2431412,1,0,36
2431512,1,0,24
2431612,1,0,28
2431712,1,0,28
2431812,1,0,28
2431912,0,0,24
2432013,0,0,30
2432113,1,0,22
2432213,0,0,28
2432314,1,0,22
2432415,0,0,15
2432515,1,0,28
2432615,1,0,22
2432715,1,0,27
2432816,1,0,33
2432916,1,0,19
2433017,1,0,25
2433118,1,0,30
2433218,0,0,29
2433319,1,0,26
2433419,0,0,22
2433519,0,0,15
2433619,1,0,18
2433719,1,0,26
2433819,2,0,38
2433919,2,0,20
2434019,1,0,27
2434119,1,0,34
2434219,2,0,28
2434320,1,0,10
2434420,1,0,27
2434520,2,0,25
2434620,2,0,26
2434720,2,0,30
2434820,1,0,33
2434920,2,0,33
2435020,1,0,26
2435120,2,0,31
2435221,1,0,22
2435321,1,0,29
2435421,1,0,22
2435521,2,0,43
2435622,1,0,28
2435722,0,0,24
2435823,1,0,21
2435924,2,0,35
2436024,1,0,25
2436125,2,0,23
2436225,2,0,33
2436325,1,0,30
2436425,2,0,27
2436525,0,0,20
2436625,2,0,27
2436726,2,0,34
2436826,8,0,46
2436926,13,0,55
2437026,19,0,59
2437127,32,3,82
2437227,35,6,88
2437327,47,20,92
2437427,58,38,112
2437527,69,45,120
2437628,71,32,119
2437728,79,53,135
2437828,82,42,132
2437928,76,38,126
2438028,76,45,124
2438129,78,35,131
2438229,77,48,123
2438329,76,46,127
2438429,75,22,124
2438530,74,32,136
2438630,75,35,115
2438731,75,27,125
2438832,75,46,120
2438933,75,37,125
2439034,76,49,134
2439135,75,48,123
2439235,76,25,115
2439335,76,31,118
2439436,76,37,126
2439537,77,39,138
2439637,77,45,136
2439738,79,38,130
2439839,80,39,133
2439940,81,43,134
2440040,84,59,134
2440140,83,50,145
2440241,83,47,140
2440342,81,42,139
2440442,80,35,125
2440542,79,29,126
2440643,80,51,142
2440744,79,49,144
2440844,81,52,130
2440944,79,38,142
2441044,80,48,129
2441144,81,41,144
2441244,83,56,130
2441345,82,57,136
2441446,81,50,139
2441546,81,55,129
2441647,81,58,134
2441748,81,56,133
2441849,83,34,134
2441950,81,40,136
2442050,82,50,134
2442150,82,53,138
2442250,81,48,131
2442350,82,44,150
2442450,88,52,138
2442550,88,48,135
2442650,105,69,168
2442751,111,60,158
2442851,118,79,189
2442952,132,90,184
2443052,147,110,183
2443152,157,125,219
2443252,169,119,221
2443352,169,133,227
2443453,178,139,232
2443553,186,150,240
2443653,184,157,235
2443753,178,131,222
2443853,176,123,232
2443954,173,129,238
2444054,177,134,229
2444155,177,134,234
2444255,174,134,223
2444355,167,130,227
2444456,168,133,223
2444556,172,131,228
2444656,167,118,213
2444756,166,103,228
2444857,169,122,220
2444957,171,136,223
2445058,169,127,217
2445158,170,120,215
2445258,171,133,231
2445358,167,131,216
2445458,169,138,224
2445558,172,141,223
2445658,173,130,224
2445758,173,148,224
2445858,169,122,211
2445958,169,117,221
2446059,167,139,220
2446159,172,134,241
2446259,171,129,223
2446359,171,126,216
2446459,177,144,224
2446559,166,125,225
2446659,161,118,215
2446759,162,124,218
2446859,163,133,220
2446959,169,132,219
2447060,171,134,228
2447160,171,128,218
2447260,166,139,228
2447361,164,120,208
2447461,176,132,223
2447561,184,142,232
2447661,197,156,253
2447762,202,160,255
2447863,216,171,265
2447964,227,180,277
2448064,232,191,279
2448165,239,177,288
2448265,240,203,289
2448365,235,187,306
2448466,231,186,278
2448566,232,177,290
2448666,232,194,294
2448766,232,197,286
2448867,233,190,284
2448967,233,196,290
2449068,234,215,278
2449168,232,194,277
2449268,234,192,291
2449369,237,206,286
2449469,239,208,302
2449570,239,177,301
2449670,241,216,285
2449770,241,213,296
2449871,241,193,296
2449971,242,208,297
2450072,244,200,295
2450173,242,206,285
2450273,243,200,297
2450373,243,206,295
2450474,244,194,300
2450575,245,212,296
2450675,246,203,296
2450775,247,216,294
2450876,247,220,309
2450976,247,208,309
2451076,242,198,292
2451176,246,215,292
2451276,248,218,289
2451376,247,210,318
2451477,246,221,307
2451577,247,217,297
2451677,249,212,299
2451777,250,200,302
2451878,249,203,297
2451978,249,230,316
2452078,250,212,304
2452178,254,211,315
2452278,253,213,304
2452378,258,202,309
2452478,275,243,320
2452578,295,271,356
2452678,325,302,381
2452778,338,290,398
2452878,344,315,402
2452978,353,302,419
2453078,352,299,401
2453179,349,321,403
2453280,349,304,402
2453380,347,312,394
2453480,341,288,402
2453580,342,310,403
2453681,340,300,395
2453781,337,279,398
2453882,339,298,394
2453982,336,280,393
2454083,338,294,396
2454183,337,308,395
2454283,340,307,405
2454383,344,314,401
2454483,348,302,399
2454583,344,301,389
2454684,342,313,399
2454785,343,301,399
2454886,351,305,415
2454986,352,301,408
2455087,355,312,419
2455188,353,309,405
2455289,348,310,402
2455389,357,320,407
2455489,355,316,416
2455590,348,300,397
2455691,341,310,397
2455791,341,303,399
2455892,335,299,383
2455993,335,300,391
2456094,344,307,392
2456194,347,312,412
2456294,346,311,413
2456394,339,295,387
2456495,341,313,397
2456596,342,308,392
2456697,341,293,397
2456797,339,292,407
2456897,344,286,407
2456997,344,315,401
2457098,343,313,403
2457199,347,314,400
2457300,356,311,413
2457400,367,330,418
2457501,384,339,441
2457601,400,364,453
2457702,412,367,470
2457802,431,383,486
2457902,446,416,510
2458002,451,406,508
2458102,455,423,529
2458203,475,445,531
2458303,468,428,530
2458403,462,425,516
2458503,457,426,511
2458603,452,414,513
2458704,450,414,509
2458804,447,393,504
2458905,445,416,501
2459005,448,391,509
2459105,449,405,521
2459206,450,398,507
2459306,450,413,511
2459406,449,397,506
2459506,450,410,507
2459606,453,414,517
2459706,457,418,520
2459807,454,400,505
2459907,456,414,508
2460007,455,404,510
2460107,455,435,506
2460207,460,405,519
2460307,461,416,515
2460407,458,425,507
2460507,456,429,513
2460607,458,423,513
2460707,462,425,520
2460808,467,423,514
2460909,466,425,520
2461010,471,423,524
2461110,470,453,515
2461211,465,426,523
2461311,470,425,529
2461411,475,442,531
2461511,482,421,536
2461611,486,440,548
2461711,499,452,551
2461811,514,474,573
2461911,530,496,594
2462012,544,528,598
2462113,550,505,598
2462214,550,506,615
2462315,575,541,642
2462415,571,529,631
2462515,571,528,631
2462616,567,516,632
2462716,566,524,622
2462816,560,523,614
2462916,563,520,637
2463017,558,539,612
2463117,560,508,624
2463218,559,513,616
2463319,555,519,616
2463419,558,512,636
2463519,560,526,609
2463619,558,533,614
2463720,558,507,610
2463821,557,520,615
2463922,558,515,607
2464022,555,509,618
2464122,553,504,609
2464222,550,513,610
2464322,544,515,600
2464423,550,503,606
2464523,550,513,612
2464623,547,492,616
2464723,550,510,596
2464823,548,507,600
2464924,546,496,600
2465024,545,512,599
2465124,544,488,596
2465224,543,501,598
2465324,547,503,600
2465424,548,519,611
2465524,554,497,605
2465624,589,552,645
2465724,629,582,688
2465825,675,658,736
2465925,718,677,772
2466026,757,725,816
2466126,785,759,845
2466226,810,789,867
2466326,851,819,907
2466426,841,800,894
2466526,814,774,871
2466626,808,763,864
2466726,819,777,876
2466826,807,770,870
2466927,797,761,849
2467028,795,745,852
2467128,805,764,871
2467229,801,752,852
2467329,808,752,858
2467429,810,780,872
2467530,803,762,854
2467631,826,789,891
2467732,827,782,882
2467832,838,791,893
2467933,828,786,892
2468034,819,791,870
2468135,812,785,864
2468235,801,757,850
2468335,799,773,865
2468435,793,753,863
2468535,800,757,873
2468636,807,763,859
2468736,805,760,869
2468836,811,764,872
2468936,807,769,866
2469036,819,767,881
2469137,818,772,867
2469237,804,769,869
2469338,768,715,825
2469438,759,721,819
2469538,755,717,819
2469638,757,702,814
2469738,752,703,819
2469839,757,708,817
2469940,745,700,793
2470040,764,726,812
2470141,775,728,818
2470241,666,279,798
2470341,364,254,1007
2470441,108,41,1201
2470541,3,0,29
2470641,2,0,30
2470742,1,0,26
2470843,1,0,24
2470943,1,0,19
2471043,1,0,25
2471144,0,0,21
2471244,1,0,28
2471345,1,0,22
2471446,1,0,32
2471546,0,0,28
2471647,1,0,15
2471747,1,0,21
2471847,1,0,32
2471947,1,0,21
2472047,1,0,31
2472147,1,0,23
2472247,1,0,28
2472348,1,0,25
2472448,1,0,19
2472548,1,0,37
2472649,1,0,21
2472750,1,0,38
2472850,1,0,24
2472950,1,0,36
2473051,1,0,23
2473152,1,0,24
2473252,1,0,33
2473352,1,0,39
2473453,1,0,20
2473554,1,0,28
2473654,1,0,27
2473754,1,0,38
2473854,1,0,24
2473954,0,0,30
2474054,0,0,27
2474154,1,0,24
2474255,1,0,24
2474355,1,0,32
2474456,1,0,26
2474557,1,0,28
2474658,1,0,23
2474758,1,0,40
2474858,1,0,36
2474958,1,0,32
2475058,1,0,32
2475158,1,0,24
2475258,1,0,51
2475358,1,0,25
2475458,1,0,35
2475558,1,0,25
2475658,1,0,35
2475758,1,0,38
2475859,1,0,40
2475960,0,0,27
2476060,0,0,29
2476160,0,0,23
2476261,0,0,17
2476361,0,0,30
2476461,0,0,28
2476561,0,0,31
2476662,1,0,25
2476762,0,0,29
2476862,0,0,19
2476963,0,0,30
2477063,0,0,35
2477163,0,0,22
2477264,0,0,19
2477364,0,0,16
2477464,0,0,26
2477565,0,0,22
2477665,0,0,37
2477765,0,0,43
2477866,0,0,17
2477966,0,0,22

Test 14:
2601914,3,3,3
2602015,1,0,20
2602116,1,0,26
2602216,0,0,25
2602316,0,0,8
2602417,0,0,20
2602517,1,0,28
2602617,1,0,25
2602717,1,0,23
2602817,1,0,30
2602917,1,0,29
2603018,0,0,29
2603119,0,0,30
2603219,1,0,23
2603320,1,0,30
2603420,1,0,24
2603520,0,0,16
2603620,1,0,25
2603720,1,0,28
2603821,0,0,20
2603921,0,0,26
2604021,1,0,23
2604121,1,0,28
2604221,1,0,20
2604321,0,0,18
2604421,1,0,25
2604522,1,0,33
2604622,0,0,20
2604722,1,0,32
2604822,1,0,32
2604922,1,0,25
2605022,0,0,26
2605122,0,0,28
2605222,1,0,19
2605322,1,0,23
2605423,0,0,25
2605523,1,0,25
2605623,0,0,28
2605723,1,0,24
2605823,0,0,24
2605923,1,0,22
2606023,1,0,29
2606123,0,0,36
2606223,0,0,21
2606323,1,0,29
2606424,1,0,29
2606524,0,0,23
2606624,1,0,27
2606725,0,0,22
2606825,1,0,23
2606925,1,0,22
2607025,1,0,41
2607125,1,0,24
2607225,1,0,32
2607325,1,0,16
2607426,0,0,21
2607527,1,0,16
2607627,1,0,23
2607727,1,0,20
2607828,1,0,23
2607929,1,0,30
2608029,1,0,28
2608129,0,0,30
2608229,1,0,19
2608330,0,0,11
2608431,1,0,18
2608531,0,0,26
2608631,1,0,35
2608731,1,0,29
2608832,0,0,22
2608932,1,0,21
2609032,1,0,18
2609132,1,0,18
2609233,1,0,18
2609334,0,0,26
2609434,0,0,27
2609535,1,0,36
2609635,0,0,29
2609735,0,0,20
2609836,1,0,20
2609936,1,0,21
2610036,0,0,32
2610136,1,0,29
2610236,0,0,20
2610336,1,0,28
2610436,0,0,25
2610536,1,0,16
2610636,0,0,30
2610737,1,0,22
2610837,0,0,30
2610938,1,0,26
2611038,1,0,28
2611138,0,0,20
2611238,1,0,17
2611338,1,0,26
2611438,0,0,14
2611538,1,0,31
2611638,1,0,39
2611738,1,0,25
2611838,0,0,18
2611938,0,0,17
2612038,1,0,24
2612138,1,0,36
2612238,1,0,29
2612338,3,0,42
2612438,4,0,36
2612539,3,0,30
2612639,2,0,30
2612740,3,0,28
2612840,3,0,38
2612940,3,0,31
2613040,3,0,32
2613140,3,0,33
2613241,1,0,31
2613341,2,0,40
2613441,4,0,47
2613541,3,0,38
2613641,2,0,32
2613741,3,0,34
2613842,3,0,36
2613942,1,0,31
2614043,2,0,41
2614144,2,0,24
2614244,3,0,23
2614345,2,0,32
2614445,2,0,27
2614546,4,0,38
2614647,2,0,32
2614747,2,0,24
2614847,3,0,31
2614947,3,0,32
2615047,2,0,32
2615147,2,0,27
2615247,2,0,32
2615348,1,0,30
2615448,2,0,32
2615548,1,0,30
2615648,2,0,23
2615748,1,0,28
2615849,4,0,43
2615949,12,0,49
2616049,22,0,70
2616149,29,0,80
2616249,43,14,87
2616350,52,18,124
2616451,64,16,121
2616552,72,41,140
2616653,80,41,124
2616753,77,29,124
2616853,83,37,130
2616953,83,46,134
2617054,81,26,132
2617155,78,45,148
2617256,79,44,136
2617356,79,40,128
2617456,78,32,129
2617556,79,46,137
2617657,81,31,125
2617757,78,43,125
2617857,78,39,127
2617958,78,36,122
2618058,80,43,148
2618158,80,41,141
2618258,83,47,135
2618358,84,45,142
2618458,86,71,131
2618558,87,58,134
2618659,84,62,131
2618760,82,53,128
2618861,82,38,132
2618961,83,47,138
2619061,82,44,143
2619161,83,58,132
2619261,85,44,133
2619361,82,36,148
2619462,82,45,128
2619562,83,36,129
2619663,83,35,129
2619763,81,55,137
2619863,76,28,127
2619964,79,36,130
2620064,80,62,140
2620164,79,33,129
2620264,81,37,129
2620365,80,50,125
2620465,80,28,136
2620566,81,28,128
2620666,80,52,133
2620766,80,36,146
2620867,79,42,139
2620968,81,40,122
2621068,77,29,131
2621168,78,31,130
2621268,84,50,132
2621368,78,40,132
2621469,92,63,154
2621570,104,55,166
2621671,123,85,181
2621771,139,100,196
2621872,145,88,203
2621973,165,118,237
2622073,171,134,240
2622173,175,132,220
2622273,169,119,221
2622373,167,132,215
2622474,167,133,220
2622575,167,131,214
2622675,171,119,227
2622775,168,142,220
2622875,172,123,233
2622976,173,133,228
2623076,173,144,221
2623176,173,129,218
2623276,172,135,230
2623376,171,113,221
2623476,176,145,228
2623576,175,155,225
2623676,177,144,235
2623777,180,154,223
2623877,178,131,228
2623977,177,151,230
2624078,176,140,228
2624178,177,138,228
2624278,177,117,225
2624378,175,148,239
2624478,178,142,240
2624579,174,137,231
2624680,176,132,226
2624780,178,161,240
2624880,177,135,224
2624981,182,163,237
2625082,179,135,228
2625183,181,141,235
2625283,183,144,249
2625383,182,137,250
2625484,182,146,229
2625585,179,125,231
2625686,181,149,248
2625786,184,140,221
2625887,183,137,236
2625987,181,138,238
2626087,180,147,234
2626187,186,147,234
2626287,188,132,245
2626387,186,148,236
2626488,189,141,247
2626588,207,173,260
2626689,227,189,274
2626789,248,210,307
2626890,254,224,304
2626990,264,214,320
2627090,272,236,323
2627190,267,237,323
2627290,261,228,314
2627391,252,202,304
2627491,253,213,307
2627591,256,220,298
2627692,260,226,312
2627792,259,223,323
2627893,259,221,303
2627993,259,225,312
2628093,262,222,320
2628193,263,237,320
2628293,260,216,316
2628393,259,223,314
2628493,267,219,324
2628593,270,241,321
2628694,268,238,328
2628794,269,244,329
2628895,267,232,313
2628995,267,215,319
2629095,261,230,304
2629196,263,230,312
2629296,264,234,320
2629396,260,233,327
2629496,264,238,331
2629596,258,211,315
2629696,260,219,316
2629796,259,225,310
2629897,260,221,310
2629997,261,222,316
2630098,264,208,332
2630199,263,218,325
2630300,260,210,321
2630400,258,231,309
2630500,253,195,302
2630600,251,214,299
2630701,258,232,311
2630801,259,211,304
2630901,258,230,321
2631001,258,212,311
2631101,256,225,324
2631201,261,219,309
2631301,269,216,331
2631401,270,223,323
2631501,274,245,323
2631601,276,226,333
2631701,285,244,334
2631801,293,268,346
2631901,291,247,339
2632001,295,253,346
2632101,295,259,356
2632201,294,248,349
2632301,294,262,354
2632401,297,257,351
2632502,302,269,362
2632602,304,259,346
2632702,313,278,362
2632802,319,292,373
2632902,328,282,389
2633003,335,301,384
2633104,342,316,392
2633204,352,321,419
2633304,354,323,404
2633404,351,317,396
2633505,381,349,441
2633606,377,322,440
2633706,374,344,436
2633806,374,321,431
2633906,364,314,412
2634006,362,334,413
2634107,360,315,409
2634208,359,321,410
2634308,362,318,418
2634408,358,325,419
2634509,361,322,416
2634609,362,327,422
2634709,361,325,413
2634809,359,309,422
2634909,356,302,408
2635010,348,304,419
2635110,349,298,402
2635211,344,321,395
2635311,341,308,400
2635411,340,287,386
2635511,339,301,407
2635611,343,307,399
2635711,345,290,396
2635812,345,304,389
2635912,347,301,398
2636012,346,310,400
2636113,351,314,415
2636213,351,308,408
2636313,348,318,400
2636413,352,306,399
2636513,354,317,407
2636613,350,331,397
2636713,349,302,394
2636813,342,319,390
2636913,342,316,392
2637014,352,312,398
2637114,367,313,416
2637214,383,343,453
2637315,401,352,455
2637415,425,374,486
2637515,442,396,501
2637616,444,406,504
2637716,461,428,512
2637816,463,429,523
2637916,462,438,523
2638016,462,407,524
2638116,460,414,531
2638217,455,410,514
2638317,454,415,510
2638417,456,415,514
2638517,456,423,508
2638618,455,413,513
2638719,452,419,507
2638819,452,417,507
2638920,455,427,509
2639020,454,423,511
2639121,455,419,510
2639221,455,420,506
2639321,455,412,496
2639421,451,418,516
2639521,455,421,508
2639621,452,406,502
2639722,450,401,502
2639823,449,419,509
2639923,449,433,512
2640024,452,403,512
2640124,448,414,503
2640224,448,407,505
2640324,447,417,508
2640424,448,406,512
2640525,449,401,500
2640626,449,385,500
2640726,451,414,491
2640827,449,411,506
2640927,448,417,506
2641028,443,402,500
2641129,445,404,499
2641230,445,408,506
2641330,443,417,508
2641430,436,401,484
2641530,435,400,486
2641630,433,398,483
2641730,435,379,486
2641830,437,384,497
2641930,451,415,515
2642030,478,436,521
2642130,505,477,568
2642230,532,483,590
2642331,554,509,617
2642432,562,523,632
2642532,577,537,628
2642632,602,561,664
2642733,603,577,658
2642833,601,547,651
2642933,596,561,651
2643033,587,558,648
2643133,585,556,639
2643234,585,539,634
2643335,578,537,638
2643435,583,523,645
2643535,581,555,644
2643635,583,542,633
2643735,581,542,630
2643835,579,535,626
2643936,578,522,630
2644037,570,532,625
2644137,570,521,629
2644238,568,529,616
2644338,569,523,623
2644439,567,515,624
2644539,566,536,629
2644639,561,518,618
2644740,562,521,628
2644840,558,506,615
2644940,558,521,625
2645040,557,507,609
2645140,561,525,609
2645241,564,505,633
2645341,561,514,608
2645441,562,521,610
2645541,567,525,630
2645641,573,532,631
2645741,591,555,664
2645842,599,560,647
2645942,635,590,703
2646042,669,639,729
2646142,694,641,758
2646243,728,694,783
2646343,746,712,797
2646443,746,696,800
2646543,796,758,868
2646644,801,754,855
2646744,778,744,843
2646845,766,740,833
2646945,760,720,825
2647045,773,722,828
2647145,768,735,832
2647245,759,730,807
2647345,779,752,836
2647445,761,724,807
2647545,760,722,813
2647645,772,744,828
2647745,765,714,821
2647845,772,723,832
2647946,780,731,830
2648047,797,764,840
2648147,787,755,838
2648247,782,744,839
2648347,770,708,840
2648448,752,713,820
2648549,753,702,802
2648649,724,676,790
2648750,739,698,793
2648850,747,719,804
2648951,752,700,813
2649051,745,707,808
2649151,760,703,822
2649251,742,696,796
2649351,737,705,789
2649451,724,669,776
2649551,708,681,759
2649652,677,640,734
2649753,679,638,742
2649854,683,648,732
2649955,704,678,761
2650055,708,683,767
2650155,718,667,771
2650256,720,677,779
2650356,729,675,784
2650456,726,693,780
2650557,624,286,748
2650657,341,238,944
2650757,101,40,1125
2650857,3,0,26
2650957,2,0,24
2651057,1,0,25
2651157,1,0,27
2651257,1,0,28
2651357,1,0,19
2651458,1,0,26
2651558,1,0,34
2651658,1,0,18
2651758,1,0,27
2651859,1,0,41
2651959,1,0,19
2652059,0,0,13
2652160,0,0,26
2652260,1,0,24
2652361,1,0,34
2652461,1,0,28
2652561,1,0,28
2652661,1,0,19
2652761,1,0,35
2652861,1,0,27
2652961,1,0,33
2653061,1,0,26
2653162,0,0,32
2653262,1,0,20
2653363,1,0,18
2653463,1,0,35
2653564,1,0,33
2653664,1,0,27
2653764,1,0,21
2653864,1,0,17
2653965,1,0,27
2654065,1,0,27
2654165,1,0,26
2654265,1,0,18
2654365,1,0,30
2654465,1,0,39
2654566,1,0,30
2654666,1,0,22
2654766,1,0,36
2654866,1,0,29
2654966,0,0,15
2655066,1,0,24
2655166,1,0,22
2655266,1,0,29
2655367,1,0,28
2655467,1,0,27
2655567,1,0,27
2655667,1,0,21
2655767,0,0,25
2655867,1,0,17
2655967,1,0,15
2656067,1,0,29
2656167,1,0,35
2656268,1,0,33
2656369,1,0,31
2656469,1,0,30
2656569,1,0,27
2656670,1,0,26
2656770,1,0,40
2656871,1,0,24
2656971,1,0,15
2657072,1,0,32
2657172,1,0,38
2657272,0,0,31
2657372,1,0,32
2657472,0,0,17
2657573,1,0,33
2657673,0,0,28
2657774,0,0,34
2657874,0,0,21
2657974,0,0,34
2658074,1,0,37
2658174,0,0,30
2658275,0,0,27
2658375,0,0,42
2658476,0,0,18
2658576,0,0,8
2658677,1,0,34
2658777,0,0,15
2658878,0,0,21
2658978,0,0,22
2659079,0,0,28
2659179,0,0,19
2659279,0,0,28
2659380,0,0,14
2659480,0,0,34
2659580,0,0,19
2659681,0,0,14
2659782,0,0,14
2659882,0,0,20
2659982,0,0,16
2660082,0,0,30
2660182,0,0,19
2660282,0,0,13
2660383,0,0,22
2660484,0,0,29
2660585,0,0,33
2660685,0,0,29
2660785,0,0,30
2660885,1,0,26
2660985,0,0,22
2661085,0,0,32
2661186,0,0,22
2661286,0,0,39
2661387,1,0,32
2661487,0,0,21
2661587,0,0,22
2661687,1,0,29
2661787,0,0,16
2661887,1,0,28
2661987,0,0,16
2662087,1,0,29
2662188,0,0,21
2662289,0,0,33
2662390,0,0,21
2662491,0,0,10
2662591,0,0,23
2662691,0,0,15
2662791,0,0,27
2662892,0,0,19
2662992,0,0,23
2663092,1,0,40
2663193,0,0,36
2663293,0,0,20
2663393,0,0,31
2663493,0,0,28
2663593,0,0,28
2663694,1,0,20
2663795,0,0,11
2663896,0,0,17
2663997,0,0,31
2664097,1,0,25
2664197,0,0,28
2664297,0,0,34
2664397,0,0,21
2664497,0,0,24
2664597,0,0,24
2664698,0,0,23
2664798,0,0,27
2664898,0,0,21
2664998,0,0,13
2665098,0,0,33
2665198,0,0,26

Test 15:
2769200,3,3,3
2769301,0,0,17
2769402,0,0,24
2769503,1,0,38
2769604,0,0,33
2769705,0,0,23
2769805,0,0,24
2769905,0,0,29
2770006,0,0,15
2770106,0,0,37
2770207,0,0,30
2770308,0,0,19
2770409,1,0,23
2770509,0,0,35
2770609,0,0,25
2770709,1,0,18
2770809,0,0,30
2770910,0,0,18
2771010,1,0,25
2771110,0,0,38
2771211,0,0,22
2771311,0,0,20
2771412,1,0,35
2771512,0,0,19
2771613,0,0,25
2771713,0,0,39
2771814,1,0,21
2771914,0,0,14
2772015,0,0,12
2772115,0,0,26
2772215,0,0,28
2772315,0,0,29
2772415,0,0,41
2772516,0,0,22
2772616,1,0,17
2772716,1,0,25
2772817,0,0,15
2772917,1,0,27
2773017,1,0,29
2773117,0,0,25
2773218,0,0,23
2773319,0,0,32
2773420,1,0,31
2773520,0,0,21
2773621,1,0,27
2773721,0,0,16
2773821,1,0,27
2773921,1,0,9
2774021,0,0,13
2774121,0,0,17
2774222,1,0,47
2774322,0,0,28
2774423,0,0,27
2774523,0,0,19
2774623,1,0,19
2774723,0,0,19
2774823,0,0,22
2774924,1,0,22
2775025,1,0,23
2775125,1,0,35
2775225,1,0,30
2775326,1,0,32
2775426,1,0,26
2775527,0,0,26
2775628,0,0,16
2775728,1,0,26
2775828,0,0,27
2775928,0,0,18
2776028,1,0,16
2776128,0,0,25
2776228,0,0,21
2776328,0,0,27
2776429,0,0,32
2776529,0,0,20
2776629,0,0,30
2776729,0,0,27
2776829,0,0,25
2776929,0,0,19
2777029,0,0,22
2777129,1,0,33
2777229,0,0,22
2777330,0,0,16
2777431,0,0,16
2777531,0,0,10
2777631,0,0,15
2777732,0,0,18
2777832,0,0,21
2777932,0,0,22
2778033,1,0,32
2778133,0,0,32
2778233,1,0,32
2778334,0,0,22
2778435,0,0,27
2778535,1,0,25
2778636,0,0,32
2778737,0,0,38
2778837,1,0,13
2778937,0,0,25
2779037,0,0,30
2779137,1,0,17
2779237,0,0,19
2779338,0,0,31
2779438,0,0,27
2779538,0,0,30
2779639,1,0,27
2779740,0,0,25
2779840,0,0,23
2779941,1,0,27
2780041,0,0,36
2780142,1,0,29
2780243,0,0,17
2780343,1,0,36
2780444,0,0,19
2780544,1,0,31
2780644,1,0,22
2780744,0,0,17
2780845,0,0,29
2780945,0,0,17
2781045,1,0,21
2781146,1,0,31
2781246,0,0,35
2781347,1,0,30
2781447,0,0,37
2781547,1,0,30
2781647,1,0,25
2781747,1,0,33
2781847,0,0,25
2781947,0,0,34
2782048,1,0,23
2782149,0,0,21
2782249,1,0,31
2782349,0,0,23
2782450,0,0,26
2782550,1,0,25
2782651,1,0,25
2782751,0,0,36
2782852,0,0,32
2782952,1,0,26
2783052,0,0,21
2783152,1,0,32
2783252,0,0,26
2783352,0,0,37
2783452,0,0,30
2783552,0,0,32
2783653,1,0,26
2783753,0,0,22
2783854,0,0,24
2783954,0,0,18
2784054,0,0,31
2784154,1,0,32
2784255,2,0,32
2784355,0,0,26
2784455,2,0,30
2784555,2,0,23
2784655,1,0,32
2784755,2,0,20
2784855,2,0,32
2784955,2,0,38
2785055,2,0,21
2785155,2,0,21
2785255,0,0,21
2785356,1,0,26
2785456,2,0,24
2785556,3,0,27
2785656,1,0,29
2785756,1,0,33
2785856,2,0,15
2785956,1,0,19
2786056,2,0,20
2786157,0,0,15
2786257,6,0,47
2786358,13,0,54
2786458,25,0,66
2786558,33,13,85
2786658,38,7,88
2786758,51,10,96
2786858,59,26,108
2786958,67,12,123
2787059,72,29,118
2787159,77,25,125
2787259,75,63,138
2787360,90,66,145
2787461,90,68,135
2787561,89,51,144
2787661,86,50,134
2787762,82,39,133
2787862,81,31,135
2787963,78,53,135
2788063,75,39,125
2788163,73,42,119
2788263,73,44,125
2788364,74,46,121
2788465,73,36,124
2788565,74,45,124
2788665,73,48,119
2788765,73,32,129
2788865,75,34,134
2788965,75,38,128
2789065,72,40,120
2789165,73,34,140
2789266,72,40,119
2789367,73,36,128
2789468,73,22,132
2789568,73,38,131
2789669,74,31,116
2789769,72,19,119
2789870,76,51,136
2789970,75,41,143
2790070,78,38,139
2790170,81,37,152
2790270,81,40,147
2790371,83,42,137
2790471,82,56,132
2790571,83,39,127
2790671,84,53,132
2790772,84,32,124
2790873,86,40,138
2790973,84,54,133
2791073,83,48,143
2791173,80,33,133
2791274,83,39,125
2791374,95,51,143
2791474,106,47,170
2791575,121,81,176
2791675,135,100,192
2791775,140,98,206
2791876,144,108,191
2791976,157,120,205
2792077,157,120,212
2792177,157,142,223
2792277,161,138,208
2792377,153,119,204
2792478,155,117,211
2792579,156,132,207
2792680,161,126,207
2792780,159,112,226
2792881,156,116,207
2792981,159,127,204
2793081,153,124,213
2793182,153,118,208
2793282,152,110,202
2793382,158,115,206
2793482,158,124,218
2793582,154,113,202
2793682,152,120,209
2793782,147,107,197
2793882,144,111,194
2793982,145,90,200
2794082,146,103,193
2794183,151,117,217
2794284,150,109,211
2794385,146,104,208
2794486,154,134,215
2794587,153,98,210
2794687,153,113,206
2794788,151,109,207
2794889,150,113,199
2794989,155,134,215
2795090,157,133,210
2795190,152,113,204
2795290,146,116,194
2795390,150,111,194
2795490,152,115,200
2795591,151,106,218
2795691,151,111,197
2795791,144,109,216
2795892,139,103,188
2795992,135,102,190
2796093,140,95,214
2796193,141,106,186
2796293,141,116,203
2796393,144,129,196
2796494,145,114,204
2796594,151,107,206
2796694,157,126,208
2796795,165,140,228
2796896,179,131,239
2796996,199,156,262
2797096,219,170,275
2797197,234,197,299
2797297,235,209,281
2797397,236,206,284
2797497,236,204,290
2797597,236,205,291
2797698,237,217,301
2797799,236,196,302
2797899,236,182,289
2797999,238,198,300
2798099,240,203,298
2798199,242,215,296
2798299,244,199,293
2798400,242,205,295
2798500,242,208,292
2798600,243,206,297
2798700,245,191,289
2798801,245,223,304
2798902,242,196,294
2799002,245,200,300
2799103,245,209,298
2799203,241,197,293
2799303,243,223,289
2799404,239,210,283
2799504,236,203,286
2799604,240,194,290
2799704,240,199,304
2799804,240,213,285
2799904,240,184,289
2800004,241,205,298
2800104,239,199,310
2800204,245,203,305
2800304,244,210,296
2800404,244,198,293
2800505,246,204,298
2800606,244,205,315
2800706,243,204,300
2800806,241,205,290
2800906,241,199,290
2801006,244,212,291
2801106,246,203,303
2801207,249,193,304
2801307,250,204,296
2801407,251,204,304
2801507,250,212,299
2801607,250,206,300
2801708,250,212,297
2801808,261,221,326
2801908,278,229,331
2802008,301,275,363
2802108,339,285,396
2802208,350,304,406
2802308,357,307,411
2802408,355,309,413
2802509,352,311,417
2802609,349,326,407
2802709,350,310,398
2802809,352,316,408
2802910,349,304,407
2803010,356,313,411
2803111,360,311,412
2803211,358,319,414
2803311,354,311,413
2803412,344,317,410
2803512,338,305,399
2803612,340,301,399
2803712,342,280,391
2803813,348,311,402
2803913,349,306,407
2804013,359,310,426
2804113,356,312,417
2804214,358,305,414
2804315,360,324,420
2804415,359,321,421
2804516,354,310,401
2804617,355,300,399
2804717,354,307,413
2804817,352,307,405
2804917,351,321,409
2805018,360,319,419
2805119,369,333,435
2805219,368,318,417
2805320,370,323,422
2805420,367,322,408
2805520,372,336,423
2805620,377,338,438
2805720,377,340,425
2805820,385,346,436
2805920,397,367,457
2806021,405,379,453
2806121,419,367,468
2806221,426,384,485
2806321,443,406,503
2806422,446,399,507
2806522,446,407,514
2806622,446,382,504
2806722,445,419,507
2806822,445,404,514
2806922,446,420,498
2807023,442,403,502
2807123,440,391,489
2807223,437,386,485
2807323,439,399,501
2807424,443,409,502
2807524,441,393,498
2807625,443,401,499
2807726,443,401,509
2807826,445,398,511
2807927,443,400,489
2808027,443,405,500
2808128,445,419,515
2808228,445,416,500
2808328,444,400,493
2808428,442,396,518
2808529,443,407,495
2808629,447,416,505
2808729,446,399,494
2808829,447,418,501
2808929,442,385,498
2809029,439,397,495
2809130,443,409,490
2809230,442,400,497
2809331,445,398,495
2809432,445,414,502
2809532,446,409,504
2809633,445,420,496
2809733,446,407,503
2809833,444,400,494
2809933,447,396,500
2810033,452,411,521
2810133,456,422,528
2810233,458,412,508
2810333,459,427,526
2810433,461,404,517
2810533,477,443,544
2810634,495,441,559
2810734,528,488,580
2810834,549,522,601
2810934,576,531,631
2811034,597,563,655
2811134,610,581,670
2811234,620,583,670
2811335,633,594,698
2811435,631,578,684
2811535,629,591,695
2811636,627,564,673
2811737,626,594,676
2811838,634,605,691
2811938,628,594,680
2812038,626,586,685
2812138,625,578,679
2812238,619,579,677
2812339,619,582,653
2812439,623,592,685
2812539,622,582,671
2812639,623,599,693
2812740,620,583,676
2812841,620,584,674
2812942,624,581,669
2813043,625,592,682
2813143,624,588,685
2813243,618,574,674
2813344,621,577,683
2813445,616,573,685
2813545,609,573,673
2813645,613,557,675
2813745,610,577,661
2813845,610,571,670
2813945,615,588,677
2814045,619,581,681
2814145,615,573,665
2814245,615,564,663
2814345,613,570,670
2814445,613,581,665
2814545,615,573,668
2814645,617,571,664
2814745,619,578,665
2814845,614,577,675
2814945,611,564,663
2815046,605,559,654
2815147,603,563,660
2815247,605,552,669
2815347,600,561,670
2815448,599,544,656
2815548,595,562,639
2815649,601,559,660
2815749,602,567,650
2815849,605,571,675
2815950,616,587,674
2816051,639,611,702
2816151,664,619,724
2816251,690,643,738
2816351,717,679,768
2816451,747,709,803
2816551,764,716,810
2816651,776,730,825
2816751,780,744,834
2816851,725,704,781
2816952,721,681,781
2817052,720,693,780
2817152,719,679,771
2817253,722,691,772
2817354,731,678,788
2817454,743,698,803
2817555,744,689,797
2817656,732,698,785
2817757,723,668,787
2817857,740,718,798
2817957,746,690,815
2818057,735,687,790
2818157,741,697,794
2818258,739,711,796
2818358,741,703,796
2818459,737,686,785
2818560,746,699,802
2818660,754,711,813
2818761,757,730,816
2818861,766,711,832
2818962,769,732,822
2819063,768,728,823
2819163,783,751,838
2819263,777,734,829
2819363,778,732,832
2819463,794,757,861
2819563,798,749,853
2819663,799,734,855
2819763,802,756,855
2819863,801,758,858
2819963,796,767,854
2820063,818,780,881
2820163,842,789,897
2820263,723,279,866
2820363,395,202,1094
2820463,117,81,1304
2820563,3,0,31
2820663,2,0,30
2820763,1,0,30
2820863,1,0,23
2820963,1,0,30
2821063,1,0,29
2821163,1,0,21
2821263,1,0,50
2821363,1,0,32
2821464,1,0,25
2821564,1,0,28
2821665,1,0,18
2821766,1,0,38
2821867,1,0,28
2821967,1,0,31
2822067,1,0,21
2822167,0,0,28
2822268,1,0,16
2822369,1,0,26
2822469,1,0,25
2822569,1,0,24
2822669,1,0,14
2822769,1,0,41
2822870,1,0,19
2822971,0,0,30
2823072,1,0,33
2823172,1,0,43
2823272,1,0,32
2823373,1,0,29
2823473,1,0,27
2823574,0,0,20
2823674,1,0,22
2823774,1,0,30
2823874,1,0,22
2823975,0,0,31
2824076,0,0,25
2824177,0,0,13
2824277,0,0,20
2824378,0,0,22
2824478,0,0,17
2824578,0,0,23
2824678,0,0,22
2824778,0,0,36
2824879,0,0,9
2824979,0,0,18
2825080,0,0,48
2825180,1,0,29
2825280,0,0,24
2825380,0,0,20
2825480,1,0,27
2825580,1,0,30
2825680,0,0,27
2825781,0,0,20
2825881,0,0,36
2825982,0,0,32
2826082,0,0,16
2826182,0,0,30
2826282,0,0,19
2826382,0,0,22
2826482,0,0,28
2826582,0,0,22
2826683,0,0,36
2826783,0,0,34
2826883,0,0,28
2826984,0,0,30
2827085,0,0,24
2827185,0,0,23
2827285,0,0,21
2827386,1,0,31
2827486,0,0,21
2827586,0,0,20
2827687,0,0,16
2827787,1,0,31
2827887,1,0,25
2827987,0,0,28
2828087,0,0,30
2828187,1,0,35
2828288,1,0,23
2828389,0,0,29
2828489,0,0,18
2828589,0,0,18
2828690,0,0,27
2828791,0,0,29
2828891,0,0,15
2828992,0,0,23
2829092,0,0,28
2829192,0,0,31
2829292,0,0,22
2829392,0,0,20
2829492,0,0,20
2829593,0,0,28
2829693,0,0,33
2829793,0,0,21
2829893,1,0,34
2829993,0,0,20
2830093,0,0,25

Test 16:
2947484,3,3,3
2947585,0,0,24
2947685,0,0,21
2947786,1,0,28
2947887,0,0,17
2947988,1,0,33
2948088,0,0,26
2948189,1,0,26
2948289,0,0,29
2948390,0,0,13
2948490,0,0,28
2948590,0,0,24
2948690,0,0,25
2948790,1,0,30
2948891,0,0,15
2948992,1,0,42
2949092,0,0,29
2949193,0,0,24
2949294,0,0,26
2949394,0,0,15
2949495,0,0,13
2949595,1,0,34
2949695,1,0,38
2949795,1,0,36
2949895,0,0,21
2949995,0,0,26
2950095,0,0,32
2950195,0,0,17
2950295,0,0,22
2950396,0,0,21
2950496,1,0,25
2950596,1,0,25
2950696,0,0,11
2950796,1,0,38
2950897,0,0,28
2950997,0,0,19
2951098,1,0,34
2951198,1,0,33
2951298,0,0,14
2951398,1,0,35
2951498,1,0,27
2951598,0,0,26
2951698,1,0,24
2951799,1,0,14
2951899,0,0,19
2951999,1,0,29
2952099,1,0,32
2952200,1,0,22
2952300,0,0,32
2952400,1,0,20
2952500,1,0,19
2952601,1,0,20
2952701,0,0,21
2952801,1,0,18
2952902,1,0,29
2953002,0,0,25
2953102,1,0,45
2953202,0,0,20
2953303,0,0,17
2953403,1,0,19
2953504,1,0,24
2953604,1,0,26
2953704,0,0,21
2953805,1,0,18
2953906,0,0,23
2954006,1,0,30
2954107,1,0,20
2954207,1,0,28
2954308,1,0,34
2954408,1,0,26
2954509,1,0,33
2954609,0,0,14
2954709,0,0,22
2954809,0,0,26
2954909,1,0,37
2955010,0,0,33
2955111,0,0,21
2955211,1,0,32
2955312,0,0,21
2955412,0,0,19
2955512,0,0,22
2955613,1,0,25
2955713,0,0,23
2955814,0,0,24
2955914,1,0,24
2956014,0,0,14
2956114,0,0,31
2956214,0,0,23
2956314,1,0,29
2956414,1,0,19
2956514,0,0,17
2956614,1,0,30
2956715,0,0,37
2956815,1,0,32
2956916,1,0,31
2957016,0,0,25
2957116,0,0,40
2957217,0,0,17
2957317,0,0,13
2957418,0,0,25
2957518,1,0,36
2957618,0,0,18
2957718,1,0,21
2957818,0,0,25
2957918,1,0,24
2958018,0,0,27
2958119,0,0,23
2958219,0,0,24
2958319,0,0,23
2958420,0,0,17
2958520,0,0,34
2958620,1,0,34
2958720,0,0,23
2958820,1,0,21
2958921,0,0,34
2959021,1,0,16
2959122,0,0,19
2959223,1,0,18
2959323,0,0,26
2959423,0,0,50
2959524,0,0,25
2959624,0,0,22
2959725,0,0,27
2959826,0,0,19
2959926,0,0,28
2960026,1,0,22
2960127,1,0,39
2960227,1,0,23
2960328,0,0,29
2960428,1,0,43
2960528,1,0,36
2960629,0,0,25
2960729,1,0,33
2960829,0,0,37
2960929,2,0,37
2961030,2,0,30
2961130,3,0,32
2961230,3,0,18
2961330,3,0,29
2961430,2,0,32
2961530,3,0,37
2961630,2,0,27
2961730,2,0,37
2961830,3,0,37
2961930,3,0,42
2962030,2,0,30
2962131,2,0,25
2962231,3,0,30
2962331,3,0,36
2962431,2,0,21
2962531,2,0,34
2962631,2,0,27
2962732,2,0,19
2962832,3,0,33
2962932,2,0,30
2963032,3,0,34
2963133,2,0,25
2963233,3,0,24
2963333,3,0,19
2963434,2,0,30
2963535,1,0,25
2963635,2,0,35
2963735,4,0,38
2963835,2,0,46
2963936,3,0,31
2964036,10,0,36
2964136,26,0,69
2964236,41,18,83
2964336,63,30,109
2964436,70,49,127
2964536,76,51,121
2964636,85,49,142
2964737,85,44,135
2964837,85,36,130
2964937,84,51,130
2965037,80,40,137
2965137,80,49,127
2965237,79,35,119
2965338,83,41,147
2965438,82,57,132
2965539,80,50,124
2965640,81,59,145
2965741,82,39,137
2965842,82,49,141
2965942,82,50,143
2966042,81,28,134
2966142,80,34,123
2966242,78,35,113
2966343,77,43,130
2966444,77,47,124
2966544,78,36,131
2966644,79,52,131
2966745,79,65,128
2966845,77,35,124
2966945,79,32,136
2967045,76,37,123
2967145,77,29,138
2967246,78,41,123
2967346,77,51,129
2967446,77,33,135
2967546,77,41,123
2967646,77,45,137
2967747,85,53,144
2967847,100,66,162
2967947,111,63,157
2968047,123,84,169
2968147,136,94,201
2968247,158,132,215
2968347,166,138,219
2968448,180,134,239
2968549,187,144,244
2968649,194,157,243
2968750,206,162,248
2968851,209,169,269
2968951,206,182,268
2969051,203,165,252
2969151,205,169,273
2969252,203,168,273
2969352,204,168,264
2969453,205,177,253
2969553,203,165,264
2969653,202,154,253
2969754,199,150,267
2969855,194,154,242
2969955,196,159,246
2970055,200,149,259
2970155,193,165,242
2970256,197,153,260
2970356,193,161,247
2970456,192,147,245
2970556,194,139,243
2970656,195,155,245
2970756,195,174,242
2970857,195,148,243
2970957,198,180,253
2971057,200,173,260
2971157,198,166,262
2971257,195,154,245
2971357,200,148,257
2971457,198,176,259
2971557,195,148,246
2971657,196,157,260
2971757,195,162,247
2971857,196,144,245
2971958,191,157,253
2972058,190,173,242
2972159,189,145,242
2972259,188,148,253
2972359,188,145,241
2972459,187,156,246
2972559,188,141,240
2972659,189,145,254
2972759,187,147,248
2972859,187,145,242
2972960,186,156,236
2973061,183,147,241
2973161,186,147,239
2973261,185,147,244
2973362,185,141,235
2973462,190,155,234
2973562,201,159,266
2973662,219,190,274
2973763,229,163,283
2973863,250,209,309
2973964,275,241,337
2974065,289,262,335
2974165,308,269,353
2974265,300,274,346
2974365,303,260,360
2974465,300,266,357
2974565,299,249,368
2974665,296,252,344
2974765,297,266,343
2974866,298,246,357
2974966,300,265,356
2975066,299,261,359
2975166,297,262,349
2975267,300,252,350
2975368,301,261,352
2975468,302,263,364
2975569,305,273,361
2975669,306,270,368
2975769,307,275,354
2975870,307,273,353
2975970,306,262,358
2976071,307,251,355
2976172,312,274,354
2976272,311,258,367
2976372,311,285,371
2976472,308,261,371
2976572,305,273,357
2976672,307,269,357
2976772,309,265,353
2976872,309,269,368
2976972,311,291,358
2977072,310,273,354
2977173,312,268,367
2977273,313,267,367
2977373,317,287,372
2977473,318,270,370
2977573,317,300,374
2977674,317,274,372
2977774,317,278,373
2977875,313,266,362
2977976,311,275,360
2978076,310,276,368
2978176,310,269,354
2978277,309,286,366
2978377,311,266,367
2978477,314,273,383
2978577,311,267,357
2978677,315,279,371
2978778,314,270,376
2978878,316,274,366
2978978,316,283,358
2979078,317,294,371
2979178,320,272,379
2979278,320,275,374
2979378,318,275,380
2979478,316,270,366
2979579,318,272,373
2979679,320,289,378
2979780,327,288,383
2979880,334,283,387
2979981,347,305,409
2980081,351,307,410
2980181,359,304,412
2980281,367,324,423
2980382,371,341,415
2980482,363,332,413
2980582,363,322,418
2980682,364,313,413
2980782,366,323,415
2980882,361,316,406
2980982,362,330,414
2981083,364,317,417
2981183,362,320,419
2981283,363,340,428
2981383,363,335,410
2981483,359,310,413
2981584,360,316,406
2981685,361,307,424
2981785,360,296,411
2981886,361,313,405
2981986,359,329,413
2982087,357,316,637
2982187,361,328,421
2982288,365,312,421
2982388,369,334,433
2982488,374,343,439
2982589,371,331,452
2982689,373,342,427
2982789,376,328,415
2982889,375,329,440
2982989,376,337,437
2983089,374,347,427
2983189,373,341,429
2983290,373,312,424
2983390,376,334,430
2983491,380,343,427
2983592,378,345,429
2983692,374,332,428
2983792,375,337,425
2983892,375,340,432
2983993,373,331,434
2984094,381,356,435
2984194,381,359,433
2984295,382,346,434
2984396,386,337,442
2984496,389,354,449
2984596,391,350,448
2984697,391,360,456
2984798,392,351,456
2984898,392,354,445
2984998,396,355,454
2985099,401,366,448
2985199,407,364,463
2985300,412,383,471
2985400,419,372,482
2985500,425,388,474
2985600,431,384,482
2985700,435,385,493
2985800,438,389,489
2985901,440,405,507
2986001,436,398,495
2986101,436,400,494
2986201,431,394,478
2986302,431,380,491
2986402,430,408,484
2986502,428,392,487
2986602,431,372,485
2986702,433,386,491
2986803,432,377,485
2986903,432,381,484
2987004,433,398,494
2987104,431,373,487
2987204,431,381,475
2987305,428,392,485
2987405,427,383,482
2987505,431,393,482
2987606,432,402,482
2987706,433,389,483
2987807,430,378,478
2987907,432,396,489
2988007,435,398,494
2988107,434,384,491
2988208,432,406,490
2988309,434,392,497
2988409,439,403,494
2988509,442,390,493
2988610,443,398,486
2988710,443,402,723
2988810,445,395,493
2988911,448,384,496
2989011,446,394,517
2989111,448,403,497
2989211,446,422,497
2989312,447,418,498
2989412,447,407,506
2989513,449,417,510
2989614,450,405,515
2989714,452,409,507
2989814,450,400,498
2989914,447,416,500
2990014,451,400,506
2990114,450,407,506
2990214,451,417,496
2990314,449,425,503
2990415,451,408,511
2990515,456,426,519
2990615,458,432,510
2990715,461,414,509
2990815,464,438,517
2990915,463,441,512
2991015,463,411,513
2991116,466,415,526
2991216,496,473,555
2991316,535,483,593
2991416,568,521,617
2991516,608,558,662
2991617,625,588,673
2991717,630,593,684
2991817,619,572,676
2991917,625,601,679
2992017,626,610,678
2992117,626,581,688
2992217,629,578,690
2992318,625,586,670
2992419,629,579,686
2992519,627,590,684
2992619,630,587,688
2992719,634,583,679
2992819,632,584,690
2992919,630,601,682
2993020,627,579,705
2993121,628,599,680
2993222,625,574,670
2993322,619,578,680
2993423,617,587,671
2993524,618,585,673
2993625,618,578,667
2993726,625,573,675
2993826,629,591,689
2993926,632,594,698
2994026,633,606,684
2994127,634,591,689
2994228,640,594,696
2994328,641,596,697
2994428,642,604,700
2994528,648,613,704
2994629,648,604,691
2994729,654,628,703
2994830,654,614,723
2994931,651,598,711
2995031,647,596,703
2995132,649,610,700
2995232,659,619,714
2995332,670,629,720
2995432,686,637,753
2995532,698,654,757
2995632,723,694,776
2995732,729,681,780
2995832,741,714,787
2995932,755,718,815
2996032,751,705,804
2996132,719,675,767
2996233,702,659,765
2996333,714,669,770
2996433,741,693,808
2996533,747,711,806
2996634,729,674,786
2996734,743,713,795
2996834,739,715,803
2996935,732,696,788
2997035,722,661,775
2997135,709,675,759
2997235,721,683,781
2997335,694,659,758
2997435,724,671,779
2997535,729,672,796
2997635,740,701,810
2997735,734,689,789
2997835,746,689,803
2997936,756,719,825
2998037,751,716,803
2998137,751,699,802
2998237,760,718,817
2998337,765,715,819
2998437,800,756,858
2998538,785,739,842
2998639,745,697,799
2998739,734,710,799
2998839,724,687,778
2998939,750,710,804
2999040,774,728,829
2999141,796,755,852
2999241,788,756,839
2999341,804,762,854
2999441,789,748,1069
2999542,774,734,831
2999643,778,726,826
2999743,795,743,847
2999843,827,785,889
2999943,823,783,875
3000044,708,337,848
3000144,386,211,1070
3000244,115,38,1276
3000344,3,0,27
3000444,2,0,30
3000545,1,0,28
3000645,1,0,26
3000745,1,0,33
3000845,1,0,32
3000946,1,0,21
3001047,1,0,28
3001147,1,0,15
3001247,0,0,25
3001347,1,0,30
3001447,1,0,29
3001547,1,0,27
3001647,0,0,30
3001748,1,0,24
3001848,1,0,20
3001948,1,0,22
3002048,1,0,23
3002149,1,0,37
3002249,1,0,24
3002349,1,0,25
3002449,1,0,30
3002549,1,0,31
3002650,1,0,14
3002750,1,0,15
3002850,1,0,25
3002950,1,0,36
3003050,1,0,17
3003150,1,0,35
3003250,1,0,27
3003350,1,0,44
3003450,0,0,20
3003550,0,0,18
3003650,0,0,24
3003750,0,0,23
3003850,1,0,20
3003950,0,0,21
3004050,0,0,25
3004150,1,0,16
3004250,1,0,25
3004351,0,0,17
3004451,0,0,17
3004552,0,0,22
3004652,0,0,17
3004753,1,0,33
3004853,0,0,26
3004954,0,0,29
3005055,0,0,35
3005155,0,0,22
3005255,1,0,17
3005355,0,0,20
3005455,0,0,25
3005555,1,0,18
3005655,0,0,27
3005755,0,0,17
3005855,0,0,25
3005956,0,0,41
3006057,0,0,25
3006157,0,0,32
3006258,0,0,25
3006359,0,0,25
3006459,0,0,32
3006559,1,0,23
3006660,1,0,26
3006761,1,0,40
3006862,0,0,10
3006963,0,0,28
3007063,1,0,42
3007163,0,0,37
3007263,0,0,18
3007364,0,0,21
3007464,0,0,13
3007565,1,0,27
3007665,0,0,28
3007765,1,0,28
3007865,0,0,22
3007966,0,0,29
3008066,0,0,25
3008166,0,0,41
3008267,0,0,22
3008367,0,0,20
3008467,0,0,22
3008567,0,0,17
3008667,0,0,25
3008767,0,0,30
3008867,0,0,20
3008967,0,0,19
3009067,0,0,14
3009167,0,0,14
3009267,0,0,17
3009367,0,0,22
3009468,0,0,28
3009568,0,0,23
3009668,0,0,21
3009768,0,0,33
3009868,0,0,18
3009968,0,0,15
3010069,1,0,31
3010169,0,0,22
3010269,0,0,23
3010369,0,0,35
3010469,0,0,25
3010569,0,0,20
3010669,1,0,24
3010769,0,0,28
3010869,0,0,21
3010970,0,0,28

Test 17:
3148355,0,0,33
3148455,1,0,28
3148555,0,0,14
3148656,0,0,30
3148756,0,0,25
3148856,1,0,25
3148956,0,0,17
3149056,0,0,16
3149156,0,0,11
3149256,1,0,21
3149356,0,0,22
3149456,1,0,29
3149556,1,0,26
3149656,1,0,38
3149756,0,0,21
3149856,0,0,22
3149957,0,0,28
3150057,0,0,7
3150158,0,0,30
3150258,0,0,21
3150358,0,0,21
3150459,0,0,22
3150559,0,0,22
3150659,1,0,24
3150760,0,0,28
3150860,0,0,35
3150960,1,0,25
3151061,0,0,29
3151161,0,0,26
3151261,0,0,26
3151361,1,0,24
3151462,0,0,28
3151562,0,0,25
3151663,1,0,24
3151763,0,0,24
3151864,0,0,28
3151964,0,0,24
3152064,0,0,17
3152164,0,0,30
3152265,0,0,30
3152366,0,0,30
3152466,1,0,29
3152567,0,0,10
3152668,1,0,36
3152768,0,0,22
3152868,0,0,22
3152968,0,0,15
3153069,0,0,19
3153170,0,0,28
3153271,1,0,23
3153372,0,0,23
3153472,0,0,23
3153573,1,0,28
3153674,0,0,21
3153774,0,0,37
3153875,0,0,18
3153975,0,0,31
3154076,0,0,27
3154176,0,0,26
3154277,0,0,22
3154377,1,0,16
3154477,0,0,23
3154577,1,0,45
3154677,1,0,22
3154778,0,0,29
3154878,0,0,16
3154978,1,0,34
3155078,0,0,36
3155178,1,0,33
3155278,1,0,30
3155378,1,0,14
3155478,0,0,23
3155578,1,0,31
3155679,1,0,37
3155779,0,0,24
3155879,0,0,22
3155980,0,0,21
3156081,0,0,25
3156181,0,0,25
3156281,1,0,25
3156381,0,0,25
3156481,0,0,24
3156582,0,0,11
3156683,0,0,25
3156783,0,0,17
3156883,0,0,23
3156984,0,0,2
3157085,1,0,22
3157185,1,0,33
3157285,0,0,14
3157385,0,0,11
3157486,0,0,15
3157586,1,0,29
3157686,1,0,23
3157786,0,0,21
3157887,1,0,26
3157987,0,0,20
3158087,1,0,33
3158187,0,0,18
3158287,0,0,31
3158388,0,0,20
3158488,0,0,20
3158588,0,0,17
3158688,0,0,15
3158788,0,0,35
3158888,0,0,34
3158989,0,0,17
3159090,0,0,14
3159190,0,0,28
3159290,1,0,32
3159390,0,0,22
3159490,0,0,19
3159590,1,0,33
3159690,0,0,17
3159791,0,0,14
3159891,0,0,46
3159991,0,0,10
3160092,1,0,25
3160192,0,0,25
3160292,0,0,27
3160393,0,0,25
3160493,0,0,31
3160594,0,0,25
3160694,0,0,34
3160795,0,0,29
3160895,0,0,20
3160995,0,0,38
3161095,1,0,15
3161195,0,0,34
3161296,0,0,31
3161396,2,0,31
3161496,2,0,32
3161596,2,0,39
3161696,2,0,42
3161796,2,0,24
3161897,2,0,39
3161998,1,0,31
3162099,2,0,35
3162199,2,0,29
3162299,2,0,27
3162399,1,0,27
3162499,1,0,22
3162600,2,0,24
3162700,1,0,17
3162800,1,0,29
3162900,1,0,30
3163000,2,0,34
3163100,2,0,45
3163201,2,0,28
3163301,2,0,31
3163402,1,0,16
3163502,2,0,19
3163602,1,0,31
3163702,2,0,30
3163803,1,0,32
3163904,2,0,24
3164004,2,0,47
3164105,2,0,33
3164205,2,0,28
3164305,2,0,29
3164406,1,0,30
3164506,1,0,22
3164606,1,0,23
3164706,4,0,33
3164806,5,0,31
3164906,13,0,57
3165006,23,0,52
3165106,32,1,80
3165206,48,12,97
3165306,53,23,105
3165407,63,23,112
3165508,75,23,140
3165609,78,51,128
3165709,75,19,120
3165809,79,26,143
3165909,77,28,133
3166009,80,39,126
3166109,76,44,147
3166209,79,46,120
3166310,76,44,130
3166411,79,60,128
3166511,80,52,153
3166612,78,41,129
3166712,78,43,134
3166812,76,54,128
3166912,77,42,122
3167012,77,35,134
3167113,75,43,120
3167213,78,42,140
3167314,76,36,123
3167414,76,41,131
3167515,74,41,115
3167615,73,45,108
3167716,72,41,130
3167816,73,39,124
3167916,74,25,128
3168017,73,42,119
3168117,73,55,137
3168217,71,13,140
3168317,71,30,115
3168418,72,31,123
3168519,74,44,131
3168620,69,15,124
3168720,71,29,127
3168820,74,44,129
3168920,74,46,139
3169020,78,34,120
3169120,76,44,121
3169221,76,51,144
3169321,74,28,136
3169422,75,55,133
3169522,76,41,120
3169622,74,48,147
3169723,73,23,136
3169824,76,56,140
3169925,75,46,125
3170026,74,30,124
3170127,74,41,125
3170227,78,40,136
3170327,84,59,132
3170427,96,60,147
3170527,103,71,153
3170627,118,66,169
3170728,134,83,196
3170828,148,124,193
3170928,158,127,222
3171028,172,122,231
3171128,173,142,227
3171228,173,146,236
3171328,172,151,233
3171429,171,137,231
3171529,167,108,220
3171630,170,121,222
3171730,166,128,222
3171830,163,118,217
3171930,168,104,223
3172030,165,136,226
3172130,165,131,219
3172230,164,121,219
3172330,163,123,218
3172430,168,132,219
3172530,175,138,220
3172630,176,139,218
3172730,182,142,237
3172830,175,146,217
3172930,171,133,206
3173031,170,134,233
3173131,173,133,232
3173232,174,151,219
3173332,171,119,229
3173432,173,135,217
3173532,178,138,228
3173632,177,150,233
3173733,173,137,229
3173833,171,127,216
3173933,168,119,210
3174034,163,130,214
3174135,154,111,213
3174236,159,108,209
3174337,164,140,208
3174437,164,121,228
3174537,172,125,218
3174637,168,126,222
3174737,186,143,245
3174838,204,151,273
3174938,215,181,274
3175039,232,182,276
3175139,253,220,306
3175239,273,216,327
3175339,291,257,345
3175439,293,253,355
3175539,294,268,356
3175640,310,266,366
3175741,307,269,359
3175842,303,270,359
3175942,303,266,360
3176042,298,265,354
3176143,291,265,345
3176244,288,244,342
3176344,285,255,342
3176444,292,244,348
3176545,291,260,346
3176645,296,253,356
3176745,297,249,358
3176846,299,249,359
3176946,295,252,358
3177046,299,262,352
3177146,296,264,344
3177246,296,263,346
3177346,297,238,355
3177446,289,245,330
3177547,294,264,346
3177647,294,244,345
3177747,294,273,340
3177847,291,257,337
3177947,293,268,347
3178048,294,259,354
3178149,298,260,350
3178250,296,266,365
3178351,294,257,343
3178451,293,262,353
3178551,293,254,342
3178651,291,250,350
3178751,292,260,343
3178851,289,261,352
3178951,289,255,340
3179052,286,235,350
3179152,281,254,333
3179252,283,237,344
3179352,282,248,344
3179452,283,250,347
3179552,293,227,342
3179652,314,280,370
3179753,327,286,374
3179853,348,303,412
3179953,364,331,420
3180053,385,355,438
3180154,394,356,451
3180254,397,375,458
3180354,393,349,447
3180454,391,367,442
3180555,388,350,430
3180655,383,334,433
3180755,381,328,432
3180855,382,344,434
3180955,382,341,439
3181055,384,337,436
3181155,385,347,441
3181255,386,355,439
3181355,386,330,437
3181456,384,353,458
3181557,385,354,445
3181657,385,335,438
3181757,384,348,440
3181857,386,346,434
3181958,387,342,447
3182058,389,333,451
3182158,392,344,445
3182258,394,358,447
3182358,394,357,449
3182458,390,353,440
3182558,393,353,449
3182658,393,349,445
3182759,399,364,450
3182859,403,362,457
3182960,404,369,468
3183061,404,356,461
3183161,404,362,457
3183262,402,366,456
3183362,403,363,456
3183462,402,364,458
3183562,400,352,463
3183662,401,361,451
3183762,401,364,453
3183862,395,348,449
3183962,396,350,453
3184063,396,353,441
3184163,397,346,454
3184263,395,353,452
3184363,397,370,453
3184463,400,368,466
3184564,403,383,444
3184665,405,373,463
3184765,411,377,472
3184865,425,380,486
3184965,447,408,506
3185065,467,440,515
3185165,477,430,534
3185265,486,436,535
3185365,504,464,559
3185466,508,472,559
3185566,509,471,563
3185666,509,480,579
3185767,510,473,562
3185867,508,457,569
3185967,503,481,564
3186068,502,470,560
3186168,500,456,567
3186268,500,463,560
3186368,498,456,548
3186468,497,463,555
3186569,493,475,554
3186669,489,450,549
3186769,488,466,536
3186869,487,462,552
3186969,486,454,539
3187069,481,443,528
3187170,485,457,545
3187270,482,436,531
3187371,480,442,537
3187472,479,442,531
3187573,480,437,539
3187673,478,436,539
3187774,476,441,520
3187874,474,435,535
3187974,475,425,525
3188074,476,432,528
3188175,468,423,521
3188275,466,415,510
3188375,468,424,522
3188475,471,427,525
3188575,486,442,539
3188676,501,457,553
3188776,528,499,575
3188876,556,519,610
3188977,567,522,620
3189077,572,530,634
3189178,596,549,652
3189278,595,541,642
3189379,592,566,647
3189479,587,551,651
3189579,578,525,1051
3189679,578,534,627
3189779,574,537,632
3189880,569,541,617
3189981,566,524,620
3190081,566,532,623
3190181,564,515,617
3190281,560,528,622
3190382,559,511,610
3190482,558,524,621
3190582,560,518,613
3190682,558,526,613
3190783,556,509,606
3190883,557,511,627
3190983,550,512,614
3191083,553,518,609
3191183,553,513,608
3191283,556,519,607
3191384,563,510,612
3191484,562,507,629
3191584,563,527,611
3191684,564,514,616
3191785,570,521,622
3191885,569,556,623
3191985,566,534,622
3192085,565,508,619
3192185,566,528,630
3192285,564,525,610
3192385,565,532,620
3192485,565,526,625
3192585,565,530,618
3192685,567,533,624
3192786,563,511,614
3192886,563,527,616
3192986,563,519,616
3193087,575,540,633
3193187,605,577,663
3193287,674,631,730
3193388,711,675,771
3193488,761,713,807
3193588,802,764,855
3193688,817,777,874
3193788,790,747,846
3193889,786,750,845
3193990,796,768,848
3194090,801,751,855
3194190,783,748,850
3194290,785,732,840
3194390,770,732,823
3194490,777,723,831
3194590,765,722,832
3194690,790,739,859
3194790,790,741,860
3194891,807,772,860
3194991,801,761,853
3195091,810,759,856
3195191,805,766,886
3195291,783,744,849
3195391,786,763,839
3195491,793,741,842
3195592,792,732,847
3195693,794,748,849
3195793,811,764,866
3195893,811,760,862
3195994,823,784,862
3196094,811,771,874
3196194,829,786,878
3196295,828,792,880
3196396,834,795,889
3196496,826,774,874
3196597,815,773,866
3196697,812,769,861
3196797,800,775,862
3196897,797,756,855
3196997,774,745,825
3197097,776,732,826
3197198,773,733,833
3197298,775,731,836
3197398,781,743,829
3197499,799,762,844
3197600,826,775,884
3197700,710,333,850
3197800,388,267,1073
3197900,115,35,1279
3198000,3,0,30
3198100,2,0,45
3198200,1,0,28
3198300,1,0,21
3198401,1,0,26
3198501,1,0,33
3198601,1,0,34
3198701,1,0,22
3198801,1,0,28
3198901,1,0,38
3199001,1,0,39
3199102,0,0,14
3199202,0,0,19
3199302,1,0,31
3199402,0,0,21
3199502,1,0,21
3199602,1,0,20
3199702,1,0,24
3199803,1,0,18
3199904,1,0,23
3200004,1,0,32
3200105,1,0,28
3200206,1,0,34
3200306,1,0,13
3200406,1,0,27
3200506,1,0,32
3200606,0,0,27
3200707,1,0,29
3200807,1,0,17
3200907,1,0,44
3201007,1,0,19
3201107,1,0,33
3201208,1,0,18
3201308,1,0,33
3201408,1,0,27
3201508,0,0,21
3201608,1,0,17
3201708,1,0,17
3201809,1,0,29
3201909,1,0,27
3202010,1,0,33
3202111,1,0,26
3202212,1,0,18
3202313,0,0,29
3202413,1,0,38
3202513,0,0,22
3202613,0,0,15
3202714,0,0,20
3202815,0,0,22
3202915,1,0,33
3203015,0,0,31
3203115,0,0,25
3203215,0,0,18
3203315,1,0,30
3203415,0,0,25
3203515,0,0,25
3203615,1,0,32
3203715,0,0,26
3203816,0,0,33
3203916,0,0,14
3204017,0,0,15
3204117,0,0,30
3204218,0,0,17
3204319,0,0,21
3204420,0,0,5
3204520,0,0,34
3204620,1,0,33
3204721,0,0,29
3204822,0,0,17
3204922,0,0,20

Test 18:
3363339,3,3,3
3363440,0,0,14
3363540,0,0,26
3363641,0,0,10
3363742,0,0,21
3363842,0,0,19
3363942,0,0,21
3364042,0,0,25
3364142,0,0,22
3364242,0,0,17
3364342,1,0,25
3364442,0,0,33
3364542,0,0,31
3364642,0,0,26
3364743,0,0,15
3364844,1,0,29
3364944,0,0,16
3365044,0,0,18
3365144,0,0,33
3365245,0,0,17
3365346,0,0,26
3365447,0,0,15
3365547,0,0,25
3365647,0,0,22
3365747,0,0,31
3365847,0,0,26
3365948,0,0,28
3366048,0,0,39
3366149,0,0,19
3366249,0,0,23
3366349,1,0,38
3366449,0,0,32
3366549,0,0,29
3366649,1,0,24
3366749,0,0,23
3366849,0,0,23
3366950,0,0,25
3367050,0,0,27
3367151,0,0,11
3367251,0,0,25
3367351,0,0,11
3367451,0,0,34
3367552,0,0,37
3367653,1,0,23
3367754,1,0,35
3367855,0,0,25
3367955,0,0,13
3368056,0,0,28
3368156,0,0,25
3368256,0,0,19
3368356,0,0,16
3368457,0,0,28
3368557,0,0,18
3368657,0,0,16
3368757,0,0,33
3368857,0,0,19
3368957,0,0,24
3369058,1,0,22
3369159,0,0,24
3369260,1,0,29
3369360,0,0,20
3369461,0,0,22
3369562,0,0,40
3369663,0,0,21
3369763,0,0,19
3369863,0,0,17
3369963,1,0,27
3370063,0,0,13
3370163,0,0,20
3370263,0,0,26
3370363,0,0,25
3370463,0,0,21
3370564,0,0,16
3370664,0,0,18
3370764,0,0,25
3370864,1,0,30
3370965,0,0,30
3371065,0,0,33
3371165,0,0,19
3371265,0,0,18
3371365,0,0,24
3371465,1,0,16
3371565,0,0,41
3371665,0,0,24
3371765,0,0,23
3371865,0,0,25
3371965,0,0,27
3372065,0,0,29
3372166,0,0,20
3372266,0,0,13
3372367,0,0,30
3372467,0,0,22
3372567,1,0,27
3372667,0,0,22
3372767,0,0,24
3372868,0,0,36
3372968,0,0,26
3373068,0,0,29
3373168,0,0,20
3373269,0,0,29
3373369,0,0,37
3373470,0,0,17
3373570,1,0,22
3373670,0,0,10
3373771,0,0,14
3373871,0,0,18
3373971,0,0,20
3374072,1,0,42
3374172,0,0,32
3374273,0,0,22
3374373,0,0,20
3374473,0,0,21
3374574,0,0,19
3374675,1,0,26
3374775,0,0,24
3374875,0,0,18
3374975,0,0,23
3375075,1,0,19
3375175,0,0,17
3375275,0,0,28
3375376,0,0,25
3375477,1,0,42
3375577,1,0,19
3375677,1,0,37
3375777,0,0,27
3375877,0,0,17
3375977,0,0,22
3376077,0,0,15
3376178,0,0,24
3376278,0,0,35
3376378,0,0,34
3376478,0,0,23
3376578,0,0,14
3376679,0,0,26
3376779,0,0,26
3376880,0,0,24
3376980,0,0,32
3377081,0,0,19
3377182,1,0,27
3377283,1,0,28
3377383,0,0,17
3377483,0,0,19
3377583,1,0,19
3377683,0,0,26
3377784,1,0,19
3377884,0,0,24
3377984,0,0,12
3378084,2,0,37
3378184,2,0,39
3378284,2,0,37
3378384,2,0,36
3378484,2,0,34
3378584,2,0,25
3378684,3,0,27
3378785,3,0,38
3378885,2,0,34
3378985,2,0,19
3379085,3,0,27
3379185,2,0,21
3379285,3,0,23
3379385,2,0,29
3379485,3,0,41
3379585,3,0,35
3379685,2,0,27
3379786,3,0,37
3379887,3,0,30
3379987,2,0,25
3380087,3,0,30
3380187,2,0,30
3380287,2,0,28
3380387,2,0,37
3380487,3,0,33
3380587,3,0,42
3380687,1,0,35
3380788,2,0,35
3380889,1,0,25
3380990,2,0,33
3381090,2,0,22
3381190,2,0,25
3381291,2,0,39
3381392,2,0,31
3381492,1,0,35
3381592,2,0,27
3381693,2,0,26
3381794,2,0,30
3381894,3,0,35
3381994,3,0,29
3382095,2,0,36
3382196,2,0,33
3382297,2,0,28
3382398,2,0,31
3382498,9,0,46
3382599,17,0,69
3382700,28,1,69
3382801,51,4,103
3382901,62,23,112
3383001,74,29,122
3383101,77,54,130
3383201,90,58,146
3383302,87,57,145
3383402,85,39,143
3383503,84,34,130
3383604,83,53,130
3383704,82,51,132
3383804,81,58,146
3383904,80,34,129
3384005,77,39,127
3384106,77,43,126
3384207,77,41,124
3384307,76,39,131
3384407,76,28,126
3384508,78,36,137
3384608,78,36,120
3384708,76,43,118
3384809,76,33,133
3384910,77,43,139
3385010,79,28,128
3385111,79,39,129
3385211,79,34,127
3385311,79,53,135
3385412,79,41,122
3385512,77,40,140
3385612,76,47,130
3385712,79,32,132
3385813,78,34,130
3385913,77,62,126
3386013,78,46,125
3386114,77,41,116
3386215,76,43,142
3386315,76,32,129
3386416,76,65,130
3386516,75,34,124
3386617,72,41,131
3386717,76,23,134
3386818,84,35,137
3386919,99,54,141
3387020,115,93,171
3387120,136,99,188
3387221,149,102,206
3387321,152,108,215
3387422,158,115,212
3387522,158,120,209
3387622,158,128,223
3387722,159,118,205
3387822,156,124,219
3387923,157,121,210
3388023,160,111,223
3388123,158,122,206
3388224,157,134,210
3388324,167,132,221
3388424,171,117,223
3388524,171,129,216
3388624,166,127,219
3388725,164,124,217
3388825,170,141,228
3388925,175,143,226
3389025,172,150,230
3389125,167,122,222
3389226,170,124,227
3389326,167,132,219
3389426,170,150,220
3389526,169,141,227
3389626,171,133,222
3389726,165,108,222
3389827,173,134,235
3389928,167,115,218
3390029,161,127,219
3390129,163,138,214
3390229,171,130,224
3390330,179,135,238
3390430,176,134,223
3390530,175,130,227
3390630,176,132,226
3390731,177,146,231
3390832,186,156,239
3390933,187,141,247
3391033,186,156,247
3391133,185,140,237
3391233,179,138,247
3391333,178,153,234
3391433,193,156,262
3391533,199,146,249
3391633,225,198,287
3391734,237,188,298
3391835,247,193,308
3391936,261,216,309
3392037,278,230,330
3392137,280,239,326
3392237,282,243,338
3392338,296,258,350
3392438,295,260,334
3392539,292,254,354
3392639,289,257,358
3392739,288,253,335
3392839,291,261,335
3392940,291,240,352
3393040,291,261,340
3393141,291,245,341
3393242,291,263,349
3393342,293,249,354
3393442,293,256,355
3393542,295,257,350
3393642,295,269,348
3393742,295,261,348
3393842,295,252,359
3393943,293,251,346
3394043,290,249,347
3394144,289,250,349
3394244,289,255,353
3394344,288,265,331
3394444,287,253,335
3394545,287,253,340
3394646,287,258,345
3394747,283,234,342
3394848,282,253,346
3394948,285,231,343
3395048,283,232,329
3395148,280,240,333
3395248,278,241,326
3395349,280,240,327
3395449,279,231,335
3395549,281,226,340
3395649,279,232,351
3395749,281,235,338
3395849,288,253,337
3395949,292,251,336
3396049,303,252,350
3396149,318,270,380
3396249,332,301,392
3396349,343,286,405
3396449,350,323,405
3396549,364,318,415
3396649,366,327,426
3396749,369,321,422
3396849,358,307,423
3396949,356,314,403
3397049,354,317,399
3397149,353,316,408
3397250,352,307,414
3397350,356,298,411
3397451,357,317,411
3397551,361,319,415
3397651,365,322,421
3397751,360,316,425
3397851,363,324,433
3397951,363,323,420
3398052,362,314,427
3398152,360,307,407
3398252,362,313,415
3398352,360,318,405
3398453,362,322,423
3398553,367,313,415
3398654,366,335,409
3398755,365,328,415
3398855,364,320,432
3398956,366,329,420
3399056,367,322,427
3399157,370,315,433
3399257,376,331,435
3399357,381,356,430
3399458,378,333,432
3399558,380,347,440
3399659,383,352,439
3399759,380,340,432
3399859,380,335,441
3399959,384,342,442
3400060,386,355,444
3400160,387,351,437
3400261,388,353,446
3400361,389,356,443
3400461,393,361,460
3400561,392,359,445
3400662,392,337,453
3400762,396,363,448
3400862,401,342,460
3400963,399,372,444
3401063,408,366,449
3401163,421,380,479
3401263,425,385,483
3401364,437,392,495
3401464,444,412,506
3401564,446,393,506
3401664,455,419,510
3401765,460,401,528
3401865,464,424,525
3401965,477,423,536
3402065,475,441,532
3402165,474,428,535
3402265,473,431,533
3402365,471,428,533
3402465,469,419,538
3402565,472,437,527
3402665,473,420,531
3402765,470,432,523
3402865,470,449,542
3402966,468,414,516
3403066,464,440,516
3403166,461,420,503
3403266,460,432,509
3403367,460,423,522
3403468,463,433,517
3403568,460,426,515
3403669,455,414,510
3403770,453,397,507
3403871,447,418,499
3403972,449,408,501
3404072,449,400,819
3404172,448,403,498
3404272,449,419,512
3404372,447,413,503
3404472,447,414,500
3404572,446,394,502
3404672,445,407,493
3404773,447,407,502
3404873,447,407,500
3404974,450,412,505
3405075,476,436,543
3405176,518,467,570
3405277,542,508,609
3405377,574,526,630
3405477,593,560,641
3405577,608,568,669
3405677,591,555,651
3405778,591,563,650
3405878,592,535,656
3405978,594,543,646
3406079,598,547,638
3406179,597,559,648
3406279,594,561,657
3406379,594,546,655
3406479,595,570,650
3406580,597,567,651
3406680,598,555,660
3406780,598,558,648
3406880,601,563,665
3406980,603,550,654
3407080,605,576,671
3407181,605,558,670
3407282,607,578,661
3407383,608,561,662
3407483,606,559,662
3407584,606,563,662
3407684,602,566,658
3407784,600,562,662
3407885,602,578,665
3407985,595,560,641
3408085,595,551,659
3408185,600,581,657
3408286,601,557,663
3408386,599,562,646
3408487,598,566,639
3408587,598,569,654
3408687,597,557,652
3408788,599,549,650
3408889,602,566,654
3408990,601,548,656
3409090,602,560,658
3409190,602,561,646
3409291,604,556,658
3409391,608,560,656
3409492,614,569,671
3409593,612,587,676
3409694,609,560,664
3409794,609,577,653
3409894,610,560,661
3409995,614,558,675
3410095,615,580,662
3410195,621,588,683
3410295,622,583,664
3410395,642,601,701
3410495,660,626,714
3410595,696,653,755
3410695,739,691,806
3410795,768,727,826
3410895,812,776,872
3410995,829,779,888
3411095,844,801,903
3411196,892,865,947
3411296,880,841,951
3411396,871,833,924
3411497,869,835,922
3411597,877,836,927
3411698,872,820,923
3411798,876,827,924
3411898,874,837,922
3411998,870,836,926
3412098,869,840,917
3412199,869,819,921
3412300,865,815,916
3412400,855,816,913
3412500,847,804,896
3412600,845,786,899
3412700,848,816,893
3412801,856,810,909
3412901,849,814,912
3413001,838,785,892
3413101,833,786,881
3413202,826,789,890
3413302,821,774,883
3413402,824,790,883
3413502,829,781,882
3413603,832,802,896
3413703,822,780,881
3413803,820,774,875
3413904,808,763,853
3414005,807,772,862
3414105,805,753,860
3414206,801,750,853
3414306,808,781,864
3414406,805,766,862
3414506,810,769,867
3414606,801,766,856
3414707,799,747,865
3414808,687,329,823
3414908,375,221,1039
3415008,111,54,1239
3415108,3,0,26
3415208,2,0,24
3415308,1,0,26
3415408,1,0,22
3415508,1,0,20
3415608,1,0,34
3415709,1,0,21
3415809,1,0,36
3415909,1,0,29
3416010,1,0,28
3416111,1,0,21
3416212,1,0,18
3416312,1,0,22
3416412,1,0,13
3416512,1,0,25
3416612,1,0,16
3416712,0,0,26
3416812,0,0,40
3416912,0,0,15
3417013,1,0,32
3417113,1,0,28
3417214,0,0,27
3417315,1,0,19
3417416,1,0,28
3417516,1,0,27
3417616,1,0,29
3417717,0,0,11
3417817,0,0,27
3417917,1,0,38
3418017,0,0,17
3418117,1,0,21
3418218,1,0,40
3418318,1,0,32
3418418,1,0,35
3418518,1,0,28
3418618,1,0,24
3418718,1,0,34
3418818,0,0,25
3418919,1,0,22
3419020,1,0,21
3419121,1,0,29
3419221,1,0,37
3419321,1,0,36
3419421,1,0,38
3419521,1,0,24
3419622,1,0,42
3419722,1,0,30
3419822,0,0,22
3419922,1,0,29
3420022,1,0,22
3420122,1,0,21
3420222,0,0,34
3420322,0,0,34
3420423,1,0,32
3420523,0,0,26
3420623,0,0,28
3420723,1,0,27
3420823,0,0,25
3420924,0,0,19
3421024,0,0,23
3421124,0,0,13
3421224,0,0,28
3421325,0,0,29
3421425,0,0,23
3421525,1,0,25
3421625,0,0,20
3421726,0,0,28
3421826,0,0,26
3421926,0,0,13
3422026,0,0,20
3422126,0,0,19
3422227,0,0,21
3422327,0,0,13
3422427,0,0,19
3422528,0,0,33
3422628,0,0,27
3422728,0,0,18
3422828,0,0,32
3422928,0,0,11
3423029,0,0,30
3423129,0,0,30
3423230,0,0,40
3423330,1,0,26
3423430,0,0,18
3423530,0,0,17
3423631,0,0,24
3423731,0,0,31
3423831,1,0,35
3423931,0,0,36
3424031,0,0,31
3424131,0,0,25
3424231,1,0,28
3424331,0,0,31
3424432,0,0,28
3424532,0,0,31
3424632,0,0,28
3424733,0,0,20
3424833,0,0,32
3424933,0,0,25
3425033,0,0,28
3425133,0,0,31

Test 19:
3538891,0,0,14
3538992,0,0,37
3539092,1,0,30
3539192,0,0,18
3539292,1,0,25
3539392,1,0,26
3539492,0,0,28
3539592,0,0,28
3539692,0,0,33
3539792,0,0,20
3539893,1,0,28
3539993,0,0,27
3540093,1,0,24
3540194,0,0,30
3540294,0,0,30
3540394,1,0,26
3540495,1,0,25
3540596,0,0,25
3540697,0,0,32
3540797,1,0,17
3540897,1,0,38
3540997,0,0,26
3541098,1,0,24
3541198,0,0,38
3541299,1,0,27
3541399,0,0,29
3541499,1,0,32
3541600,1,0,37
3541700,1,0,24
3541800,0,0,21
3541900,0,0,18
3542000,1,0,25
3542100,1,0,30
3542200,1,0,30
3542301,1,0,17
3542402,1,0,30
3542502,0,0,20
3542602,0,0,28
3542703,0,0,18
3542803,1,0,14
3542904,1,0,18
3543005,1,0,23
3543105,0,0,11
3543205,0,0,25
3543305,1,0,17
3543406,0,0,21
3543506,1,0,31
3543607,0,0,34
3543707,1,0,26
3543807,1,0,25
3543907,1,0,29
3544007,1,0,35
3544108,1,0,29
3544208,0,0,25
3544309,1,0,27
3544409,1,0,25
3544509,1,0,19
3544609,1,0,22
3544710,0,0,19
3544810,1,0,25
3544911,0,0,28
3545012,1,0,29
3545112,0,0,16
3545213,1,0,27
3545314,0,0,17
3545414,0,0,23
3545514,0,0,28
3545614,0,0,30
3545714,1,0,32
3545814,1,0,19
3545914,1,0,32
3546015,0,0,13
3546115,1,0,20
3546215,1,0,27
3546316,0,0,17
3546416,0,0,27
3546517,0,0,25
3546617,1,0,14
3546718,0,0,30
3546818,1,0,15
3546918,1,0,33
3547018,1,0,13
3547119,1,0,33
3547219,0,0,23
3547319,1,0,34
3547419,0,0,21
3547520,1,0,21
3547620,1,0,29
3547720,1,0,28
3547820,1,0,21
3547921,0,0,28
3548021,0,0,19
3548121,1,0,33
3548221,0,0,16
3548321,1,0,33
3548421,1,0,34
3548522,1,0,27
3548622,0,0,36
3548722,1,0,27
3548822,1,0,27
3548922,1,0,19
3549022,1,0,26
3549122,0,0,17
3549222,1,0,17
3549322,4,0,32
3549422,2,0,30
3549522,3,0,29
3549623,2,0,47
3549723,1,0,23
3549823,2,0,32
3549923,2,0,23
3550024,2,0,25
3550124,2,0,17
3550225,2,0,26
3550325,2,0,38
3550426,2,0,35
3550526,2,0,30
3550626,1,0,33
3550727,3,0,28
3550827,2,0,35
3550927,2,0,36
3551027,2,0,25
3551127,3,0,23
3551227,2,0,29
3551327,2,0,28
3551428,2,0,40
3551528,2,0,29
3551629,2,0,32
3551729,2,0,29
3551829,2,0,28
3551930,1,0,20
3552030,2,0,11
3552131,2,0,25
3552231,2,0,32
3552331,2,0,49
3552431,3,0,31
3552532,2,0,39
3552633,2,0,24
3552733,3,0,39
3552834,3,0,35
3552935,2,0,35
3553035,2,0,23
3553135,3,0,31
3553235,2,0,30
3553336,2,0,35
3553437,6,0,34
3553537,10,0,49
3553637,21,0,71
3553737,34,5,92
3553837,45,17,89
3553937,56,32,114
3554037,64,11,121
3554137,74,39,130
3554237,75,34,133
3554337,77,50,131
3554437,78,38,126
3554537,80,47,141
3554637,81,37,143
3554737,79,40,134
3554837,80,36,132
3554937,72,33,131
3555037,77,28,135
3555138,76,34,135
3555238,78,45,120
3555338,80,44,137
3555439,81,45,134
3555539,83,57,133
3555639,81,28,140
3555739,82,46,135
3555840,83,55,132
3555940,82,50,133
3556041,83,40,140
3556142,79,46,123
3556242,77,36,124
3556343,78,34,142
3556443,78,46,130
3556543,76,33,126
3556644,72,24,125
3556744,74,43,138
3556844,78,39,127
3556944,73,40,113
3557045,73,39,127
3557145,76,34,142
3557245,78,38,123
3557345,78,46,140
3557445,76,35,140
3557545,83,37,139
3557645,85,38,134
3557746,97,73,151
3557847,109,82,163
3557947,120,86,174
3558047,131,101,181
3558147,140,95,189
3558248,143,103,197
3558348,149,94,187
3558449,147,117,203
3558549,145,107,193
3558650,142,92,201
3558750,134,102,186
3558850,134,86,188
3558950,134,93,187
3559050,142,106,196
3559150,144,97,202
3559250,144,102,190
3559350,149,116,203
3559450,152,118,197
3559551,154,108,206
3559651,154,120,207
3559751,150,115,198
3559851,153,127,204
3559952,152,116,205
3560052,154,117,201
3560152,148,123,216
3560252,148,117,195
3560353,148,102,206
3560453,145,107,206
3560553,140,95,194
3560653,143,93,186
3560753,142,75,195
3560854,142,101,198
3560955,143,109,192
3561055,141,102,194
3561155,144,112,204
3561255,141,101,189
3561355,143,93,196
3561455,133,90,176
3561555,138,100,197
3561655,135,102,196
3561755,139,117,191
3561855,142,121,201
3561955,148,117,209
3562055,147,116,198
3562155,146,97,201
3562255,140,112,187
3562356,143,116,200
3562457,142,114,184
3562558,142,107,193
3562658,143,113,197
3562759,147,107,196
3562859,155,122,197
3562959,166,126,226
3563060,176,140,227
3563160,192,142,245
3563260,208,170,259
3563360,216,166,263
3563460,225,196,277
3563561,239,195,304
3563662,250,216,309
3563762,241,190,291
3563862,259,225,311
3563963,254,214,317
3564063,250,216,305
3564164,254,211,309
3564264,258,222,315
3564364,261,223,307
3564464,255,218,313
3564564,250,222,296
3564664,250,212,297
3564764,252,207,306
3564865,249,203,305
3564965,254,202,308
3565066,250,216,299
3565166,251,209,300
3565267,252,226,303
3565368,253,230,308
3565468,250,219,291
3565568,250,213,305
3565668,252,206,310
3565769,249,219,311
3565869,242,193,308
3565970,241,218,292
3566070,239,203,294
3566170,239,196,292
3566270,237,205,293
3566371,244,199,288
3566472,241,215,285
3566573,236,195,296
3566674,237,199,288
3566774,238,194,283
3566874,236,196,288
3566974,230,175,278
3567074,228,169,271
3567175,226,181,281
3567275,226,202,286
3567375,230,185,282
3567476,228,183,276
3567576,238,209,296
3567677,261,222,324
3567778,274,236,333
3567878,291,241,335
3567978,315,276,370
3568078,327,288,394
3568178,359,328,419
3568278,362,312,427
3568378,369,335,430
3568478,380,352,436
3568578,384,329,439
3568678,383,343,439
3568778,383,322,434
3568878,382,328,438
3568978,380,336,439
3569079,375,317,432
3569179,375,323,439
3569280,375,331,427
3569380,376,332,436
3569480,375,330,432
3569581,376,332,435
3569681,379,346,431
3569781,376,336,436
3569881,374,307,441
3569981,377,347,426
3570081,374,339,426
3570181,377,341,423
3570282,377,335,432
3570382,380,329,432
3570483,376,323,416
3570583,379,353,428
3570683,378,345,438
3570783,379,339,442
3570883,379,347,453
3570983,380,321,436
3571083,378,333,432
3571183,382,333,443
3571283,388,348,439
3571383,390,365,442
3571484,388,351,433
3571584,386,354,437
3571684,390,355,446
3571784,393,354,444
3571884,394,357,462
3571985,404,375,453
3572085,416,361,466
3572185,443,403,498
3572285,458,421,519
3572385,473,436,531
3572485,483,453,536
3572586,486,444,550
3572687,478,443,535
3572788,478,445,543
3572888,477,430,534
3572989,476,447,534
3573089,474,438,531
3573189,479,448,528
3573289,482,434,535
3573389,481,438,541
3573489,482,438,531
3573589,483,441,544
3573689,485,445,540
3573789,484,451,547
3573889,484,446,536
3573989,485,453,546
3574089,483,442,536
3574189,483,439,528
3574289,486,431,556
3574389,487,442,549
3574489,488,445,543
3574589,492,437,546
3574689,492,443,552
3574789,494,450,546
3574889,497,440,562
3574989,494,453,538
3575089,495,469,555
3575189,495,452,539
3575289,493,450,549
3575389,495,470,550
3575489,494,439,558
3575589,491,453,562
3575690,489,461,552
3575790,495,441,549
3575891,501,453,557
3575992,504,471,560
3576092,512,474,564
3576192,512,481,570
3576293,530,488,576
3576394,538,494,589
3576494,551,499,603
3576594,560,527,612
3576694,570,518,624
3576795,580,519,638
3576896,584,542,634
3576997,586,552,637
3577097,568,528,618
3577197,571,545,630
3577297,571,533,629
3577397,574,540,632
3577497,567,544,615
3577597,568,532,630
3577697,573,521,624
3577797,576,530,628
3577898,571,540,626
3577998,573,530,629
3578098,574,530,637
3578198,572,531,629
3578298,569,538,849
3578398,572,533,624
3578499,574,540,633
3578599,578,526,643
3578700,578,522,631
3578800,574,547,623
3578900,575,543,634
3579000,579,546,628
3579100,581,538,628
3579200,582,556,634
3579301,586,534,634
3579401,581,535,861
3579501,580,535,626
3579602,580,541,632
3579702,583,538,632
3579802,584,535,637
3579902,586,542,644
3580003,588,558,643
3580103,590,554,641
3580203,594,557,648
3580303,599,552,664
3580403,639,608,685
3580503,688,633,742
3580603,733,685,794
3580704,781,738,829
3580805,796,755,850
3580905,823,782,883
3581005,837,802,905
3581106,829,782,891
3581206,818,777,867
3581306,846,796,890
3581406,800,760,853
3581506,752,723,815
3581606,763,714,824
3581706,770,733,821
3581807,769,740,824
3581908,768,717,823
3582008,762,710,818
3582108,756,716,821
3582208,773,728,827
3582308,809,759,867
3582409,786,747,852
3582510,784,747,836
3582610,755,713,805
3582711,734,710,803
3582811,740,681,793
3582912,764,715,814
3583012,748,718,802
3583113,768,723,820
3583213,754,726,811
3583313,772,734,842
3583414,820,763,879
3583515,819,766,871
3583615,815,780,890
3583715,806,765,869
3583815,803,776,865
3583915,822,785,872
3584015,832,808,891
3584116,828,799,875
3584217,815,790,858
3584317,820,771,883
3584417,804,784,856
3584517,799,771,851
3584618,804,742,1324
3584718,822,765,886
3584818,802,765,855
3584919,803,774,856
3585019,809,757,863
3585120,831,792,899
3585220,806,758,879
3585320,789,739,865
3585420,798,772,855
3585520,813,786,865
3585620,819,772,866
3585720,806,778,856
3585821,796,746,855
3585922,809,785,866
3586022,800,776,851
3586122,799,763,844
3586222,815,781,867
3586322,701,318,839
3586422,383,240,1059
3586522,114,69,1263
3586622,3,0,34
3586722,2,0,26
3586822,1,0,34
3586923,1,0,20
3587024,1,0,29
3587125,1,0,25
3587225,1,0,22
3587326,1,0,39
3587426,1,0,16
3587526,0,0,28
3587626,1,0,29
3587726,1,0,26
3587826,1,0,25
3587926,1,0,31
3588026,1,0,32
3588127,1,0,20
3588228,1,0,24
3588328,1,0,24
3588428,1,0,27
3588529,1,0,24
3588629,1,0,37
3588730,0,0,21
3588830,1,0,39
3588930,1,0,30
3589031,1,0,26
3589131,1,0,24
3589232,1,0,27
3589333,0,0,15
3589434,1,0,29
3589534,1,0,25
3589634,1,0,19
3589734,1,0,35
3589834,1,0,21
3589934,1,0,27
3590034,1,0,27
3590135,1,0,37
3590235,1,0,39
3590336,1,0,27
3590436,1,0,20
3590536,1,0,24
3590637,1,0,31
3590738,1,0,39
3590839,1,0,22
3590939,1,0,18
3591039,1,0,27
3591140,1,0,27
3591240,1,0,23
3591340,1,0,20
3591440,0,0,23
3591540,1,0,26
3591641,1,0,13
3591741,0,0,26
3591842,0,0,26
3591942,0,0,16
3592043,0,0,33
3592144,1,0,22
3592244,0,0,31
3592344,1,0,22
3592444,1,0,22
3592544,0,0,25
3592645,0,0,36
3592745,0,0,24
3592846,0,0,15
3592946,1,0,23
3593047,0,0,18
3593147,0,0,20
3593247,0,0,26
3593347,0,0,23
3593447,0,0,29
3593547,0,0,17
3593647,0,0,23
3593747,0,0,26
3593847,0,0,33
3593947,0,0,27
3594047,1,0,30
3594147,0,0,21
3594247,0,0,32
3594347,0,0,30
3594447,0,0,20
3594547,0,0,29
3594647,0,0,29
3594747,0,0,17
3594848,0,0,28
3594948,0,0,30
3595049,0,0,34
3595150,0,0,20
3595250,0,0,22
3595351,0,0,12
3595451,0,0,17
3595552,0,0,24
3595652,0,0,26
3595752,0,0,11
3595853,0,0,26
3595954,0,0,24
3596055,1,0,21
3596156,0,0,33
3596257,0,0,24
3596357,0,0,25
3596458,0,0,18
3596558,0,0,27

Test 20:
3775310,2,2,2
3775411,0,0,20
3775512,1,0,25
3775612,1,0,25
3775713,0,0,21
3775814,0,0,20
3775914,0,0,29
3776014,0,0,27
3776114,0,0,23
3776214,0,0,37
3776315,1,0,18
3776416,0,0,24
3776516,1,0,29
3776616,0,0,33
3776717,1,0,24
3776817,0,0,33
3776917,0,0,21
3777017,1,0,20
3777118,1,0,32
3777219,1,0,29
3777319,1,0,29
3777420,0,0,24
3777520,0,0,21
3777621,1,0,21
3777721,0,0,24
3777822,1,0,27
3777922,1,0,31
3778022,0,0,22
3778122,0,0,11
3778222,0,0,12
3778322,0,0,35
3778422,0,0,26
3778523,1,0,24
3778624,1,0,25
3778724,0,0,35
3778824,0,0,16
3778924,1,0,23
3779025,1,0,24
3779126,0,0,22
3779226,1,0,29
3779327,1,0,27
3779427,0,0,24
3779528,1,0,38
3779628,1,0,24
3779728,0,0,21
3779828,1,0,30
3779929,0,0,31
3780030,0,0,24
3780130,1,0,25
3780231,1,0,30
3780331,0,0,16
3780431,0,0,21
3780531,0,0,17
3780631,0,0,20
3780731,1,0,33
3780832,1,0,22
3780933,1,0,19
3781033,1,0,27
3781133,1,0,33
3781233,1,0,21
3781333,0,0,20
3781434,0,0,15
3781534,1,0,27
3781635,0,0,26
3781735,0,0,24
3781835,1,0,28
3781935,1,0,37
3782035,1,0,13
3782135,1,0,22
3782235,0,0,17
3782335,1,0,29
3782435,1,0,34
3782535,1,0,19
3782635,1,0,35
3782735,1,0,29
3782836,1,0,36
3782936,0,0,33
3783037,1,0,31
3783138,0,0,16
3783238,1,0,28
3783339,0,0,18
3783439,0,0,28
3783539,0,0,33
3783639,1,0,25
3783739,1,0,30
3783840,0,0,31
3783940,0,0,29
3784041,1,0,25
3784141,1,0,24
3784241,0,0,30
3784342,0,0,26
3784442,0,0,29
3784542,2,0,28
3784643,3,0,35
3784743,2,0,26
3784843,2,0,47
3784944,2,0,31
3785044,3,0,32
3785145,3,0,26
3785246,2,0,37
3785347,3,0,18
3785447,2,0,35
3785548,1,0,29
3785648,4,0,28
3785748,3,0,26
3785849,2,0,28
3785949,2,0,35
3786050,3,0,26
3786150,1,0,26
3786250,2,0,24
3786350,3,0,44
3786451,20,0,64
3786552,32,0,66
3786652,47,25,95
3786752,63,30,114
3786852,71,35,132
3786953,76,37,126
3787054,80,45,119
3787154,81,42,136
3787254,82,57,136
3787354,79,39,128
3787454,78,53,126
3787554,79,28,121
3787654,76,33,123
3787754,77,30,123
3787855,78,37,141
3787955,79,57,134
3788055,77,40,126
3788156,78,57,127
3788256,81,40,126
3788357,83,53,139
3788457,83,43,122
3788557,80,57,135
3788657,78,24,126
3788757,76,31,129
3788857,76,58,138
3788957,78,35,128
3789058,74,35,116
3789158,78,40,121
3789258,82,38,139
3789359,87,54,139
3789459,89,44,134
3789560,90,70,137
3789660,92,64,147
3789760,93,53,154
3789860,92,59,145
3789960,93,52,140
3790060,91,48,147
3790160,90,53,143
3790261,94,78,146
3790362,101,70,146
3790462,107,73,170
3790562,123,90,182
3790662,134,76,192
3790762,145,115,196
3790862,152,134,213
3790962,166,136,212
3791063,164,127,233
3791163,177,142,219
3791263,161,121,217
3791363,159,130,221
3791463,160,119,204
3791563,159,122,208
3791663,164,121,223
3791763,161,106,216
3791864,163,125,200
3791964,162,118,210
3792064,161,107,212
3792164,164,122,212
3792264,163,119,219
3792364,162,106,219
3792465,163,118,215
3792565,162,146,218
3792665,165,119,220
3792766,166,121,219
3792866,168,114,219
3792967,168,126,225
3793067,173,139,219
3793167,172,139,216
3793268,174,147,228
3793369,175,128,229
3793469,171,123,230
3793569,171,128,217
3793669,171,138,220
3793769,173,126,220
3793869,177,145,243
3793969,177,132,234
3794069,177,118,231
3794169,174,134,240
3794270,173,142,230
3794370,175,145,230
3794471,176,127,230
3794572,178,114,234
3794672,178,133,226
3794773,179,129,237
3794874,178,127,234
3794975,181,152,229
3795075,185,127,236
3795175,182,138,239
3795276,183,137,228
3795376,187,147,246
3795476,194,144,250
3795577,211,163,253
3795677,229,181,299
3795778,235,193,289
3795879,254,211,302
3795979,276,242,336
3796079,278,243,335
3796179,288,247,342
3796279,298,261,352
3796379,296,263,347
3796480,299,251,343
3796580,294,257,355
3796680,289,252,340
3796780,291,238,355
3796880,290,242,349
3796980,288,262,339
3797080,286,267,332
3797180,284,251,354
3797280,281,241,339
3797380,285,243,346
3797480,282,257,338
3797580,275,225,330
3797681,281,241,341
3797781,280,240,344
3797882,283,238,337
3797983,278,238,332
3798083,278,257,331
3798184,280,253,324
3798285,278,225,336
3798385,278,240,348
3798485,273,244,333
3798586,275,243,335
3798686,276,230,335
3798786,274,233,322
3798886,273,246,329
3798986,279,252,343
3799086,280,244,328
3799187,282,240,335
3799287,288,242,350
3799387,290,262,350
3799487,291,256,358
3799587,291,229,343
3799688,290,255,349
3799788,290,249,340
3799888,282,243,338
3799988,291,245,339
3800088,294,261,365
3800188,289,259,354
3800288,288,231,341
3800388,288,237,348
3800488,286,256,335
3800589,293,259,341
3800689,289,267,346
3800789,282,250,338
3800889,283,253,338
3800989,284,249,337
3801090,276,238,330
3801191,272,240,319
3801292,271,229,329
3801392,276,237,334
3801492,274,230,336
3801593,274,232,336
3801694,282,247,351
3801795,288,254,341
3801895,294,249,355
3801996,308,264,363
3802096,314,264,372
3802196,321,274,375
3802296,330,273,382
3802396,327,300,387
3802496,323,281,380
3802596,323,299,367
3802697,322,282,386
3802797,323,275,377
3802897,321,286,380
3802997,323,271,385
3803097,322,282,389
3803197,321,284,365
3803297,320,285,368
3803398,321,290,379
3803498,318,285,369
3803599,319,285,365
3803700,319,279,362
3803801,321,267,378
3803901,324,297,395
3804001,324,275,373
3804101,324,280,380
3804202,332,283,392
3804302,333,299,383
3804402,336,288,394
3804502,339,287,388
3804602,340,304,389
3804702,345,299,400
3804802,345,314,411
3804902,345,303,403
3805002,343,302,399
3805103,345,309,397
3805204,342,301,399
3805304,344,301,394
3805404,344,309,398
3805504,344,314,398
3805604,344,314,392
3805704,348,311,407
3805805,348,302,399
3805905,355,311,414
3806006,355,338,404
3806106,364,317,424
3806206,380,327,431
3806306,401,356,452
3806406,426,388,479
3806506,445,412,507
3806607,454,424,496
3806708,475,438,522
3806809,469,437,519
3806910,467,425,526
3807010,473,404,530
3807111,473,431,532
3807212,474,419,533
3807313,474,428,532
3807413,478,444,542
3807513,472,430,525
3807613,465,415,518
3807713,462,399,520
3807813,453,413,513
3807913,455,405,509
3808013,458,419,516
3808114,458,411,507
3808214,450,414,510
3808314,447,400,505
3808414,445,402,504
3808514,448,408,504
3808614,450,425,507
3808714,450,412,507
3808814,453,416,514
3808915,453,420,503
3809015,446,407,506
3809115,452,410,501
3809216,449,413,512
3809317,451,402,501
3809417,452,410,520
3809517,449,413,508
3809618,455,408,492
3809719,452,428,509
3809819,459,421,517
3809919,458,418,503
3810019,457,440,517
3810119,461,415,512
3810220,462,425,527
3810321,454,412,507
3810421,455,413,521
3810521,454,417,506
3810621,449,409,516
3810721,446,401,510
3810821,446,411,512
3810922,439,395,498
3811022,443,385,492
3811122,450,424,520
3811222,472,430,526
3811322,487,450,539
3811422,511,462,567
3811522,528,480,588
3811622,546,508,598
3811723,577,535,648
3811823,578,537,626
3811924,579,545,633
3812024,602,571,655
3812124,600,565,664
3812224,598,538,656
3812324,599,556,647
3812424,596,555,638
3812524,596,547,645
3812624,593,553,652
3812724,587,547,640
3812824,584,559,634
3812924,587,551,653
3813025,582,526,640
3813125,581,528,634
3813226,579,551,633
3813327,577,552,643
3813427,577,521,630
3813528,574,543,626
3813628,573,521,640
3813728,572,543,637
3813829,570,537,624
3813929,570,533,623
3814029,571,519,616
3814129,574,541,620
3814229,576,520,630
3814329,573,520,620
3814430,577,547,638
3814530,579,531,629
3814630,580,534,638
3814731,579,541,634
3814831,578,537,629
3814931,578,558,627
3815031,577,544,637
3815131,568,526,615
3815231,565,520,628
3815331,564,528,617
3815431,564,522,608
3815531,559,521,625
3815632,555,511,606
3815733,575,522,630
3815833,613,582,678
3815934,656,616,707
3816035,713,665,776
3816136,749,703,801
3816236,763,726,815
3816336,746,695,802
3816437,767,711,822
3816538,779,746,847
3816638,774,729,822
3816738,778,743,844
3816838,759,712,823
3816938,768,726,830
3817038,743,705,799
3817139,739,701,792
3817239,737,706,793
3817339,732,700,785
3817440,738,701,793
3817540,728,693,784
3817640,725,680,779
3817740,707,662,760
3817841,718,671,772
3817942,722,690,776
3818042,734,684,790
3818143,727,682,785
3818243,714,670,775
3818344,698,661,749
3818444,724,696,781
3818544,743,705,798
3818645,717,681,781
3818745,734,686,789
3818846,762,716,815
3818947,771,730,834
3819047,768,735,828
3819147,789,754,840
3819247,775,738,828
3819347,780,742,832
3819447,784,731,828
3819547,674,296,807
3819647,368,151,1019
3819747,109,60,1215
3819847,3,0,30
3819947,2,0,30
3820047,1,0,24
3820148,1,0,22
3820248,1,0,38
3820348,1,0,19
3820448,1,0,25
3820548,1,0,20
3820649,1,0,27
3820750,1,0,27
3820850,1,0,26
3820950,1,0,25
3821050,1,0,28
3821150,1,0,23
3821250,1,0,24
3821350,1,0,26
3821451,1,0,21
3821551,1,0,20
3821652,1,0,26
3821752,1,0,26
3821853,1,0,24
3821953,1,0,20
3822054,1,0,26
3822155,0,0,20
3822255,1,0,18
3822355,1,0,23
3822456,1,0,30
3822556,1,0,36
3822657,0,0,32
3822757,1,0,29
3822857,1,0,23
3822957,0,0,24
3823057,1,0,30
3823157,1,0,25
3823257,0,0,27
3823357,1,0,33
3823457,1,0,26
3823558,1,0,33
3823659,1,0,27
3823759,0,0,14
3823859,1,0,12
3823959,1,0,40
3824059,1,0,33
3824159,1,0,30
3824259,1,0,26
3824359,0,0,22
3824460,1,0,30
3824560,1,0,27
3824660,0,0,31
3824760,1,0,26
3824861,0,0,28
3824962,0,0,27
3825063,0,0,27
3825163,1,0,24
3825264,1,0,19
3825364,0,0,25
3825464,1,0,32
3825564,0,0,29
3825664,0,0,30
3825764,0,0,31
3825865,0,0,24
3825965,0,0,11
3826065,0,0,31
3826165,0,0,24
3826265,0,0,28
3826365,0,0,37
3826466,1,0,30
3826566,0,0,29
3826666,0,0,33
3826767,0,0,32
3826867,0,0,27
3826967,0,0,28
3827067,0,0,21
3827167,0,0,19
3827268,0,0,14
3827369,0,0,21
3827469,0,0,29
3827570,1,0,37
3827671,0,0,18
3827772,0,0,24
3827872,0,0,13
3827972,0,0,16
3828073,0,0,25
3828174,0,0,22