Sensor KA 

300g,600g,900g,1200g,1500g,2000g

Test1:
334913,0,0,17
335014,0,0,10
335115,1,0,31
335216,1,0,23
335317,1,0,19
335417,0,0,12
335518,1,0,33
335619,1,0,11
335720,1,0,20
335821,1,0,26
335921,1,0,14
336022,1,0,12
336123,1,0,32
336223,1,0,26
336324,0,0,20
336424,1,0,44
336525,1,0,38
336625,1,0,25
336725,0,0,26
336826,1,0,19
336926,1,0,15
337026,1,0,13
337126,0,0,20
337226,0,0,19
337327,1,0,15
337427,0,0,22
337528,1,0,21
337628,2,0,14
337729,20,0,44
337830,31,0,64
337930,46,0,74
338030,61,18,86
338131,66,36,105
338231,73,39,116
338331,70,31,109
338431,69,32,98
338531,69,29,100
338632,68,11,106
338732,69,35,100
338833,64,38,100
338933,61,21,94
339034,59,22,79
339135,60,31,91
339236,56,0,75
339336,57,28,78
339437,55,23,86
339538,58,16,87
339639,57,20,78
339740,59,26,98
339841,60,35,95
339941,61,22,85
340042,58,22,81
340142,59,19,89
340243,58,7,93
340344,58,27,100
340445,61,34,101
340546,60,18,81
340647,61,14,101
340747,75,33,100
340848,83,51,117
340949,100,67,126
341049,111,65,157
341150,125,76,168
341251,143,121,185
341352,155,128,184
341453,161,126,212
341553,165,130,210
341653,174,127,208
341753,172,129,225
341853,171,119,217
341953,168,113,206
342054,167,130,220
342155,165,133,200
342255,161,127,200
342355,159,127,209
342456,161,116,196
342556,163,126,195
342657,165,140,206
342757,162,112,185
342858,163,130,184
342958,163,132,193
343058,159,106,197
343159,158,106,198
343260,158,125,201
343361,160,108,190
343462,161,117,194
343562,161,113,196
343663,161,117,192
343764,158,128,206
343865,158,120,184
343966,158,108,193
344067,159,123,189
344167,157,142,191
344267,156,106,182
344368,154,105,184
344468,153,117,178
344568,155,124,187
344668,158,112,193
344768,158,121,194
344869,158,114,194
344969,157,119,207
345070,158,129,190
345171,158,122,192
345271,160,131,191
345372,162,115,188
345473,163,124,212
345573,164,129,190
345673,163,139,209
345774,165,125,206
345874,167,137,210
345975,165,128,192
346076,163,125,204
346176,162,115,188
346276,162,135,199
346376,159,130,201
346477,166,123,202
346578,172,127,198
346679,179,129,203
346780,192,143,241
346881,197,152,232
346981,203,170,263
347082,214,181,252
347183,215,174,257
347284,220,173,256
347385,239,202,269
347485,233,190,270
347585,229,181,268
347685,224,199,256
347785,221,187,260
347886,219,176,249
347987,215,194,252
348088,211,174,271
348188,214,169,249
348288,209,179,243
348389,206,186,236
348490,205,166,251
348590,204,166,252
348691,204,158,250
348792,205,162,242
348893,206,166,241
348994,208,169,232
349095,213,175,249
349196,213,176,251
349296,216,178,257
349397,214,180,245
349497,209,162,257
349597,210,162,244
349698,211,172,255
349798,210,166,244
349898,215,175,246
349999,221,199,258
350099,216,178,250
350199,214,174,259
350300,214,170,246
350401,212,166,244
350502,212,173,255
350603,211,171,237
350704,210,180,235
350805,211,173,254
350906,218,180,270
351006,218,184,263
351106,214,156,255
351207,215,181,240
351308,219,175,248
351409,222,180,262
351510,222,186,262
351611,226,189,244
351711,226,180,265
351811,222,182,260
351912,226,168,258
352012,223,190,254
352112,224,190,259
352213,226,181,254
352313,230,183,253
352413,232,192,276
352514,232,190,273
352614,232,191,271
352714,237,193,275
352815,242,213,289
352916,256,208,293
353016,265,233,304
353117,280,243,334
353218,284,235,334
353319,299,264,344
353420,305,253,332
353520,315,275,346
353620,310,254,331
353720,305,249,341
353821,300,267,330
353922,299,260,340
354023,295,259,322
354124,292,267,323
354224,291,253,315
354324,291,259,324
354425,291,249,335
354526,292,254,331
354627,293,247,339
354727,290,261,333
354827,291,246,328
354928,291,240,320
355028,292,241,324
355129,291,262,342
355229,294,265,340
355329,294,244,318
355430,292,255,328
355531,294,251,324
355632,295,262,344
355732,296,266,337
355832,295,242,340
355933,297,251,330
356034,297,251,335
356135,298,248,337
356235,299,278,316
356336,300,252,332
356437,303,262,329
356537,302,269,340
356637,304,257,342
356737,306,270,351
356837,308,257,362
356938,310,262,353
357038,317,282,357
357139,326,277,355
357240,347,314,387
357341,364,329,398
357442,377,325,426
357543,381,337,425
357644,391,370,437
357744,389,336,433
357845,388,335,432
357946,386,347,407
358047,385,347,435
358147,386,335,439
358248,385,351,446
358349,385,353,435
358450,380,351,406
358551,382,349,428
358652,382,348,431
358753,382,350,422
358854,379,338,416
358955,380,348,418
359056,380,340,420
359157,378,344,422
359258,379,340,423
359358,378,349,423
359459,376,337,396
359560,377,330,407
359661,378,343,430
359762,378,333,423
359862,378,334,428
359962,389,352,418
360063,400,377,428
360164,409,367,450
360264,419,379,457
360364,436,390,486
360465,452,414,478
360565,463,403,499
360665,476,431,509
360766,481,443,524
360867,485,449,525
360967,495,457,534
361068,493,443,536
361168,490,443,539
361268,487,440,503
361368,487,445,534
361469,486,442,537
361570,484,440,525
361670,486,446,520
361771,488,446,533
361871,487,434,532
361972,486,435,531
362072,484,447,523
362172,485,438,513
362272,482,445,505
362373,482,439,526
362474,480,437,539
362574,478,444,505
362674,477,448,508
362774,476,454,512
362875,473,435,510
362975,473,435,510
363076,468,425,509
363176,467,417,498
363277,467,427,506
363378,467,415,512
363479,469,426,519
363579,470,421,511
363679,473,437,496
363780,475,445,502
363880,478,434,512
363981,475,450,509
364082,475,435,513
364183,477,443,507
364284,479,431,530
364385,481,446,518
364485,478,444,511
364585,478,448,512
364686,476,431,517
364786,475,440,498
364886,476,447,516
364987,476,434,509
365087,370,322,418
365188,93,59,134
365289,27,0,64
365390,3,0,23
365490,1,0,24
365591,0,0,21
365692,1,0,13
365792,1,0,17
365892,1,0,17
365993,0,0,16
366094,0,0,10
366195,1,0,25
366295,1,0,16
366396,1,0,14
366497,1,0,23
366598,1,0,24
366699,1,0,34
366800,1,0,11
366900,1,0,28
367001,1,0,19
367102,1,0,25
367202,1,0,11
367303,1,0,18
367403,1,0,18
367504,1,0,18
367605,1,0,20
367706,1,0,18
367806,1,0,16
367906,1,0,21
368007,1,0,11
368108,1,0,16
368208,1,0,25
368308,1,0,14
368408,1,0,20
368508,0,0,18
368609,1,0,22

Test2:
446220,1,0,19
446321,1,0,21
446422,1,0,19
446522,1,0,30
446622,0,0,11
446722,1,0,12
446822,0,0,10
446923,0,0,16
447024,1,0,11
447124,1,0,13
447225,1,0,25
447326,1,0,16
447426,0,0,29
447526,0,0,16
447626,1,0,24
447727,1,0,29
447828,1,0,11
447928,0,0,25
448029,1,0,18
448129,1,0,41
448230,0,0,13
448331,1,0,11
448432,1,0,11
448533,0,0,21
448634,1,0,14
448735,1,0,20
448835,1,0,26
448936,1,0,28
449036,0,0,12
449137,1,0,27
449238,1,0,11
449339,1,0,15
449439,12,0,52
449540,29,4,66
449641,54,22,83
449742,79,46,115
449842,87,47,114
449943,102,74,142
450043,103,70,138
450144,98,42,134
450244,93,39,127
450344,90,62,145
450445,92,53,127
450546,93,58,129
450646,93,51,120
450747,92,61,138
450847,87,56,111
450948,88,45,140
451048,88,46,122
451148,86,53,120
451248,86,45,120
451349,88,41,110
451450,89,54,134
451551,89,45,123
451651,88,56,122
451752,87,59,107
451852,86,57,132
451952,85,54,129
452053,85,56,129
452154,87,36,124
452254,89,53,125
452355,90,48,124
452456,86,51,126
452557,85,57,125
452658,83,37,114
452758,86,67,128
452858,89,60,137
452959,94,50,131
453060,107,68,145
453160,122,80,153
453260,139,93,170
453361,144,94,175
453462,152,121,184
453562,151,112,189
453662,150,108,187
453762,150,106,204
453863,149,101,196
453963,148,111,186
454064,148,111,178
454165,148,112,170
454266,149,109,185
454367,150,115,202
454468,149,102,186
454568,147,113,188
454669,146,104,179
454770,147,96,199
454870,145,109,176
454970,147,92,171
455070,145,115,182
455170,145,101,189
455271,145,95,176
455372,145,118,191
455473,142,99,160
455574,141,90,176
455674,141,94,164
455775,141,109,190
455876,142,108,174
455977,147,115,182
456078,157,123,197
456178,171,124,208
456278,190,158,238
456379,208,163,247
456479,218,158,254
456580,222,173,263
456681,220,177,246
456781,216,174,260
456882,217,183,275
456983,214,177,245
457083,215,174,252
457184,215,178,252
457284,214,170,254
457385,215,163,249
457485,212,171,246
457586,211,188,245
457687,216,166,261
457788,214,176,254
457889,213,182,245
457990,216,182,252
458091,216,176,260
458192,219,169,245
458292,219,180,258
458393,219,172,259
458494,219,168,261
458594,221,170,259
458695,224,185,264
458795,222,197,258
458895,225,201,261
458996,228,182,274
459097,232,198,283
459197,230,206,278
459297,229,186,269
459398,230,188,271
459499,228,191,260
459600,226,187,267
459700,228,189,268
459800,232,189,291
459901,232,186,267
460002,233,203,269
460103,233,196,273
460203,230,181,262
460303,230,180,261
460404,230,188,261
460505,227,189,278
460606,229,196,268
460707,231,186,265
460808,234,208,266
460909,233,192,263
461009,235,200,284
461109,236,201,287
461210,234,201,270
461310,238,203,286
461411,238,199,276
461511,240,196,277
461611,250,193,298
461711,259,214,302
461812,271,226,324
461912,283,240,333
462013,291,245,325
462113,293,254,345
462213,301,257,349
462314,298,255,325
462415,296,243,331
462516,295,248,338
462616,295,251,333
462717,296,248,336
462817,296,239,333
462917,294,258,338
463017,293,254,322
463118,295,261,325
463218,297,273,331
463318,296,243,317
463418,297,274,351
463519,298,260,325
463619,299,266,336
463719,298,255,333
463820,299,262,334
463920,296,259,327
464021,295,261,320
464121,295,264,338
464221,294,254,335
464322,295,240,327
464422,296,255,345
464523,298,262,338
464624,298,268,327
464724,300,253,339
464824,301,260,332
464925,300,251,346
465025,300,258,346
465125,302,261,345
465226,302,269,345
465326,303,281,334
465426,301,246,353
465526,304,260,361
465627,303,261,336
465728,304,276,333
465829,304,254,343
465930,304,260,352
466030,303,269,352
466130,304,272,340
466231,304,266,346
466331,305,249,346
466431,305,271,341
466532,306,252,341
466632,308,277,373
466732,309,266,358
466833,314,281,356
466934,320,281,349
467035,325,287,355
467135,340,311,386
467236,349,315,369
467337,354,312,389
467437,363,332,409
467537,373,326,415
467637,375,326,417
467737,377,344,420
467838,395,358,427
467939,391,350,437
468040,385,330,404
468140,381,335,407
468241,378,342,417
468342,378,324,393
468443,379,346,400
468544,380,323,412
468645,379,343,424
468746,379,355,423
468846,379,350,410
468946,379,337,422
469046,380,341,413
469146,380,332,419
469247,380,342,423
469348,380,337,422
469449,379,336,404
469550,379,340,406
469650,379,339,412
469750,379,337,414
469850,378,351,423
469951,377,336,427
470052,375,333,419
470153,374,343,407
470254,374,341,411
470354,374,337,405
470454,374,340,419
470555,375,346,413
470655,374,331,402
470755,375,335,416
470855,373,338,413
470955,372,347,410
471056,374,326,422
471157,374,330,411
471257,373,323,416
471357,374,317,421
471457,376,344,414
471558,377,345,416
471659,377,338,422
471760,375,343,398
471861,375,328,406
471961,375,341,410
472062,375,317,405
472162,376,347,404
472263,376,348,405
472364,375,345,420
472465,376,344,415
472565,387,352,414
472666,407,366,450
472767,432,399,466
472867,455,415,511
472967,480,437,529
473068,485,440,532
473168,505,455,549
473268,501,458,543
473369,500,460,535
473470,504,461,542
473570,499,465,526
473670,493,458,536
473770,497,483,533
473870,491,454,532
473970,493,443,532
474070,491,444,536
474171,492,445,532
474271,490,477,532
474372,491,446,527
474473,489,447,534
474573,493,451,521
474674,494,459,530
474774,491,452,544
474875,493,453,505
474976,489,434,520
475077,485,434,530
475178,485,454,530
475279,483,437,509
475380,486,442,523
475480,484,445,517
475580,489,446,524
475680,485,443,518
475780,486,444,526
475880,484,460,523
475980,485,456,508
476081,482,442,515
476182,483,427,529
476283,487,456,525
476383,483,457,518
476484,478,446,519
476584,471,433,521
476685,475,446,528
476785,476,431,512
476886,478,435,516
476987,476,440,518
477088,479,454,514
477189,478,441,522
477289,482,447,512
477390,475,431,519
477490,470,430,515
477590,472,427,520
477691,290,251,328
477792,132,101,162
477892,15,0,60
477993,3,0,18
478094,0,0,10
478195,1,0,20
478296,1,0,11
478396,1,0,23
478496,0,0,22
478596,1,0,11
478696,1,0,25
478796,1,0,29
478896,1,0,12
478996,0,0,17
479097,1,0,11
479197,1,0,29
479297,0,0,14
479398,1,0,21
479498,1,0,19
479599,1,0,21
479699,0,0,15
479800,1,0,31
479901,1,0,15
480002,0,0,25
480102,0,0,27
480203,0,0,15
480304,1,0,25
480404,0,0,17
480504,1,0,11
480604,1,0,23
480705,1,0,30
480805,1,0,33
480905,1,0,22
481006,1,0,23
481107,1,0,23
481208,1,0,26
481308,0,0,10
481409,1,0,14
481509,1,0,13
481609,1,0,20
481710,1,0,15
481811,0,0,18
481911,1,0,31
482012,0,0,14
482113,1,0,21

Test3:
655242,1,0,16
655343,0,0,27
655444,1,0,13
655544,0,0,22
655644,0,0,22
655744,0,0,34
655844,1,0,33
655944,0,0,43
656045,0,0,23
656146,0,0,15
656247,0,0,20
656347,1,0,33
656448,0,0,29
656548,1,0,11
656648,1,0,11
656748,0,0,24
656849,1,0,21
656950,0,0,21
657050,0,0,20
657150,0,0,10
657251,0,0,19
657352,1,0,40
657452,0,0,20
657552,1,0,17
657653,0,0,21
657754,1,0,23
657854,1,0,27
657954,1,0,13
658054,0,0,13
658154,1,0,19
658255,1,0,25
658355,0,0,24
658456,1,0,30
658556,0,0,13
658656,0,0,18
658756,0,0,22
658856,0,0,21
658956,1,0,22
659057,1,0,20
659158,1,0,16
659259,0,0,21
659359,0,0,20
659460,0,0,34
659560,0,0,10
659661,1,0,12
659762,0,0,10
659863,0,0,18
659964,1,0,26
660064,0,0,27
660164,0,0,15
660264,0,0,24
660364,0,0,30
660465,0,0,30
660566,0,0,17
660666,1,0,30
660767,0,0,20
660867,1,0,14
660967,1,0,32
661068,0,0,10
661169,0,0,30
661270,0,0,25
661371,0,0,34
661471,0,0,10
661572,1,0,18
661672,6,0,19
661773,20,0,51
661874,27,0,72
661974,42,0,75
662075,56,41,95
662175,65,13,107
662275,72,38,114
662375,83,41,130
662476,83,47,114
662577,84,54,131
662678,82,33,103
662778,80,42,107
662878,82,39,123
662978,81,43,125
663079,80,43,102
663180,78,36,122
663281,78,32,120
663382,77,48,90
663483,76,39,129
663583,75,50,119
663684,75,38,109
663784,76,47,95
663885,74,35,105
663985,73,41,109
664086,72,35,108
664187,70,31,102
664287,71,33,109
664388,72,37,118
664488,70,24,101
664589,70,31,100
664690,69,15,123
664791,68,26,102
664891,68,28,117
664991,68,22,105
665091,69,35,98
665192,67,18,105
665293,68,27,105
665393,67,27,91
665493,68,21,109
665593,68,30,116
665694,67,28,88
665794,66,32,95
665895,65,16,97
665996,63,31,109
666096,63,39,94
666196,65,21,96
666296,65,22,99
666397,66,45,101
666498,65,30,109
666598,67,26,91
666699,68,17,117
666799,67,22,110
666900,67,22,105
667001,82,46,126
667101,91,50,136
667201,107,78,146
667301,126,86,171
667401,142,108,184
667501,155,127,189
667602,162,115,200
667702,169,128,217
667802,176,144,198
667903,171,123,213
668004,166,133,199
668105,163,115,207
668206,162,130,203
668307,162,113,196
668408,163,129,210
668508,163,114,204
668608,161,124,190
668709,161,129,205
668810,162,128,214
668911,162,140,194
669011,162,120,210
669111,165,116,205
669211,163,120,203
669311,163,114,203
669412,163,126,222
669512,165,122,203
669613,165,122,197
669713,168,135,201
669813,167,114,220
669914,164,112,199
670015,164,123,193
670115,165,129,204
670215,167,117,212
670316,166,126,198
670416,166,101,215
670516,166,135,219
670617,165,118,197
670718,165,115,206
670819,164,144,210
670919,163,127,209
671020,164,128,205
671121,165,123,209
671222,166,116,201
671322,166,127,209
671423,165,127,197
671524,166,124,205
671625,168,130,213
671725,168,125,219
671825,167,143,186
671926,169,118,215
672027,168,138,199
672128,169,134,206
672229,171,125,202
672329,170,126,202
672430,171,143,214
672531,171,144,210
672631,171,139,203
672732,171,136,215
672833,174,124,209
672934,174,132,210
673035,184,138,218
673135,191,139,243
673236,199,158,251
673337,206,175,236
673438,212,180,262
673539,218,165,245
673640,224,178,256
673741,225,200,260
673842,239,198,283
673943,237,202,276
674044,235,203,282
674145,238,196,272
674245,234,178,277
674346,236,201,272
674446,238,202,275
674547,236,179,283
674648,237,182,274
674748,230,194,284
674848,230,182,267
674949,230,193,273
675050,229,188,281
675150,232,195,273
675250,228,184,278
675351,228,183,268
675452,226,181,268
675553,228,192,273
675654,225,183,264
675755,228,184,277
675856,228,192,279
675956,227,176,274
676056,227,180,250
676156,229,175,258
676256,226,184,251
676356,225,186,268
676456,225,191,273
676556,225,182,260
676656,223,186,255
676756,223,179,257
676856,225,169,256
676956,222,171,257
677057,220,190,262
677157,216,171,257
677258,218,183,250
677358,218,180,254
677459,215,182,261
677559,215,172,244
677660,214,189,261
677760,214,164,247
677861,214,181,250
677961,214,177,252
678061,214,186,245
678162,214,181,233
678262,212,169,264
678362,213,198,258
678463,213,189,240
678564,210,174,262
678664,213,174,264
678765,216,187,267
678866,216,165,253
678966,220,163,255
679067,230,206,279
679168,243,203,268
679269,262,211,305
679369,268,227,311
679470,283,239,332
679570,293,255,333
679670,295,262,345
679770,313,268,352
679870,309,272,353
679970,308,267,354
680070,307,267,351
680170,305,262,356
680270,304,265,335
680371,300,262,346
680472,299,245,352
680572,301,259,313
680672,301,260,339
680773,297,267,336
680874,296,256,344
680975,294,237,330
681076,295,267,313
681177,297,264,347
681277,294,275,346
681378,294,244,328
681479,295,243,334
681579,292,245,324
681679,291,245,339
681780,292,245,334
681881,294,264,334
681982,295,252,325
682083,294,247,335
682183,295,268,334
682284,295,263,341
682385,295,247,321
682486,298,255,343
682587,294,251,336
682688,295,244,330
682789,291,248,328
682890,291,250,330
682991,291,251,328
683091,291,254,339
683192,294,255,315
683292,294,265,323
683392,293,247,337
683492,293,250,330
683593,291,265,333
683694,289,254,326
683795,288,244,338
683895,288,247,328
683995,287,256,319
684095,288,249,328
684196,291,240,328
684296,289,250,319
684397,290,258,330
684497,286,246,308
684598,290,266,337
684698,289,254,326
684798,286,239,313
684899,293,270,325
684999,313,263,356
685099,338,296,378
685200,355,308,406
685301,369,330,411
685402,377,339,420
685502,371,334,408
685603,368,335,403
685704,367,317,408
685805,367,327,421
685905,367,318,410
686006,365,324,401
686106,362,320,403
686206,363,314,391
686307,361,314,386
686407,361,329,387
686508,361,310,396
686608,359,322,396
686708,359,324,407
686809,361,335,405
686910,358,317,384
687011,360,315,407
687111,361,319,405
687212,360,329,402
687312,359,341,401
687413,361,331,398
687514,361,322,394
687614,360,325,417
687714,359,330,396
687815,360,308,382
687915,360,330,395
688016,361,314,421
688116,361,325,393
688217,362,311,409
688317,363,328,397
688417,366,335,405
688517,365,326,410
688618,365,323,397
688719,368,334,398
688819,368,319,396
688920,369,335,404
689021,369,323,412
689122,369,330,410
689223,366,331,408
689324,367,334,404
689425,369,325,413
689525,372,332,423
689626,372,322,414
689727,372,325,412
689827,373,332,412
689928,372,344,389
690028,373,333,412
690128,374,328,411
690228,374,334,410
690329,373,336,415
690429,374,351,405
690530,374,337,420
690631,376,346,414
690732,410,376,455
690833,435,412,480
690933,464,428,499
691033,472,440,504
691134,500,464,533
691235,494,447,540
691335,490,460,535
691435,484,452,529
691536,485,445,508
691636,484,453,516
691737,481,443,515
691838,475,439,507
691939,472,429,522
692040,471,431,509
692141,469,424,512
692242,465,432,500
692342,471,425,521
692443,472,428,519
692543,471,438,498
692644,470,432,507
692745,469,431,514
692846,466,431,515
692946,462,422,498
693047,466,429,512
693147,467,432,506
693247,467,428,516
693347,464,430,493
693448,464,430,500
693548,462,421,497
693649,463,419,484
693750,462,409,505
693851,463,424,504
693952,279,226,327
694053,120,100,166
694153,14,0,43
694253,3,0,28
694353,1,0,12
694453,1,0,15
694554,1,0,35
694655,1,0,13
694755,1,0,28
694856,0,0,23
694956,1,0,17
695056,1,0,18
695156,0,0,10
695256,1,0,22
695356,1,0,12
695457,1,0,20
695557,1,0,33
695657,0,0,15
695758,1,0,32
695858,1,0,34
695959,1,0,28
696060,1,0,27
696161,1,0,12
696262,1,0,36
696362,1,0,11
696463,1,0,27
696564,1,0,21
696665,0,0,19
696765,1,0,26
696866,1,0,23
696966,0,0,28
697067,1,0,18
697168,1,0,24
697268,1,0,26
697368,1,0,14
697469,1,0,30
697569,1,0,26
697669,1,0,20
697769,1,0,31
697870,1,0,28
697970,1,0,21
698071,1,0,19
698171,1,0,23
698272,0,0,13
698372,1,0,21
698472,1,0,31
698573,1,0,36
698674,1,0,13

Test4:
789864,1,0,14
789964,0,0,22
790065,1,0,33
790166,0,0,19
790266,1,0,23
790367,1,0,23
790467,1,0,23
790568,1,0,35
790668,0,0,23
790769,1,0,21
790869,0,0,34
790970,0,0,15
791071,0,0,10
791172,1,0,15
791272,1,0,11
791373,0,0,15
791473,0,0,15
791573,1,0,19
791674,1,0,40
791775,0,0,12
791875,0,0,13
791976,0,0,36
792077,1,0,11
792177,0,0,15
792277,1,0,31
792378,1,0,18
792478,1,0,21
792579,1,0,24
792680,1,0,22
792780,0,0,30
792880,1,0,22
792980,0,0,17
793080,1,0,25
793180,1,0,30
793281,0,0,32
793382,10,0,35
793483,16,0,53
793584,25,1,62
793684,36,4,57
793785,47,12,69
793886,54,18,100
793986,63,14,121
794086,68,28,94
794187,75,32,106
794287,82,60,113
794388,81,42,119
794488,78,54,116
794589,75,34,136
794689,74,39,106
794789,74,37,102
794889,72,40,113
794989,74,40,125
795090,71,30,117
795190,72,26,105
795291,71,41,116
795392,69,37,100
795492,65,30,89
795592,63,23,102
795693,64,20,82
795794,63,35,96
795894,62,32,74
795994,63,19,97
796094,67,23,108
796195,73,39,120
796295,76,41,107
796396,93,44,125
796496,106,79,145
796597,121,81,151
796698,133,105,176
796799,140,100,179
796900,153,112,194
797000,162,108,209
797101,166,118,200
797202,182,132,217
797303,179,147,221
797403,175,116,213
797504,170,132,207
797605,168,132,203
797705,165,131,197
797806,164,143,206
797907,162,123,203
798008,161,121,199
798109,162,118,198
798210,159,121,202
798310,159,108,184
798411,162,118,210
798512,164,131,195
798613,164,129,208
798714,164,117,215
798814,164,114,196
798914,163,126,206
799015,164,131,206
799115,165,125,202
799216,166,124,200
799316,167,131,202
799416,166,124,207
799516,167,145,218
799617,166,122,196
799717,171,148,214
799818,175,134,215
799918,186,156,223
800019,198,149,244
800119,217,174,259
800220,233,194,278
800321,243,215,282
800422,249,213,278
800522,254,220,271
800622,265,237,293
800723,265,231,296
800824,265,225,303
800924,263,235,304
801025,263,229,319
801125,262,210,306
801225,259,236,295
801326,261,216,281
801427,261,230,299
801527,258,218,301
801627,257,208,307
801727,255,206,293
801827,254,207,295
801928,250,210,289
802028,249,205,291
802129,248,216,290
802230,248,188,296
802330,252,221,288
802430,249,210,301
802530,251,209,286
802630,251,226,287
802731,247,238,270
802832,248,215,280
802933,245,205,283
803033,244,217,281
803134,244,208,265
803234,252,220,296
803335,258,208,300
803435,276,227,316
803536,290,255,340
803637,308,274,343
803737,308,274,347
803838,311,277,344
803938,310,264,333
804039,309,272,357
804140,310,269,346
804241,308,271,359
804342,306,260,340
804442,305,272,341
804542,304,266,349
804643,303,273,331
804744,302,257,356
804845,304,275,342
804946,305,263,358
805046,306,280,357
805147,306,269,331
805247,306,258,335
805348,306,267,340
805448,306,276,364
805548,308,263,348
805648,307,279,334
805748,309,280,341
805849,310,272,349
805949,312,277,355
806049,310,263,363
806150,311,281,339
806250,314,278,352
806351,313,273,327
806451,313,264,346
806551,316,282,340
806652,314,266,358
806753,317,279,356
806853,319,282,357
806954,327,298,355
807054,333,287,375
807154,340,306,378
807255,353,303,397
807356,361,317,397
807457,367,314,404
807557,371,331,408
807658,376,350,417
807758,382,341,430
807859,395,340,441
807960,390,347,430
808061,384,352,428
808162,380,338,424
808263,378,345,409
808364,378,332,414
808465,376,333,414
808565,379,341,422
808666,377,327,390
808767,376,333,406
808868,375,336,419
808969,374,331,410
809069,371,319,403
809170,371,333,417
809271,372,345,412
809371,373,344,416
809472,375,336,408
809573,374,338,418
809673,374,329,398
809773,374,332,395
809873,373,333,415
809973,375,353,396
810074,375,334,422
810175,392,332,438
810275,413,368,464
810375,449,395,468
810476,469,421,517
810577,481,439,504
810678,515,473,551
810778,508,479,546
810878,501,463,531
810978,494,450,531
811078,493,456,529
811179,489,461,528
811279,486,472,515
811379,485,434,533
811479,484,435,532
811580,486,443,520
811680,487,447,534
811781,485,453,542
811882,483,441,520
811982,482,435,520
812083,480,452,513
812183,475,425,500
812284,479,432,513
812385,482,443,530
812486,477,429,516
812587,477,447,500
812687,476,454,505
812788,477,437,506
812889,478,427,515
812989,476,417,515
813090,477,449,508
813191,479,432,526
813292,479,443,523
813393,479,439,528
813494,480,436,518
813595,484,446,513
813696,486,448,522
813796,486,449,519
813897,488,464,520
813998,487,439,530
814098,487,436,526
814198,485,447,518
814298,486,443,517
814398,489,462,531
814498,491,462,527
814599,492,459,530
814699,492,443,522
814800,491,436,526
814900,495,452,528
815001,494,440,521
815101,340,314,383
815202,117,94,153
815303,22,0,43
815404,3,0,13
815505,1,0,11
815605,0,0,10
815705,0,0,27
815805,0,0,11
815906,0,0,10
816006,0,0,14
816107,0,0,28
816208,0,0,10
816309,1,0,16
816409,1,0,29
816509,0,0,13
816609,0,0,18
816709,0,0,20
816810,0,0,21
816910,0,0,24
817011,0,0,10
817112,0,0,20
817213,0,0,17
817313,1,0,13
817414,0,0,18
817515,0,0,27
817615,0,0,15
817716,0,0,22
817816,1,0,18
817916,0,0,22
818016,1,0,27
818117,0,0,17
818217,0,0,15
818318,0,0,20
818419,0,0,23
818520,0,0,28
818620,1,0,24
818720,0,0,16
818820,0,0,21
818921,0,0,17
819022,1,0,32
819122,0,0,15
819222,0,0,29
819323,1,0,19
819423,0,0,19
819524,0,0,27
819625,0,0,13

Test5:
910564,0,0,10
910665,1,0,27
910765,1,0,34
910866,1,0,17
910966,0,0,27
911067,1,0,35
911167,1,0,25
911268,0,0,27
911368,0,0,10
911468,1,0,39
911568,1,0,11
911668,0,0,10
911768,0,0,10
911869,1,0,25
911970,0,0,10
912070,1,0,35
912170,1,0,25
912270,0,0,16
912370,1,0,31
912470,1,0,26
912571,0,0,10
912671,0,0,10
912771,1,0,29
912872,0,0,10
912973,1,0,21
913073,1,0,21
913174,0,0,20
913274,0,0,25
913374,1,0,22
913475,1,0,23
913576,0,0,10
913677,1,0,27
913777,1,0,21
913878,1,0,22
913978,0,0,17
914079,0,0,15
914180,0,0,10
914281,1,0,23
914382,1,0,22
914482,1,0,11
914583,1,0,11
914683,1,0,22
914783,0,0,16
914884,0,0,21
914984,1,0,17
915085,0,0,13
915185,0,0,10
915285,1,0,20
915385,0,0,16
915485,0,0,13
915586,0,0,14
915687,0,0,21
915787,1,0,11
915887,1,0,13
915987,1,0,25
916088,1,0,15
916189,1,0,28
916289,0,0,32
916389,0,0,15
916489,1,0,19
916589,1,0,11
916690,1,0,11
916791,1,0,17
916892,1,0,22
916993,0,0,10
917094,0,0,10
917195,1,0,29
917296,0,0,18
917397,1,0,17
917498,1,0,11
917599,0,0,29
917700,0,0,10
917800,0,0,10
917900,1,0,22
918001,0,0,26
918102,1,0,29
918203,1,0,11
918303,1,0,25
918404,0,0,33
918505,1,0,18
918605,1,0,28
918706,1,0,16
918806,1,0,18
918907,0,0,23
919007,1,0,16
919108,1,0,23
919209,0,0,26
919310,0,0,16
919410,1,0,25
919510,0,0,10
919610,1,0,26
919710,1,0,20
919811,0,0,16
919911,0,0,28
920011,1,0,16
920111,4,0,22
920211,12,0,43
920311,32,0,58
920412,47,0,86
920513,57,16,79
920613,70,30,105
920714,77,27,116
920814,83,41,128
920914,80,43,118
921014,78,31,120
921114,77,35,102
921214,76,24,109
921314,75,52,115
921414,73,44,109
921514,71,28,104
921615,70,15,122
921716,69,26,107
921817,69,24,100
921917,69,32,104
922018,68,37,108
922119,70,29,109
922220,69,24,106
922321,70,35,108
922421,67,27,113
922522,68,27,105
922623,77,33,110
922724,90,46,112
922824,101,52,142
922924,116,87,144
923024,132,92,175
923125,144,111,170
923225,162,127,201
923326,162,127,198
923426,167,131,213
923527,183,139,221
923627,177,123,199
923728,173,130,224
923828,169,129,219
923929,166,120,205
924030,167,124,206
924131,165,113,202
924231,164,131,201
924332,164,119,202
924433,164,130,189
924533,162,115,192
924633,163,132,189
924733,162,132,192
924834,161,123,199
924935,162,138,210
925036,165,124,205
925136,164,123,198
925236,166,146,215
925337,166,128,199
925437,167,128,192
925537,167,124,209
925638,167,113,215
925739,168,128,210
925839,168,136,206
925940,177,136,208
926040,181,147,221
926141,193,143,233
926242,199,153,236
926343,207,179,240
926443,214,171,243
926543,214,181,253
926644,222,194,253
926744,222,181,273
926845,218,172,270
926945,213,169,255
927045,213,164,240
927146,214,176,249
927247,219,175,252
927347,214,169,252
927447,214,167,259
927548,214,176,236
927649,210,164,258
927749,213,178,244
927849,210,180,256
927949,209,167,257
928050,204,163,255
928151,207,168,235
928252,211,179,253
928352,213,170,267
928453,215,188,253
928553,210,172,246
928654,208,183,257
928755,208,172,248
928856,208,159,250
928957,211,179,253
929057,211,172,260
929158,210,159,236
929259,210,163,250
929359,212,176,243
929460,214,170,239
929561,209,179,233
929662,210,173,247
929762,212,177,253
929863,211,161,262
929964,206,170,243
930064,205,168,247
930164,210,162,241
930265,204,171,242
930366,210,173,240
930467,211,168,243
930567,213,162,263
930668,209,167,240
930769,215,173,251
930870,218,161,262
930970,215,178,262
931071,210,180,238
931172,213,170,255
931273,216,167,255
931374,219,181,257
931474,222,169,259
931575,216,177,262
931676,218,165,265
931777,214,190,255
931877,211,170,245
931978,213,164,253
932079,217,170,262
932179,220,182,247
932280,229,189,253
932380,245,203,281
932481,263,213,308
932581,286,244,337
932682,296,250,329
932782,308,274,343
932882,330,288,362
932983,323,280,364
933083,320,284,357
933184,318,275,348
933284,316,277,353
933384,314,285,350
933485,310,260,352
933586,308,260,357
933686,305,263,343
933787,302,256,337
933888,302,251,337
933988,303,276,348
934089,302,261,337
934189,301,267,338
934289,298,255,345
934390,298,259,340
934490,300,248,337
934590,300,260,326
934691,303,259,332
934791,305,256,346
934892,303,264,342
934993,302,268,320
935093,301,261,338
935193,301,260,343
935293,301,246,335
935393,303,261,344
935494,304,267,341
935595,306,278,336
935696,304,282,340
935796,304,250,340
935896,302,269,346
935997,303,258,344
936098,303,257,344
936198,302,264,348
936298,301,250,329
936399,303,250,338
936499,302,252,345
936599,305,264,331
936700,304,252,342
936801,306,266,335
936901,303,271,341
937001,305,263,354
937101,305,279,350
937201,306,270,357
937302,306,267,345
937402,306,264,340
937503,306,274,342
937604,308,276,338
937704,307,284,340
937805,305,256,341
937905,306,263,346
938005,305,269,345
938106,305,264,345
938206,306,286,362
938307,305,271,358
938407,306,266,343
938507,306,274,336
938608,307,271,347
938709,313,274,346
938809,329,287,376
938909,337,290,380
939009,353,314,397
939110,361,317,395
939210,370,340,411
939311,370,320,398
939412,381,342,416
939513,381,358,403
939614,377,344,417
939714,378,334,431
939814,378,345,412
939914,376,326,405
940015,376,337,427
940116,375,339,408
940217,376,332,416
940318,377,344,417
940419,376,332,399
940520,376,328,405
940621,378,338,403
940721,379,350,420
940822,379,337,435
940923,379,331,436
941023,379,344,418
941124,378,341,406
941225,377,343,399
941326,376,340,420
941427,375,343,429
941527,375,325,407
941628,376,342,425
941729,375,337,415
941829,375,353,433
941929,376,351,421
942030,372,348,387
942131,373,338,421
942232,371,320,412
942332,374,333,416
942432,373,327,416
942533,373,344,419
942633,371,340,389
942733,372,328,401
942834,372,335,406
942935,370,326,406
943036,372,340,421
943137,372,343,419
943237,383,354,436
943337,404,376,441
943437,431,402,487
943537,454,420,492
943637,466,434,501
943737,479,445,508
943837,478,443,514
943937,476,444,498
944037,475,427,498
944137,475,440,508
944238,472,440,501
944338,476,425,515
944438,475,437,527
944539,475,432,509
944640,471,433,500
944741,469,423,489
944841,470,431,496
944942,471,439,508
945043,475,431,523
945143,474,432,509
945243,474,441,503
945343,471,432,510
945444,475,448,527
945545,479,443,520
945646,478,433,504
945747,477,426,530
945847,478,437,516
945947,478,443,506
946048,484,442,529
946149,482,445,531
946249,486,447,531
946350,489,445,541
946451,489,445,520
946551,492,445,522
946651,495,465,521
946751,493,453,524
946852,494,457,537
946953,492,454,537
947054,490,438,532
947154,489,452,517
947254,489,453,531
947354,486,441,524
947455,485,437,534
947555,484,449,521
947656,487,446,513
947756,490,463,534
947857,490,451,522
947958,492,464,532
948059,492,451,527
948160,493,447,518
948261,495,454,531
948361,495,461,538
948462,495,450,540
948563,324,293,359
948663,89,47,119
948764,20,0,42
948864,3,0,23
948964,1,0,36
949065,0,0,18
949166,1,0,17
949266,1,0,11
949367,1,0,11
949468,1,0,26
949568,1,0,35
949668,0,0,10
949769,1,0,40
949870,1,0,22
949971,0,0,10
950072,1,0,11
950173,1,0,22
950273,0,0,22
950374,1,0,25
950475,0,0,16
950575,0,0,11
950676,0,0,19
950776,0,0,17
950876,0,0,31
950976,1,0,23
951076,0,0,25
951177,1,0,23
951278,0,0,12
951379,0,0,25
951480,1,0,24
951581,1,0,16
951682,0,0,34
951782,1,0,14
951882,1,0,29
951983,1,0,18
952084,1,0,41
952185,1,0,18
952286,0,0,19
952387,1,0,14

Test6:
1094031,1,0,40
1094132,1,0,12
1094233,1,0,21
1094333,1,0,20
1094433,1,0,16
1094533,1,0,26
1094634,0,0,24
1094735,1,0,30
1094835,0,0,35
1094936,1,0,11
1095037,1,0,17
1095138,1,0,11
1095238,0,0,15
1095339,1,0,29
1095439,1,0,21
1095540,1,0,22
1095641,1,0,21
1095741,1,0,24
1095842,0,0,14
1095942,1,0,27
1096042,1,0,24
1096142,1,0,27
1096243,1,0,25
1096344,1,0,20
1096445,1,0,31
1096546,1,0,18
1096647,1,0,29
1096748,0,0,19
1096849,1,0,18
1096949,0,0,17
1097050,0,0,18
1097151,0,0,22
1097251,0,0,10
1097352,1,0,21
1097453,1,0,11
1097553,1,0,23
1097654,0,0,14
1097755,1,0,32
1097856,1,0,22
1097957,1,0,17
1098058,0,0,11
1098158,1,0,45
1098258,1,0,11
1098359,1,0,25
1098459,0,0,17
1098559,1,0,15
1098659,1,0,30
1098760,1,0,20
1098861,1,0,18
1098961,1,0,11
1099061,0,0,35
1099162,1,0,20
1099263,1,0,23
1099364,0,0,10
1099465,0,0,19
1099566,1,0,34
1099666,1,0,31
1099767,0,0,10
1099868,1,0,37
1099969,1,0,20
1100070,1,0,23
1100170,0,0,23
1100270,1,0,35
1100371,1,0,18
1100471,1,0,29
1100571,1,0,21
1100672,1,0,28
1100772,0,0,10
1100872,1,0,26
1100973,1,0,11
1101074,5,0,25
1101175,23,0,58
1101275,47,9,78
1101375,66,34,110
1101476,73,29,114
1101577,91,58,133
1101677,88,58,140
1101778,85,36,132
1101879,85,34,119
1101980,83,31,122
1102081,79,47,118
1102182,80,50,108
1102283,78,43,123
1102384,77,38,121
1102485,77,25,116
1102586,73,22,103
1102686,70,36,113
1102787,72,24,117
1102888,72,39,111
1102989,71,28,118
1103090,72,40,124
1103190,74,33,105
1103291,73,38,104
1103392,74,55,118
1103492,73,43,118
1103592,73,33,108
1103693,73,35,102
1103794,72,38,109
1103895,72,31,107
1103995,72,41,105
1104096,72,42,113
1104197,72,40,91
1104298,72,43,103
1104399,72,29,107
1104499,75,47,103
1104600,74,26,124
1104701,74,36,104
1104802,76,45,119
1104902,78,34,128
1105003,75,40,123
1105103,82,61,121
1105203,99,62,148
1105304,124,82,156
1105405,143,102,174
1105505,150,115,198
1105606,161,122,193
1105707,158,120,196
1105807,156,123,197
1105907,153,117,180
1106007,150,116,182
1106108,149,109,195
1106209,150,106,181
1106310,149,125,189
1106410,147,115,199
1106510,147,113,182
1106611,146,124,181
1106712,146,108,172
1106812,145,95,182
1106912,147,108,207
1107013,147,97,201
1107114,147,113,181
1107214,148,100,177
1107314,149,108,189
1107415,148,105,181
1107515,146,100,183
1107616,147,107,186
1107716,147,101,192
1107817,148,106,189
1107917,147,103,178
1108017,147,108,187
1108117,149,107,179
1108217,148,104,168
1108318,147,121,192
1108418,149,109,201
1108519,151,114,202
1108620,151,111,174
1108720,149,118,184
1108821,149,108,172
1108922,149,119,200
1109023,150,122,191
1109124,150,105,180
1109225,150,114,174
1109326,152,108,171
1109427,153,103,192
1109527,152,110,190
1109628,154,113,185
1109729,155,118,195
1109830,153,132,203
1109931,154,106,191
1110032,156,125,198
1110133,156,100,200
1110234,156,120,197
1110335,157,113,204
1110435,156,125,189
1110535,156,119,187
1110636,155,109,189
1110736,156,114,179
1110837,158,109,193
1110937,159,109,195
1111038,160,130,200
1111138,158,118,201
1111239,157,107,201
1111339,160,126,206
1111440,173,126,211
1111541,187,143,227
1111641,201,157,228
1111741,212,168,252
1111841,220,166,261
1111941,238,194,288
1112041,235,194,266
1112142,233,197,276
1112242,235,199,275
1112343,232,188,267
1112444,230,190,261
1112544,229,191,277
1112644,228,188,281
1112744,230,198,279
1112845,228,186,271
1112946,225,200,278
1113047,225,188,275
1113148,227,194,268
1113248,225,191,259
1113349,227,188,259
1113450,226,186,267
1113550,224,206,249
1113651,223,180,263
1113752,223,185,256
1113852,225,179,267
1113952,224,186,259
1114053,224,192,267
1114153,219,174,250
1114254,215,171,240
1114355,214,174,254
1114456,212,183,251
1114557,214,170,254
1114657,211,176,262
1114757,210,167,249
1114858,205,171,251
1114959,207,154,252
1115059,206,159,249
1115159,206,167,250
1115260,207,170,229
1115361,209,172,244
1115462,208,162,246
1115562,204,175,246
1115662,206,168,247
1115763,210,172,237
1115863,224,188,263
1115964,246,223,285
1116065,266,230,301
1116166,286,235,324
1116266,290,249,324
1116366,299,280,347
1116467,319,273,358
1116568,318,290,349
1116669,317,283,352
1116769,316,270,356
1116870,313,269,348
1116971,313,272,372
1117071,314,280,345
1117171,313,256,367
1117272,311,270,349
1117373,311,261,343
1117473,306,262,353
1117574,307,267,347
1117674,306,270,346
1117775,305,278,334
1117876,304,277,328
1117976,305,259,333
1118077,303,264,330
1118178,304,275,351
1118279,303,281,330
1118379,302,270,342
1118480,301,265,344
1118580,296,257,336
1118681,298,262,335
1118782,296,263,337
1118882,294,263,348
1118982,295,259,323
1119083,294,264,332
1119184,294,241,324
1119285,297,257,327
1119386,296,265,330
1119487,296,254,328
1119588,296,262,342
1119688,294,265,321
1119788,293,252,332
1119888,292,250,341
1119989,297,246,351
1120090,297,253,339
1120191,296,258,331
1120291,298,251,346
1120392,298,250,329
1120492,299,262,335
1120593,300,263,351
1120694,300,270,335
1120795,300,265,341
1120896,299,255,325
1120997,299,269,337
1121098,302,260,334
1121199,303,269,330
1121300,303,269,351
1121400,302,271,332
1121500,303,260,351
1121601,301,253,336
1121702,301,256,336
1121803,303,262,336
1121904,303,258,351
1122005,302,266,348
1122105,304,268,349
1122205,313,269,341
1122306,321,284,358
1122406,342,311,363
1122507,356,319,403
1122608,373,329,407
1122708,379,336,399
1122809,395,347,433
1122910,390,349,422
1123011,387,343,415
1123112,384,337,430
1123213,382,345,417
1123314,378,334,429
1123415,376,342,402
1123515,376,337,409
1123616,373,323,392
1123717,374,335,408
1123817,373,336,406
1123917,373,317,406
1124018,371,321,399
1124118,371,333,402
1124218,370,325,395
1124318,372,341,409
1124419,377,351,400
1124520,382,340,421
1124621,397,362,425
1124721,411,374,440
1124821,424,391,464
1124921,446,415,475
1125022,451,403,492
1125123,463,436,509
1125224,475,435,525
1125324,477,454,523
1125425,482,446,529
1125526,480,427,512
1125626,476,432,504
1125727,478,446,512
1125827,471,427,507
1125927,466,420,501
1126027,465,424,509
1126128,463,436,500
1126229,459,417,505
1126330,458,427,515
1126431,462,414,499
1126531,466,413,496
1126632,467,431,500
1126733,454,415,495
1126834,468,433,514
1126935,467,424,501
1127036,469,438,509
1127137,472,433,501
1127238,467,422,512
1127339,462,420,506
1127440,463,421,488
1127541,471,424,509
1127642,464,437,490
1127743,469,424,518
1127844,465,435,511
1127944,464,419,488
1128045,462,431,499
1128146,469,423,504
1128247,472,426,507
1128348,478,435,527
1128449,478,443,524
1128549,480,439,524
1128650,472,439,518
1128750,474,444,506
1128850,487,457,512
1128951,485,442,509
1129051,483,436,516
1129152,480,444,520
1129253,479,446,527
1129354,482,437,524
1129455,486,437,527
1129555,484,438,526
1129655,485,442,529
1129756,481,459,509
1129856,481,445,520
1129956,480,436,527
1130056,486,447,516
1130157,488,441,526
1130257,489,452,531
1130358,348,310,384
1130458,144,101,163
1130559,30,0,61
1130660,3,0,22
1130760,0,0,35
1130860,1,0,25
1130960,0,0,20
1131061,1,0,29
1131161,1,0,11
1131262,1,0,16
1131363,1,0,25
1131464,1,0,19
1131565,0,0,10
1131665,1,0,19
1131766,0,0,14
1131867,1,0,19
1131968,1,0,25
1132068,1,0,15
1132168,1,0,27
1132269,0,0,17
1132370,0,0,19
1132470,1,0,33
1132570,0,0,26
1132671,1,0,18
1132772,1,0,11
1132873,1,0,28
1132974,0,0,32
1133075,1,0,18
1133175,1,0,11
1133276,1,0,27
1133377,0,0,16
1133477,1,0,25
1133577,1,0,27
1133678,0,0,26
1133779,1,0,18
1133880,1,0,22

Test7:
1297864,0,0,25
1297964,0,0,15
1298064,1,0,17
1298165,1,0,28
1298266,1,0,14
1298367,0,0,17
1298468,1,0,14
1298568,0,0,19
1298669,0,0,21
1298769,1,0,12
1298870,0,0,10
1298970,1,0,38
1299071,0,0,25
1299172,1,0,14
1299272,1,0,25
1299373,0,0,17
1299473,1,0,30
1299573,0,0,16
1299674,0,0,13
1299775,1,0,22
1299876,1,0,11
1299977,1,0,20
1300078,0,0,19
1300179,0,0,10
1300280,0,0,17
1300381,1,0,11
1300482,0,0,23
1300582,1,0,11
1300683,0,0,17
1300784,0,0,21
1300884,0,0,14
1300984,1,0,20
1301085,1,0,23
1301185,0,0,10
1301286,0,0,16
1301386,0,0,11
1301486,1,0,22
1301587,0,0,25
1301688,0,0,16
1301789,0,0,27
1301889,0,0,21
1301990,1,0,19
1302090,1,0,11
1302191,0,0,17
1302292,1,0,37
1302392,0,0,10
1302493,0,0,25
1302593,0,0,22
1302694,0,0,22
1302795,1,0,29
1302896,7,0,32
1302996,23,0,48
1303097,49,11,78
1303198,62,24,90
1303299,73,33,112
1303399,89,64,130
1303500,85,42,117
1303601,82,56,108
1303702,77,42,105
1303803,78,36,111
1303904,75,45,115
1304004,76,23,114
1304104,74,39,104
1304204,74,32,118
1304304,73,28,113
1304405,71,42,108
1304505,70,36,117
1304606,70,33,100
1304707,71,39,122
1304808,68,37,102
1304908,68,23,94
1305009,70,39,110
1305109,69,30,109
1305209,70,29,101
1305310,68,30,100
1305411,67,27,92
1305512,64,24,93
1305612,66,29,92
1305713,63,32,104
1305814,64,37,98
1305915,66,28,116
1306015,66,48,99
1306116,68,17,103
1306217,66,21,109
1306318,67,38,116
1306418,66,37,95
1306519,69,48,110
1306619,68,40,107
1306719,69,26,98
1306819,68,35,113
1306920,70,36,118
1307020,72,38,126
1307121,74,38,105
1307222,74,27,109
1307323,79,43,98
1307423,91,40,134
1307523,99,56,132
1307623,111,69,152
1307723,125,88,160
1307824,134,102,168
1307925,143,106,181
1308025,152,105,188
1308125,154,110,187
1308225,160,122,205
1308325,159,120,200
1308425,158,110,205
1308526,158,114,185
1308627,158,123,197
1308728,158,123,200
1308828,159,129,184
1308929,157,113,188
1309030,156,133,180
1309131,157,111,193
1309232,158,107,186
1309333,158,116,198
1309434,157,115,197
1309534,155,122,195
1309635,154,120,195
1309736,154,123,190
1309836,155,128,185
1309937,154,107,188
1310038,156,114,215
1310139,155,121,198
1310239,154,108,217
1310340,154,112,191
1310441,153,111,184
1310541,152,104,181
1310642,152,104,186
1310742,153,107,181
1310843,152,118,184
1310944,152,123,200
1311044,153,117,191
1311145,153,115,201
1311246,152,94,177
1311346,152,113,178
1311447,149,115,196
1311547,148,104,198
1311648,148,118,197
1311748,149,109,183
1311849,149,96,186
1311950,149,105,176
1312051,148,109,192
1312152,147,115,169
1312253,148,109,192
1312354,148,103,182
1312454,147,110,187
1312554,148,119,169
1312655,148,108,186
1312755,149,99,196
1312855,149,109,174
1312955,151,107,188
1313055,158,114,204
1313156,178,149,209
1313256,198,155,231
1313357,216,167,251
1313458,225,193,265
1313559,238,196,290
1313660,235,203,261
1313760,235,217,275
1313861,236,187,279
1313962,232,186,277
1314063,229,193,280
1314163,227,197,269
1314263,226,182,249
1314364,225,183,260
1314465,224,177,250
1314566,224,171,261
1314667,226,189,258
1314767,224,177,268
1314867,225,184,262
1314967,228,192,254
1315067,227,190,278
1315168,226,191,268
1315269,226,192,265
1315369,227,185,267
1315469,225,175,259
1315570,223,195,271
1315670,220,188,256
1315771,223,182,254
1315872,223,183,258
1315973,225,188,251
1316073,231,192,284
1316173,248,214,281
1316274,264,220,314
1316375,276,238,309
1316476,290,241,333
1316576,302,249,348
1316676,305,257,356
1316777,317,263,365
1316878,309,266,327
1316979,306,282,344
1317079,305,266,348
1317179,307,260,335
1317280,305,260,343
1317380,306,273,336
1317480,307,276,331
1317580,306,268,344
1317681,304,263,340
1317782,302,260,324
1317882,301,262,336
1317982,302,266,343
1318083,300,251,340
1318184,299,261,341
1318285,299,262,330
1318385,301,265,346
1318485,302,247,349
1318586,304,250,360
1318687,302,260,345
1318788,301,272,343
1318888,301,254,320
1318989,301,280,338
1319089,302,271,349
1319190,303,257,340
1319290,301,258,344
1319390,301,264,337
1319491,302,253,334
1319591,303,267,330
1319691,304,272,334
1319792,306,270,358
1319892,307,261,360
1319992,309,271,340
1320093,309,276,351
1320194,309,279,346
1320295,312,262,356
1320396,310,274,351
1320496,312,258,343
1320596,313,261,367
1320696,315,283,361
1320796,315,265,358
1320896,315,260,356
1320997,316,265,352
1321098,315,272,353
1321198,316,284,360
1321299,317,267,357
1321399,317,275,353
1321500,316,281,353
1321600,317,281,359
1321700,325,284,366
1321801,336,313,361
1321902,345,297,385
1322003,360,336,390
1322104,366,323,399
1322205,372,339,416
1322305,378,340,417
1322405,385,349,421
1322506,383,336,417
1322607,381,339,429
1322707,378,334,410
1322807,377,335,407
1322908,376,332,414
1323008,378,329,433
1323109,376,339,416
1323209,376,340,404
1323310,375,340,419
1323410,375,308,424
1323510,370,331,417
1323610,373,338,405
1323710,369,337,399
1323811,370,334,411
1323912,368,331,405
1324012,367,333,397
1324112,368,317,408
1324212,369,327,408
1324312,370,332,403
1324413,370,333,405
1324513,371,348,395
1324614,370,332,411
1324715,370,326,404
1324816,368,321,409
1324917,370,333,397
1325018,370,337,396
1325119,372,331,416
1325219,393,344,425
1325320,403,371,449
1325421,412,355,441
1325522,429,388,451
1325623,440,392,475
1325724,465,423,513
1325824,482,435,509
1325925,490,464,526
1326025,490,446,525
1326125,509,472,559
1326225,506,463,552
1326325,506,454,548
1326426,505,474,547
1326526,504,458,554
1326627,504,452,549
1326728,500,456,535
1326828,498,448,546
1326928,493,452,529
1327028,492,452,538
1327129,489,460,532
1327230,489,447,525
1327331,486,450,531
1327431,484,448,522
1327532,482,444,503
1327632,481,431,525
1327732,478,427,509
1327833,476,438,515
1327933,476,439,512
1328034,478,442,514
1328134,480,447,524
1328234,481,447,522
1328334,486,452,513
1328434,485,450,518
1328535,488,443,546
1328635,488,460,533
1328735,484,456,526
1328836,478,436,515
1328936,474,424,521
1329037,475,440,522
1329138,472,433,523
1329239,476,432,502
1329340,477,428,530
1329441,345,310,390
1329541,89,61,116
1329642,30,0,57
1329743,3,0,20
1329844,0,0,19
1329944,1,0,15
1330044,1,0,17
1330145,0,0,10
1330245,0,0,10
1330346,1,0,19
1330446,1,0,27
1330546,0,0,22
1330646,1,0,31
1330746,1,0,32
1330846,0,0,23
1330947,1,0,23
1331047,0,0,15
1331148,0,0,25
1331248,0,0,23
1331349,0,0,28
1331449,1,0,15
1331550,1,0,18
1331650,1,0,22
1331751,0,0,19
1331851,1,0,15
1331951,0,0,21
1332051,0,0,10
1332152,1,0,11
1332252,1,0,22
1332352,0,0,14
1332452,0,0,10
1332553,1,0,11
1332654,1,0,29
1332755,0,0,16
1332856,1,0,20
1332957,0,0,12

Test8:
1435402,1,0,16
1435502,1,0,29
1435602,1,0,20
1435703,1,0,15
1435804,1,0,21
1435905,1,0,15
1436006,0,0,43
1436107,1,0,17
1436207,1,0,22
1436308,1,0,39
1436409,1,0,24
1436510,0,0,17
1436610,1,0,12
1436710,0,0,18
1436811,1,0,15
1436911,1,0,21
1437012,1,0,17
1437113,1,0,27
1437214,1,0,28
1437315,1,0,20
1437416,1,0,11
1437517,0,0,11
1437617,0,0,15
1437718,1,0,12
1437818,1,0,33
1437918,1,0,23
1438019,1,0,32
1438119,1,0,19
1438219,1,0,24
1438319,0,0,29
1438419,1,0,34
1438519,1,0,16
1438620,1,0,29
1438720,1,0,24
1438820,1,0,21
1438920,0,0,14
1439020,1,0,11
1439120,1,0,22
1439221,1,0,25
1439322,1,0,25
1439423,1,0,18
1439524,1,0,25
1439625,0,0,25
1439726,1,0,31
1439827,1,0,23
1439928,1,0,21
1440029,1,0,21
1440130,1,0,21
1440230,1,0,14
1440330,1,0,21
1440431,1,0,19
1440531,1,0,38
1440632,1,0,15
1440733,1,0,32
1440834,1,0,13
1440934,1,0,14
1441035,1,0,30
1441136,1,0,20
1441236,1,0,23
1441336,1,0,18
1441436,1,0,25
1441536,1,0,26
1441636,1,0,11
1441736,1,0,21
1441836,1,0,31
1441937,1,0,26
1442038,1,0,21
1442139,1,0,15
1442240,1,0,16
1442340,1,0,16
1442440,1,0,17
1442541,0,0,18
1442642,1,0,20
1442742,1,0,21
1442842,1,0,12
1442943,1,0,11
1443043,1,0,25
1443144,1,0,35
1443244,1,0,11
1443345,1,0,29
1443446,1,0,23
1443546,1,0,19
1443647,1,0,24
1443747,1,0,20
1443847,1,0,11
1443947,1,0,30
1444048,1,0,18
1444149,1,0,33
1444250,1,0,23
1444350,1,0,36
1444450,1,0,18
1444550,1,0,37
1444651,1,0,16
1444752,1,0,25
1444853,1,0,11
1444954,1,0,25
1445054,1,0,33
1445155,1,0,28
1445256,1,0,21
1445357,1,0,20
1445457,1,0,21
1445557,1,0,17
1445658,1,0,29
1445759,1,0,17
1445859,1,0,14
1445960,1,0,28
1446060,1,0,21
1446160,1,0,36
1446260,1,0,27
1446360,1,0,25
1446461,7,0,45
1446562,15,0,48
1446663,23,0,52
1446763,35,0,62
1446863,42,4,76
1446964,55,10,86
1447064,61,18,104
1447164,63,18,99
1447264,68,15,103
1447364,83,55,127
1447464,78,38,122
1447565,77,38,121
1447666,73,48,119
1447766,69,32,112
1447867,68,21,102
1447968,68,35,99
1448068,65,31,116
1448168,65,30,112
1448269,64,26,107
1448370,65,21,89
1448471,68,43,117
1448572,66,22,109
1448673,68,35,110
1448774,66,35,93
1448875,67,32,95
1448976,66,40,108
1449077,67,27,100
1449178,67,52,113
1449279,68,30,117
1449379,66,31,107
1449479,67,6,108
1449580,68,28,109
1449681,66,29,86
1449782,66,41,111
1449883,66,16,116
1449983,66,18,103
1450084,67,14,95
1450185,68,31,112
1450286,66,17,84
1450387,66,23,104
1450487,70,27,100
1450588,79,43,126
1450689,87,45,117
1450790,98,72,126
1450890,109,65,139
1450990,121,88,155
1451090,132,99,175
1451191,133,97,172
1451292,140,96,186
1451393,143,108,171
1451494,158,109,191
1451594,156,109,199
1451694,156,114,190
1451794,152,113,180
1451894,149,104,164
1451995,148,103,187
1452095,147,109,172
1452196,144,98,175
1452297,142,107,186
1452398,138,92,171
1452499,140,93,180
1452600,141,92,176
1452701,139,96,174
1452802,141,102,186
1452902,140,94,176
1453002,139,92,174
1453103,139,91,162
1453203,140,90,176
1453303,138,88,171
1453403,137,98,165
1453503,137,105,175
1453604,136,89,187
1453705,137,98,170
1453806,136,96,177
1453907,143,102,177
1454007,164,122,182
1454108,185,140,216
1454209,203,173,252
1454309,225,185,262
1454410,228,167,267
1454511,238,214,275
1454612,238,194,293
1454712,236,198,269
1454812,236,186,263
1454912,233,213,278
1455013,229,199,278
1455113,235,197,280
1455213,232,199,279
1455314,236,188,278
1455415,234,208,294
1455515,231,196,261
1455616,236,198,280
1455716,233,198,269
1455817,235,187,284
1455917,229,187,254
1456018,231,203,272
1456118,229,185,269
1456219,232,188,274
1456320,231,201,269
1456421,232,182,266
1456522,234,202,284
1456622,243,212,277
1456722,244,202,263
1456822,241,216,285
1456923,237,185,277
1457023,233,184,267
1457124,233,201,276
1457225,237,196,277
1457326,238,207,291
1457427,238,199,269
1457527,236,203,269
1457627,238,228,272
1457728,239,216,265
1457829,232,190,268
1457930,227,191,278
1458031,230,179,265
1458132,229,189,276
1458232,224,191,257
1458333,218,186,248
1458434,215,170,255
1458534,222,197,258
1458635,214,164,261
1458735,210,172,273
1458835,215,170,251
1458936,214,165,234
1459036,214,180,237
1459137,215,162,256
1459237,215,191,243
1459338,217,172,263
1459439,221,188,235
1459540,226,180,267
1459641,225,186,253
1459741,232,188,274
1459841,244,196,284
1459942,270,238,308
1460043,281,242,319
1460143,292,255,343
1460243,303,261,348
1460343,303,273,333
1460443,300,262,335
1460544,296,266,326
1460644,296,257,338
1460744,291,246,332
1460844,294,259,323
1460945,292,264,324
1461046,293,263,338
1461146,295,257,327
1461247,294,261,329
1461348,297,274,334
1461448,301,255,335
1461548,302,261,330
1461648,303,260,347
1461748,301,283,339
1461849,302,267,343
1461950,302,255,349
1462051,300,264,322
1462151,302,255,343
1462252,303,266,338
1462352,303,259,334
1462453,303,252,342
1462553,303,257,352
1462653,301,253,343
1462754,302,265,320
1462855,301,267,321
1462956,301,258,338
1463057,298,261,326
1463158,303,248,340
1463258,305,277,373
1463359,308,271,345
1463459,309,278,324
1463560,309,274,344
1463661,312,277,341
1463761,313,287,349
1463861,320,282,358
1463962,333,287,376
1464062,348,304,393
1464162,366,336,414
1464263,372,325,415
1464363,380,343,409
1464464,379,342,410
1464565,378,349,415
1464666,381,341,431
1464766,380,346,417
1464867,380,335,419
1464968,381,348,420
1465069,378,339,419
1465170,377,330,413
1465270,375,329,428
1465370,371,321,404
1465471,374,338,405
1465572,374,323,416
1465673,374,341,425
1465774,373,318,424
1465875,373,342,413
1465975,373,328,411
1466076,373,334,433
1466177,372,320,424
1466278,371,342,407
1466379,371,338,403
1466480,370,335,417
1466580,371,331,419
1466681,370,335,398
1466781,370,336,423
1466882,370,327,407
1466983,370,313,410
1467084,370,323,409
1467184,370,327,411
1467285,366,327,381
1467386,366,335,418
1467487,365,334,401
1467587,364,322,399
1467688,362,322,398
1467788,361,327,395
1467889,363,321,401
1467990,363,335,390
1468090,364,322,400
1468190,363,327,408
1468290,365,337,407
1468391,368,330,408
1468492,369,322,413
1468593,369,320,404
1468693,367,326,410
1468794,364,327,405
1468894,361,322,389
1468994,359,314,408
1469094,358,315,391
1469194,360,320,400
1469294,361,312,391
1469394,365,322,389
1469494,366,326,419
1469595,383,350,436
1469696,403,362,450
1469797,423,383,457
1469898,450,407,483
1469998,460,432,507
1470098,481,461,522
1470198,484,455,536
1470298,501,460,537
1470399,498,463,548
1470499,494,462,541
1470600,493,450,527
1470700,495,462,537
1470801,493,453,524
1470901,493,451,540
1471002,491,454,516
1471103,491,458,521
1471203,489,447,531
1471304,490,452,518
1471404,497,445,552
1471505,492,468,514
1471606,489,451,536
1471707,485,443,540
1471807,485,455,510
1471907,488,449,533
1472007,487,458,531
1472107,487,456,514
1472208,488,440,529
1472309,488,452,535
1472410,483,441,519
1472510,483,449,516
1472610,480,440,517
1472710,478,434,512
1472810,479,429,517
1472911,482,436,532
1473011,480,439,533
1473111,483,436,538
1473212,485,458,532
1473312,486,448,532
1473413,483,442,517
1473513,478,439,523
1473614,483,430,523
1473715,482,443,515
1473816,482,442,518
1473917,477,426,517
1474018,473,446,516
1474119,471,420,503
1474219,473,431,513
1474320,474,437,506
1474421,472,434,510
1474522,468,425,521
1474622,467,426,509
1474723,467,431,518
1474824,469,432,503
1474925,470,424,520
1475025,472,430,505
1475126,467,409,506
1475226,471,421,517
1475326,470,435,507
1475427,469,406,507
1475528,466,425,517
1475628,465,427,508
1475728,463,425,506
1475828,464,415,489
1475928,321,268,366
1476028,83,52,121
1476128,15,0,51
1476229,3,0,21
1476330,0,0,25
1476431,0,0,26
1476532,0,0,27
1476632,0,0,19
1476732,0,0,10
1476832,1,0,15
1476932,1,0,30
1477032,0,0,10
1477133,1,0,30
1477233,1,0,19
1477334,0,0,10
1477435,0,0,15
1477536,1,0,34
1477637,1,0,26
1477738,1,0,34
1477839,1,0,26
1477940,0,0,23
1478040,1,0,18
1478141,0,0,10
1478241,0,0,26
1478342,1,0,16
1478442,1,0,17
1478542,1,0,17
1478642,1,0,24
1478742,1,0,39
1478842,1,0,21
1478943,0,0,21

Test9:
1568657,1,0,16
1568758,1,0,11
1568859,1,0,15
1568960,1,0,19
1569061,0,0,17
1569161,1,0,16
1569262,1,0,23
1569362,0,0,10
1569463,1,0,24
1569563,0,0,19
1569664,0,0,20
1569764,1,0,41
1569865,1,0,11
1569965,1,0,18
1570065,1,0,21
1570166,1,0,25
1570266,1,0,24
1570366,0,0,35
1570467,0,0,33
1570568,0,0,26
1570669,1,0,34
1570770,1,0,24
1570871,0,0,10
1570972,0,0,10
1571073,0,0,23
1571174,1,0,19
1571274,1,0,23
1571374,1,0,17
1571475,1,0,11
1571576,0,0,26
1571677,1,0,23
1571778,0,0,10
1571878,0,0,10
1571978,1,0,40
1572078,0,0,10
1572178,0,0,28
1572278,1,0,21
1572378,1,0,26
1572479,0,0,17
1572580,1,0,23
1572680,1,0,22
1572780,1,0,13
1572881,1,0,30
1572981,0,0,22
1573082,1,0,15
1573183,0,0,27
1573283,0,0,10
1573384,1,0,16
1573484,1,0,11
1573584,0,0,31
1573684,0,0,10
1573784,0,0,16
1573884,1,0,13
1573984,1,0,20
1574084,1,0,24
1574184,1,0,29
1574285,0,0,25
1574386,0,0,32
1574487,1,0,21
1574588,1,0,24
1574688,1,0,18
1574788,0,0,27
1574888,0,0,16
1574988,1,0,27
1575089,1,0,29
1575189,1,0,26
1575290,0,0,25
1575390,1,0,27
1575491,1,0,25
1575592,1,0,26
1575692,1,0,18
1575792,0,0,37
1575892,0,0,24
1575993,1,0,18
1576094,0,0,10
1576195,1,0,30
1576296,1,0,33
1576396,1,0,46
1576497,1,0,15
1576597,1,0,25
1576698,1,0,43
1576798,1,0,11
1576898,1,0,11
1576998,0,0,20
1577099,0,0,23
1577199,0,0,27
1577299,1,0,29
1577400,1,0,12
1577500,1,0,26
1577601,1,0,21
1577701,1,0,11
1577802,1,0,33
1577902,0,0,10
1578002,1,0,29
1578103,1,0,26
1578204,1,0,11
1578305,1,0,16
1578405,1,0,20
1578505,1,0,30
1578605,1,0,11
1578706,0,0,12
1578806,0,0,21
1578906,0,0,18
1579006,3,0,15
1579106,11,0,39
1579207,19,0,60
1579307,32,0,72
1579407,45,20,84
1579507,56,27,90
1579608,62,23,96
1579708,65,28,102
1579809,77,38,128
1579909,75,43,130
1580010,74,59,93
1580110,70,33,109
1580211,70,34,127
1580311,69,23,97
1580411,69,19,103
1580511,67,36,106
1580611,68,27,96
1580712,69,25,112
1580813,69,32,103
1580914,68,37,102
1581015,67,35,99
1581116,68,29,91
1581217,69,26,100
1581317,69,46,108
1581418,68,30,104
1581519,67,21,111
1581619,67,44,101
1581720,66,29,113
1581820,69,36,116
1581920,81,33,118
1582020,94,61,136
1582121,106,72,139
1582221,121,91,166
1582321,138,114,164
1582422,147,100,186
1582522,153,115,193
1582623,158,113,193
1582724,157,112,184
1582825,154,108,182
1582925,154,117,180
1583026,155,129,202
1583127,155,106,196
1583227,152,90,195
1583328,152,107,185
1583428,151,111,190
1583528,151,113,201
1583629,153,127,182
1583730,152,112,185
1583831,152,95,212
1583931,153,115,168
1584032,149,116,183
1584133,146,112,191
1584233,144,111,182
1584333,146,106,183
1584433,145,109,187
1584534,144,112,195
1584635,143,102,176
1584736,143,97,183
1584837,143,108,190
1584938,145,109,181
1585038,144,115,174
1585138,144,118,176
1585239,143,104,185
1585340,140,118,193
1585440,142,110,176
1585540,141,101,179
1585641,143,113,179
1585742,143,89,168
1585843,143,112,184
1585943,143,106,177
1586044,145,115,197
1586145,146,100,191
1586245,144,115,168
1586346,145,103,177
1586447,153,106,184
1586548,156,109,189
1586649,156,139,195
1586749,167,137,192
1586849,182,148,229
1586950,196,152,233
1587050,199,161,230
1587150,206,169,262
1587250,223,182,272
1587351,222,172,261
1587452,226,192,263
1587552,260,224,303
1587653,255,220,298
1587754,249,206,282
1587854,243,187,282
1587955,240,190,288
1588055,237,200,270
1588155,240,194,279
1588256,242,189,279
1588356,239,198,264
1588457,235,192,272
1588557,234,199,261
1588657,234,185,267
1588758,232,184,287
1588858,234,189,276
1588958,232,194,286
1589059,235,196,275
1589160,237,200,264
1589260,235,188,271
1589360,239,202,285
1589460,238,197,274
1589560,235,194,276
1589660,229,186,292
1589761,225,172,265
1589862,220,189,253
1589962,219,188,269
1590062,219,194,260
1590162,219,187,249
1590262,219,197,268
1590363,218,160,263
1590463,216,165,251
1590564,218,179,264
1590664,220,178,268
1590764,223,171,273
1590864,225,191,279
1590964,221,181,277
1591065,222,176,254
1591166,221,180,277
1591267,220,175,256
1591368,221,178,257
1591468,220,175,271
1591569,221,178,258
1591670,224,199,249
1591770,225,180,257
1591870,222,184,278
1591970,219,188,250
1592070,220,181,253
1592170,224,182,266
1592271,222,168,258
1592371,220,193,261
1592471,223,194,252
1592572,221,183,246
1592673,219,190,257
1592773,219,178,255
1592873,220,177,246
1592973,224,195,260
1593074,223,186,262
1593174,221,175,263
1593274,228,178,277
1593375,234,203,269
1593476,253,216,292
1593576,272,228,310
1593676,290,224,328
1593776,300,271,323
1593877,306,255,338
1593978,319,279,347
1594078,317,288,345
1594178,316,282,336
1594278,316,286,352
1594378,314,269,345
1594478,312,275,345
1594579,310,272,334
1594679,307,260,338
1594780,308,272,349
1594881,306,270,343
1594981,306,256,341
1595081,307,266,340
1595182,306,254,351
1595282,307,277,340
1595383,308,261,338
1595484,309,264,343
1595584,309,276,352
1595684,308,262,342
1595785,309,278,339
1595886,308,268,361
1595987,304,272,359
1596087,304,267,337
1596187,303,263,345
1596287,301,263,337
1596388,303,250,346
1596489,303,267,340
1596589,304,266,346
1596690,303,263,338
1596791,304,268,350
1596891,304,252,346
1596992,304,268,356
1597093,303,270,350
1597193,303,259,349
1597294,301,267,341
1597395,303,276,347
1597496,302,266,327
1597597,304,256,350
1597698,305,284,350
1597798,305,256,325
1597899,311,274,343
1597999,319,293,349
1598100,336,305,375
1598201,345,295,393
1598302,360,320,403
1598402,364,336,397
1598502,370,343,406
1598602,369,336,409
1598702,370,340,407
1598803,370,321,390
1598904,367,346,397
1599004,366,323,392
1599105,365,323,416
1599205,363,319,407
1599306,364,322,392
1599407,365,328,405
1599508,365,335,394
1599608,363,323,386
1599708,363,322,411
1599809,362,313,411
1599909,364,325,405
1600010,364,332,408
1600111,364,331,401
1600211,363,316,392
1600311,363,324,396
1600411,364,331,389
1600512,364,337,397
1600613,362,337,392
1600713,362,314,386
1600814,360,315,393
1600915,363,316,397
1601015,365,319,410
1601115,363,322,396
1601216,365,316,404
1601317,362,318,386
1601418,361,315,409
1601518,361,324,374
1601619,362,324,402
1601720,363,337,409
1601821,364,317,394
1601921,363,337,421
1602021,361,317,413
1602122,361,323,420
1602223,362,324,398
1602323,361,319,401
1602423,361,325,389
1602523,360,315,389
1602623,360,326,381
1602724,361,313,405
1602825,358,323,418
1602925,356,305,402
1603026,355,314,391
1603127,354,322,381
1603228,354,322,383
1603329,354,329,391
1603429,352,310,371
1603529,350,301,388
1603629,351,307,401
1603729,351,312,390
1603829,351,307,381
1603930,351,314,381
1604031,350,301,393
1604131,354,327,404
1604231,363,326,400
1604332,385,359,413
1604433,403,349,456
1604534,428,387,460
1604635,447,422,482
1604735,453,393,484
1604835,474,425,525
1604936,481,456,523
1605037,502,461,540
1605138,497,452,544
1605238,496,458,538
1605338,497,462,531
1605439,494,457,537
1605540,491,458,529
1605641,493,440,532
1605742,488,454,523
1605842,491,450,521
1605943,488,457,538
1606043,489,449,527
1606144,490,452,512
1606245,489,445,547
1606345,490,449,518
1606445,487,448,514
1606546,485,449,517
1606646,484,445,529
1606746,483,439,522
1606847,481,438,523
1606948,480,424,521
1607049,483,448,500
1607149,480,438,509
1607249,479,436,513
1607350,476,445,520
1607451,473,442,511
1607552,473,439,519
1607653,473,442,522
1607754,473,434,516
1607855,478,456,510
1607956,476,439,513
1608057,476,441,525
1608157,479,455,519
1608258,476,433,521
1608359,475,430,514
1608460,473,443,500
1608561,471,444,499
1608662,473,432,521
1608763,474,426,513
1608864,476,425,516
1608965,477,440,531
1609065,476,428,513
1609165,479,444,509
1609266,479,436,500
1609367,478,442,528
1609467,479,447,513
1609567,479,439,518
1609668,482,425,520
1609768,483,439,518
1609868,481,434,534
1609969,480,430,518
1610070,480,426,525
1610171,480,426,527
1610272,483,440,525
1610373,482,445,519
1610474,483,447,526
1610575,483,442,520
1610675,376,343,414
1610775,144,114,171
1610876,23,0,54
1610976,3,0,22
1611077,0,0,25
1611177,1,0,12
1611278,1,0,25
1611379,0,0,13
1611479,0,0,10
1611579,0,0,19
1611680,1,0,24
1611781,1,0,26
1611881,0,0,14
1611982,0,0,18
1612083,0,0,10
1612184,0,0,11
1612285,1,0,25
1612386,0,0,20
1612486,1,0,31
1612587,0,0,10
1612688,1,0,42
1612789,0,0,29
1612890,0,0,12
1612991,0,0,21
1613092,0,0,25
1613193,0,0,21
1613293,0,0,19
1613394,0,0,15
1613494,0,0,24
1613594,1,0,13
1613694,0,0,18
1613795,0,0,15
1613896,1,0,18
1613997,0,0,30
1614098,0,0,10
1614198,1,0,24
1614299,0,0,18
1614400,1,0,22
1614500,0,0,26
1614601,1,0,24
1614701,0,0,24
1614802,0,0,10

Test10:
1735489,0,0,15
1735590,0,0,12
1735691,0,0,10
1735791,0,0,15
1735892,0,0,10
1735993,1,0,15
1736094,0,0,32
1736195,1,0,31
1736295,0,0,11
1736396,1,0,12
1736497,1,0,18
1736598,0,0,14
1736698,0,0,18
1736798,1,0,31
1736899,1,0,29
1737000,0,0,10
1737100,0,0,16
1737200,0,0,10
1737301,1,0,19
1737402,0,0,17
1737503,1,0,11
1737603,1,0,11
1737703,1,0,11
1737804,1,0,22
1737905,0,0,20
1738005,1,0,27
1738105,1,0,19
1738205,1,0,25
1738306,1,0,22
1738406,0,0,38
1738506,1,0,25
1738607,1,0,33
1738707,0,0,13
1738808,1,0,11
1738908,0,0,29
1739009,0,0,17
1739110,0,0,23
1739211,1,0,27
1739312,1,0,30
1739413,1,0,23
1739513,1,0,17
1739613,1,0,11
1739713,0,0,10
1739814,0,0,27
1739914,1,0,17
1740015,0,0,10
1740116,1,0,25
1740217,0,0,26
1740318,1,0,11
1740419,1,0,35
1740519,1,0,16
1740619,0,0,10
1740719,1,0,23
1740820,1,0,32
1740920,0,0,17
1741021,1,0,16
1741122,1,0,21
1741222,0,0,10
1741322,0,0,17
1741422,1,0,30
1741522,0,0,10
1741623,1,0,11
1741724,1,0,21
1741824,0,0,29
1741925,1,0,41
1742025,1,0,11
1742125,0,0,18
1742225,0,0,29
1742326,1,0,29
1742426,0,0,26
1742527,0,0,17
1742628,1,0,25
1742728,7,0,22
1742828,13,0,43
1742929,23,0,55
1743029,27,0,57
1743130,38,0,73
1743231,48,7,87
1743332,57,21,94
1743432,62,39,85
1743532,68,27,111
1743633,69,32,104
1743734,77,34,105
1743835,79,50,121
1743936,78,34,101
1744037,76,44,99
1744137,71,51,123
1744237,73,35,115
1744338,70,26,106
1744439,69,28,123
1744540,69,25,116
1744641,64,18,112
1744741,62,19,102
1744841,60,28,113
1744941,59,20,95
1745041,66,32,117
1745141,68,33,95
1745241,70,27,123
1745342,78,28,113
1745443,72,25,118
1745544,75,26,105
1745645,78,50,128
1745746,77,35,118
1745847,82,35,118
1745947,84,34,126
1746048,85,63,113
1746148,82,40,112
1746249,81,51,107
1746349,83,60,129
1746449,84,41,122
1746549,85,41,113
1746650,78,47,93
1746751,73,31,108
1746852,71,34,119
1746952,72,32,105
1747053,75,36,106
1747153,77,46,144
1747253,79,51,106
1747354,81,41,131
1747454,79,41,119
1747554,84,47,134
1747654,98,60,140
1747754,108,58,164
1747855,119,82,172
1747956,130,88,172
1748056,141,114,190
1748156,151,116,180
1748257,158,121,184
1748357,166,127,214
1748457,159,121,191
1748557,175,133,218
1748657,173,123,211
1748757,173,121,221
1748858,173,126,212
1748958,171,128,200
1749059,171,120,203
1749159,170,140,183
1749259,169,141,203
1749360,168,126,211
1749461,169,125,218
1749562,168,134,200
1749662,169,140,201
1749762,167,128,210
1749862,166,131,216
1749963,167,133,199
1750063,166,112,204
1750163,166,136,212
1750263,165,111,204
1750363,164,124,190
1750464,164,134,198
1750564,165,119,195
1750664,164,127,197
1750765,163,122,209
1750866,163,123,190
1750967,163,127,208
1751068,163,120,197
1751169,164,133,196
1751269,164,138,193
1751370,164,133,212
1751471,164,137,205
1751572,162,121,186
1751673,161,138,186
1751774,161,126,186
1751875,159,115,202
1751976,159,127,199
1752076,159,116,198
1752177,160,125,208
1752277,160,106,196
1752378,160,117,214
1752479,161,126,194
1752580,169,123,205
1752681,185,151,220
1752782,192,144,217
1752883,208,179,258
1752983,223,187,260
1753084,225,175,265
1753185,229,184,246
1753285,233,208,261
1753386,219,160,267
1753486,219,173,252
1753586,217,180,262
1753686,217,175,254
1753787,214,171,267
1753887,214,181,258
1753988,217,182,264
1754088,219,168,251
1754189,215,176,262
1754290,214,187,245
1754391,216,176,279
1754492,218,181,267
1754593,216,172,247
1754694,220,190,248
1754794,218,174,262
1754894,217,189,253
1754995,213,182,244
1755096,211,175,256
1755196,212,172,246
1755297,210,174,250
1755398,216,177,260
1755499,224,201,267
1755600,222,201,251
1755700,228,184,267
1755800,228,192,264
1755901,235,202,276
1756001,242,199,266
1756102,254,220,285
1756203,259,207,290
1756304,271,231,324
1756404,285,246,328
1756505,296,257,351
1756606,296,270,349
1756706,305,267,350
1756807,303,271,340
1756907,327,286,379
1757008,323,275,358
1757109,320,296,356
1757210,313,278,349
1757311,312,283,342
1757411,311,261,349
1757512,309,265,350
1757613,309,282,343
1757713,306,264,341
1757814,305,265,333
1757915,304,247,340
1758016,307,255,335
1758117,305,260,341
1758217,303,255,333
1758317,300,256,342
1758418,298,260,332
1758519,298,261,338
1758619,296,259,318
1758719,298,260,351
1758819,297,252,341
1758920,297,267,338
1759021,300,262,342
1759122,301,265,341
1759223,304,258,343
1759324,303,265,333
1759425,302,276,352
1759525,303,276,331
1759625,304,270,345
1759726,306,252,333
1759827,307,278,350
1759928,307,268,340
1760028,306,263,346
1760128,306,267,331
1760229,308,265,350
1760330,307,270,332
1760430,307,280,332
1760530,312,264,350
1760631,316,270,357
1760732,326,281,381
1760833,339,295,378
1760933,344,307,380
1761034,353,313,393
1761135,364,309,400
1761236,371,330,424
1761337,371,323,408
1761437,372,318,418
1761538,384,342,427
1761639,382,353,433
1761740,379,335,423
1761841,379,350,414
1761942,379,329,428
1762043,378,338,416
1762143,378,351,431
1762243,377,338,422
1762344,377,332,415
1762444,377,343,411
1762544,374,335,419
1762645,374,334,409
1762746,376,324,419
1762847,374,335,418
1762948,376,335,408
1763048,376,343,410
1763149,374,329,430
1763249,374,322,424
1763349,375,354,413
1763449,374,343,417
1763550,375,343,415
1763650,376,329,423
1763750,374,332,416
1763851,373,338,430
1763952,373,340,403
1764053,373,332,410
1764154,373,338,430
1764254,373,334,418
1764354,372,334,423
1764455,371,336,400
1764556,370,327,416
1764656,371,329,397
1764756,370,335,409
1764857,371,335,406
1764958,372,349,416
1765059,371,326,399
1765159,370,330,422
1765260,370,337,403
1765360,369,310,399
1765461,371,335,412
1765562,371,335,412
1765662,371,351,412
1765762,371,342,403
1765862,371,330,405
1765963,371,324,396
1766063,371,324,413
1766164,371,329,410
1766265,371,337,428
1766366,371,335,406
1766467,371,336,402
1766568,369,336,401
1766669,369,336,411
1766770,368,327,402
1766871,367,333,393
1766972,368,321,405
1767073,367,339,413
1767173,366,327,394
1767274,365,326,404
1767375,372,336,403
1767476,381,336,413
1767577,391,359,416
1767678,403,361,449
1767779,420,367,462
1767880,438,403,477
1767980,456,426,507
1768081,470,429,499
1768182,475,439,517
1768282,477,438,515
1768382,505,463,532
1768483,502,469,521
1768583,505,464,549
1768684,500,449,535
1768784,500,453,541
1768885,495,464,531
1768986,497,452,532
1769087,499,464,539
1769188,494,457,534
1769288,496,461,537
1769388,498,456,538
1769488,492,459,519
1769589,492,441,534
1769690,493,460,540
1769790,489,454,523
1769891,485,449,520
1769991,487,454,514
1770092,487,440,528
1770193,483,440,520
1770293,483,443,533
1770394,482,452,529
1770495,481,437,525
1770595,478,443,511
1770695,480,441,531
1770796,481,438,517
1770897,480,444,519
1770997,477,429,511
1771098,479,431,518
1771199,476,447,517
1771300,476,446,505
1771401,482,438,532
1771501,480,432,507
1771601,478,444,510
1771702,473,431,508
1771802,472,443,503
1771902,469,428,516
1772003,471,436,511
1772103,476,450,515
1772204,474,428,517
1772305,472,425,519
1772405,472,437,531
1772505,477,436,510
1772606,477,439,513
1772706,471,429,523
1772806,469,438,507
1772906,473,435,507
1773007,471,429,506
1773108,275,237,320
1773209,112,76,156
1773310,35,0,84
1773411,3,0,23
1773512,1,0,11
1773612,1,0,15
1773713,1,0,19
1773814,1,0,19
1773915,0,0,10
1774015,1,0,23
1774116,1,0,30
1774217,1,0,17
1774317,1,0,27
1774418,1,0,14
1774518,1,0,27
1774618,1,0,16
1774719,1,0,19
1774820,1,0,11
1774921,1,0,21
1775021,0,0,10
1775122,0,0,17
1775222,1,0,17
1775322,1,0,14
1775422,1,0,11
1775522,1,0,19
1775623,1,0,27
1775724,1,0,44
1775825,1,0,19
1775926,1,0,19
1776027,0,0,19
1776128,1,0,26
1776229,1,0,21
1776330,1,0,32
1776431,0,0,16
1776532,0,0,13
1776632,0,0,34
1776733,1,0,23
1776833,1,0,28

Test11:
1911727,0,0,12
1911827,0,0,15
1911927,0,0,33
1912027,0,0,17
1912127,0,0,10
1912227,0,0,28
1912328,0,0,18
1912429,0,0,11
1912529,0,0,12
1912629,0,0,19
1912730,0,0,10
1912831,0,0,32
1912932,0,0,10
1913032,0,0,18
1913133,0,0,15
1913234,0,0,32
1913334,0,0,29
1913434,0,0,10
1913535,0,0,24
1913636,0,0,10
1913737,0,0,10
1913837,0,0,10
1913937,0,0,28
1914037,0,0,28
1914137,1,0,34
1914238,0,0,16
1914339,0,0,10
1914440,0,0,41
1914541,0,0,12
1914641,0,0,21
1914742,1,0,28
1914842,0,0,24
1914943,0,0,20
1915043,0,0,16
1915144,0,0,28
1915244,0,0,10
1915345,0,0,23
1915445,0,0,21
1915546,0,0,18
1915646,0,0,23
1915747,0,0,10
1915848,0,0,32
1915949,0,0,10
1916050,0,0,26
1916151,0,0,15
1916251,0,0,17
1916351,0,0,16
1916452,0,0,12
1916553,0,0,28
1916654,0,0,16
1916755,0,0,24
1916855,0,0,16
1916956,0,0,20
1917057,0,0,25
1917157,0,0,10
1917258,0,0,16
1917359,0,0,22
1917460,1,0,28
1917561,0,0,25
1917662,1,0,11
1917762,0,0,20
1917862,1,0,21
1917962,1,0,11
1918062,0,0,10
1918163,0,0,39
1918264,0,0,17
1918365,0,0,24
1918465,0,0,24
1918566,0,0,10
1918667,0,0,15
1918767,0,0,24
1918868,0,0,25
1918969,0,0,20
1919069,0,0,26
1919169,0,0,20
1919269,0,0,18
1919370,0,0,17
1919470,0,0,21
1919571,0,0,14
1919672,0,0,18
1919773,0,0,24
1919874,0,0,19
1919974,0,0,18
1920075,0,0,10
1920176,0,0,13
1920277,0,0,20
1920377,0,0,25
1920478,0,0,10
1920579,0,0,14
1920679,0,0,22
1920779,0,0,15
1920879,0,0,26
1920980,0,0,32
1921080,0,0,25
1921181,1,0,27
1921281,0,0,31
1921382,0,0,21
1921482,0,0,19
1921583,0,0,20
1921684,0,0,10
1921784,0,0,17
1921884,0,0,16
1921985,5,0,17
1922085,24,0,56
1922185,46,11,84
1922286,64,12,95
1922387,68,40,112
1922488,79,51,106
1922589,78,46,111
1922690,79,34,110
1922791,79,44,112
1922892,78,32,111
1922992,78,29,119
1923092,79,35,132
1923192,76,39,118
1923292,77,31,128
1923392,78,51,130
1923492,75,35,98
1923592,75,42,106
1923692,74,27,118
1923792,75,42,112
1923893,75,44,119
1923994,74,31,101
1924095,72,31,118
1924195,72,35,122
1924296,73,31,103
1924397,72,41,108
1924498,73,19,108
1924598,70,35,110
1924698,67,31,101
1924798,65,17,106
1924898,67,25,112
1924998,67,33,108
1925099,67,43,95
1925199,68,34,109
1925300,66,20,104
1925400,68,33,115
1925501,67,43,93
1925601,66,30,103
1925702,65,31,104
1925803,63,14,89
1925904,62,14,102
1926005,62,2,96
1926105,63,29,100
1926205,63,32,92
1926305,65,26,108
1926406,63,29,89
1926507,64,19,117
1926608,64,31,108
1926708,61,14,98
1926808,62,31,105
1926908,61,35,85
1927009,62,30,122
1927110,62,27,121
1927211,71,28,99
1927311,94,55,140
1927411,127,70,145
1927511,147,108,168
1927612,154,115,191
1927713,168,133,199
1927814,167,127,200
1927915,165,118,192
1928015,164,135,207
1928115,163,111,195
1928216,164,126,200
1928316,160,114,195
1928416,159,117,189
1928516,157,124,192
1928616,157,115,184
1928716,156,119,190
1928817,154,118,193
1928918,153,117,177
1929019,153,104,186
1929120,151,123,186
1929221,152,101,186
1929321,153,111,194
1929422,151,109,190
1929523,151,120,209
1929624,152,101,208
1929725,152,120,197
1929825,153,110,178
1929926,163,134,210
1930026,172,141,218
1930126,193,150,235
1930226,210,160,235
1930326,215,173,252
1930426,225,177,269
1930527,226,189,266
1930627,246,211,276
1930728,240,207,295
1930829,237,189,273
1930929,230,193,275
1931030,232,195,271
1931131,230,190,261
1931232,229,194,265
1931333,229,203,266
1931433,226,184,275
1931533,227,181,274
1931634,225,180,260
1931734,225,195,275
1931834,223,181,252
1931934,223,185,270
1932034,222,184,270
1932135,221,166,271
1932236,221,171,244
1932336,224,184,264
1932437,226,168,263
1932537,236,179,280
1932638,252,214,299
1932739,274,230,316
1932840,293,257,342
1932940,301,253,325
1933040,315,272,363
1933141,311,268,344
1933242,311,271,361
1933342,308,267,342
1933443,307,267,345
1933543,302,261,325
1933644,302,270,353
1933745,303,263,346
1933846,300,268,340
1933947,300,255,350
1934048,301,261,333
1934148,303,260,339
1934248,304,267,346
1934348,303,254,349
1934449,300,274,349
1934550,302,261,341
1934651,300,259,326
1934752,300,252,349
1934853,300,264,336
1934954,299,253,344
1935055,299,268,338
1935156,295,262,327
1935256,294,255,329
1935356,293,238,323
1935456,293,255,328
1935556,299,256,326
1935657,306,274,343
1935758,323,278,378
1935858,334,275,367
1935958,344,316,379
1936059,356,322,402
1936159,357,326,389
1936260,366,333,389
1936360,363,328,394
1936461,361,320,404
1936561,360,324,403
1936662,359,307,403
1936763,360,323,397
1936864,359,327,404
1936965,358,313,398
1937066,362,311,408
1937166,360,322,407
1937266,357,305,396
1937367,355,330,384
1937468,357,318,403
1937569,357,312,393
1937669,358,324,403
1937770,359,330,412
1937871,357,328,398
1937972,356,324,394
1938073,355,318,409
1938173,356,324,393
1938274,354,307,397
1938374,353,307,396
1938474,352,323,403
1938575,352,297,412
1938676,354,310,404
1938777,355,318,404
1938877,355,324,400
1938977,357,315,390
1939078,361,309,413
1939179,360,310,404
1939280,362,329,408
1939381,361,323,416
1939481,360,311,402
1939582,359,316,379
1939682,361,333,399
1939782,364,320,400
1939882,364,321,393
1939983,365,329,396
1940083,367,329,404
1940184,372,314,413
1940285,395,359,434
1940386,419,383,456
1940486,455,409,484
1940587,469,433,493
1940688,485,447,518
1940788,479,435,508
1940888,479,431,517
1940989,475,425,517
1941090,480,444,524
1941191,478,447,522
1941291,480,445,514
1941391,477,443,518
1941492,477,447,532
1941592,475,431,521
1941693,473,440,506
1941794,478,444,529
1941894,479,433,520
1941994,478,433,511
1942095,480,437,510
1942195,475,443,509
1942296,479,450,531
1942396,481,442,514
1942497,480,439,534
1942598,481,441,504
1942698,480,432,529
1942798,482,441,512
1942898,481,463,516
1942999,475,432,510
1943100,472,433,508
1943201,480,443,513
1943301,483,450,533
1943401,483,442,527
1943502,485,459,512
1943602,486,452,522
1943702,486,431,520
1943802,488,441,532
1943903,486,451,536
1944003,488,460,529
1944103,489,457,532
1944204,493,456,539
1944305,495,458,533
1944405,496,459,524
1944506,492,469,518
1944606,359,319,405
1944707,139,94,169
1944807,22,0,48
1944908,3,0,24
1945009,1,0,20
1945109,1,0,21
1945210,1,0,18
1945310,1,0,29
1945410,1,0,28
1945511,1,0,11
1945612,1,0,37
1945713,0,0,28
1945814,1,0,29
1945914,1,0,34
1946014,1,0,23
1946114,1,0,11
1946215,1,0,22
1946315,1,0,28
1946416,1,0,11
1946517,1,0,32
1946617,0,0,19
1946718,1,0,22
1946819,1,0,18
1946920,1,0,18
1947021,0,0,16
1947122,1,0,33
1947223,1,0,17
1947324,0,0,29
1947424,1,0,18
1947524,0,0,15
1947624,1,0,25
1947725,1,0,26
1947825,1,0,12
1947926,0,0,12
1948027,0,0,29
1948127,1,0,36
1948228,1,0,28
1948329,1,0,37
1948430,1,0,21
1948530,1,0,21
1948631,1,0,23
1948731,1,0,23
1948831,1,0,29
1948931,0,0,23
1949031,1,0,29
1949132,1,0,27

Test12:
2068426,1,0,11
2068527,0,0,20
2068628,1,0,20
2068728,1,0,16
2068829,1,0,27
2068929,0,0,23
2069029,1,0,13
2069130,1,0,20
2069231,0,0,11
2069332,1,0,20
2069433,0,0,16
2069533,0,0,18
2069633,1,0,14
2069734,0,0,18
2069834,1,0,11
2069935,0,0,24
2070036,0,0,19
2070136,1,0,24
2070237,1,0,28
2070338,1,0,27
2070439,1,0,29
2070539,0,0,26
2070639,1,0,20
2070739,0,0,10
2070840,1,0,19
2070940,1,0,11
2071041,1,0,15
2071141,0,0,15
2071241,1,0,29
2071342,1,0,31
2071442,0,0,14
2071542,1,0,18
2071643,1,0,21
2071743,1,0,17
2071844,1,0,32
2071944,0,0,31
2072045,0,0,26
2072146,0,0,41
2072247,1,0,18
2072347,0,0,28
2072448,1,0,23
2072549,0,0,10
2072649,1,0,30
2072749,0,0,35
2072850,1,0,15
2072950,0,0,10
2073050,1,0,24
2073151,1,0,14
2073251,1,0,14
2073352,0,0,10
2073453,0,0,44
2073553,0,0,34
2073653,0,0,10
2073754,0,0,20
2073855,1,0,19
2073956,0,0,10
2074057,1,0,17
2074158,0,0,12
2074258,1,0,13
2074358,1,0,33
2074459,1,0,22
2074560,1,0,31
2074660,1,0,11
2074761,0,0,19
2074862,1,0,15
2074963,1,0,18
2075063,0,0,22
2075164,0,0,22
2075265,1,0,11
2075366,0,0,33
2075466,1,0,12
2075566,1,0,16
2075666,1,0,14
2075767,1,0,18
2075868,0,0,31
2075968,1,0,20
2076068,1,0,27
2076168,1,0,15
2076268,1,0,27
2076369,0,0,22
2076470,0,0,28
2076571,0,0,10
2076672,1,0,19
2076772,0,0,16
2076873,0,0,17
2076973,0,0,11
2077073,0,0,12
2077174,0,0,22
2077274,0,0,25
2077375,1,0,32
2077476,1,0,19
2077576,0,0,25
2077677,1,0,20
2077778,1,0,13
2077879,0,0,25
2077979,0,0,17
2078080,0,0,20
2078180,1,0,17
2078281,5,0,28
2078382,27,0,52
2078482,39,3,69
2078582,62,32,107
2078683,75,23,115
2078783,80,41,122
2078884,98,44,139
2078984,95,55,127
2079085,94,64,132
2079186,90,55,134
2079286,90,49,128
2079387,87,49,130
2079488,87,50,125
2079589,85,50,115
2079690,86,62,122
2079791,85,39,129
2079892,81,46,117
2079992,82,49,122
2080092,83,31,125
2080192,83,50,126
2080292,84,49,129
2080392,83,40,121
2080493,84,46,119
2080593,85,54,115
2080694,85,50,113
2080794,85,52,135
2080895,83,38,138
2080995,85,40,138
2081095,84,52,113
2081196,86,41,116
2081296,86,50,124
2081396,86,54,123
2081496,85,45,117
2081597,82,44,108
2081697,81,39,115
2081798,83,41,117
2081899,84,41,132
2081999,84,42,125
2082099,85,51,117
2082200,83,44,128
2082301,82,45,115
2082402,83,43,115
2082502,79,38,119
2082603,81,35,116
2082703,81,38,112
2082804,83,49,106
2082905,82,46,111
2083005,81,54,113
2083105,82,47,120
2083206,81,30,121
2083307,78,27,122
2083408,78,37,111
2083509,80,57,116
2083609,79,40,115
2083709,82,52,124
2083809,79,35,122
2083909,85,51,126
2084010,85,49,121
2084111,94,46,124
2084212,110,81,134
2084312,119,89,162
2084413,133,90,167
2084513,140,109,181
2084614,147,111,195
2084714,158,121,207
2084815,164,122,203
2084916,175,130,210
2085016,174,131,215
2085116,169,120,192
2085216,166,136,216
2085317,165,109,205
2085417,161,117,203
2085518,159,112,206
2085618,159,110,209
2085718,156,103,189
2085819,156,117,201
2085919,152,123,198
2086019,152,111,189
2086119,154,114,188
2086219,154,124,189
2086319,155,124,195
2086420,154,126,195
2086521,153,117,205
2086621,153,110,210
2086722,154,110,185
2086823,156,113,199
2086923,156,121,197
2087024,156,111,190
2087124,155,108,194
2087225,157,117,188
2087325,156,116,187
2087425,155,118,202
2087526,154,109,209
2087626,154,132,182
2087726,153,113,209
2087827,152,111,182
2087928,151,117,183
2088029,151,115,196
2088130,157,102,198
2088230,165,121,198
2088331,171,125,223
2088431,181,145,219
2088532,198,166,249
2088632,201,159,230
2088733,213,159,249
2088834,219,170,251
2088935,221,189,255
2089035,226,188,256
2089136,226,179,282
2089236,217,171,263
2089337,212,177,240
2089438,206,173,240
2089539,209,171,263
2089640,208,170,242
2089741,204,162,257
2089841,204,172,231
2089942,204,149,235
2090043,213,172,257
2090143,223,184,265
2090244,222,186,252
2090345,218,167,259
2090446,222,176,266
2090546,224,187,252
2090647,228,187,263
2090747,228,194,269
2090848,230,183,270
2090949,234,202,262
2091050,240,186,284
2091151,238,197,275
2091252,242,202,289
2091353,238,195,267
2091453,238,208,274
2091554,242,210,271
2091654,243,198,294
2091754,243,211,283
2091854,247,204,270
2091955,249,214,313
2092056,261,225,295
2092157,271,220,308
2092257,284,237,323
2092358,293,251,317
2092459,300,270,343
2092559,306,273,325
2092660,307,264,351
2092761,322,280,345
2092861,319,271,356
2092962,315,286,351
2093062,313,283,348
2093163,311,263,356
2093264,310,257,361
2093365,312,266,350
2093466,312,278,358
2093566,312,273,360
2093667,313,281,347
2093768,312,275,354
2093868,312,264,358
2093968,309,263,334
2094068,310,275,354
2094169,308,270,353
2094269,309,262,351
2094369,309,259,356
2094470,307,260,336
2094570,307,271,348
2094670,305,267,330
2094771,306,275,338
2094872,306,270,325
2094973,306,276,326
2095074,306,266,357
2095175,307,262,354
2095276,306,263,335
2095377,306,252,360
2095478,307,273,345
2095578,306,259,333
2095678,305,261,351
2095778,305,269,335
2095878,306,275,356
2095978,305,269,341
2096078,305,261,331
2096178,305,276,335
2096279,307,262,347
2096380,307,270,350
2096480,307,259,354
2096581,307,262,351
2096681,306,267,345
2096781,306,266,333
2096882,308,259,345
2096983,307,275,326
2097083,308,271,333
2097183,307,273,340
2097283,308,277,338
2097383,309,270,339
2097483,312,282,352
2097583,322,270,357
2097683,338,294,378
2097784,352,297,403
2097884,365,325,402
2097984,381,329,425
2098084,382,333,402
2098185,392,355,424
2098286,392,357,427
2098387,390,351,437
2098488,390,355,421
2098588,392,353,425
2098689,390,356,421
2098790,387,333,422
2098890,387,359,438
2098990,388,353,448
2099091,387,349,424
2099191,384,344,418
2099291,381,349,412
2099392,382,339,402
2099492,379,344,427
2099592,381,341,416
2099693,380,334,414
2099794,382,353,415
2099894,383,344,431
2099994,382,337,419
2100094,382,334,413
2100195,384,351,408
2100296,384,346,400
2100396,385,338,422
2100497,384,356,431
2100598,385,342,431
2100698,383,353,421
2100799,382,325,426
2100899,383,337,424
2100999,381,331,416
2101100,382,344,429
2101201,381,355,423
2101301,379,332,423
2101402,379,342,410
2101503,377,338,407
2101603,378,328,421
2101704,375,326,416
2101804,374,328,415
2101904,371,323,410
2102005,371,322,401
2102105,373,331,428
2102205,373,342,422
2102305,374,326,401
2102406,372,331,403
2102507,372,334,405
2102608,374,335,400
2102708,374,337,406
2102809,384,347,405
2102910,417,386,465
2103010,441,410,469
2103111,471,427,499
2103211,484,451,527
2103311,498,466,540
2103411,492,453,553
2103511,491,458,530
2103611,488,445,535
2103711,489,437,532
2103812,486,441,520
2103912,482,452,523
2104013,480,443,528
2104114,476,441,526
2104215,478,431,513
2104316,478,448,508
2104417,475,425,521
2104517,475,450,499
2104618,480,437,512
2104719,477,440,517
2104819,482,433,520
2104919,477,441,500
2105019,480,442,519
2105120,478,430,523
2105221,473,433,501
2105322,470,425,517
2105423,468,424,522
2105524,468,430,514
2105625,470,429,502
2105725,471,442,515
2105825,473,442,513
2105926,469,425,504
2106026,467,420,498
2106127,469,428,494
2106227,470,435,511
2106327,472,425,519
2106428,470,436,509
2106528,467,419,498
2106628,470,435,507
2106729,472,423,501
2106830,477,427,505
2106930,478,440,504
2107030,475,425,511
2107130,473,422,505
2107231,471,427,504
2107331,366,319,395
2107431,131,99,161
2107531,35,8,65
2107632,3,0,40
2107732,1,0,23
2107833,1,0,15
2107933,0,0,10
2108034,1,0,11
2108135,1,0,31
2108236,1,0,27
2108336,1,0,20
2108436,1,0,19
2108537,1,0,22
2108638,1,0,12
2108738,1,0,11
2108838,1,0,21
2108938,1,0,11
2109038,1,0,24
2109138,1,0,14
2109239,1,0,27
2109340,1,0,28
2109440,1,0,31
2109540,1,0,11
2109640,1,0,15
2109741,0,0,10
2109841,1,0,18
2109942,1,0,29
2110042,1,0,34
2110143,1,0,28
2110244,1,0,36
2110345,0,0,24
2110446,1,0,22
2110547,1,0,28
2110647,1,0,12
2110748,1,0,18
2110848,1,0,11
2110949,1,0,38
2111049,0,0,22

Test13:
2233251,1,0,17
2233352,0,0,13
2233452,0,0,10
2233553,1,0,11
2233654,1,0,22
2233755,0,0,10
2233855,0,0,25
2233956,0,0,14
2234056,0,0,24
2234157,1,0,15
2234258,1,0,15
2234358,1,0,14
2234459,1,0,16
2234559,0,0,22
2234660,0,0,24
2234760,0,0,29
2234861,1,0,22
2234961,0,0,10
2235061,0,0,18
2235162,1,0,23
2235262,1,0,11
2235363,1,0,18
2235464,1,0,15
2235564,0,0,10
2235664,0,0,21
2235764,0,0,30
2235865,0,0,13
2235966,1,0,38
2236067,1,0,12
2236168,1,0,26
2236269,0,0,16
2236370,0,0,12
2236470,1,0,11
2236570,1,0,30
2236670,0,0,17
2236771,1,0,24
2236872,0,0,10
2236973,0,0,28
2237074,1,0,22
2237175,1,0,14
2237276,1,0,16
2237377,1,0,31
2237477,0,0,19
2237578,0,0,13
2237679,1,0,15
2237780,1,0,24
2237881,1,0,13
2237982,0,0,16
2238083,0,0,13
2238184,1,0,17
2238285,1,0,23
2238386,0,0,21
2238486,1,0,11
2238586,0,0,23
2238687,1,0,24
2238788,1,0,38
2238889,1,0,21
2238990,0,0,10
2239090,1,0,27
2239191,0,0,20
2239292,1,0,28
2239392,0,0,16
2239493,1,0,16
2239594,0,0,14
2239695,0,0,10
2239796,1,0,29
2239896,0,0,18
2239996,1,0,21
2240096,1,0,15
2240196,0,0,10
2240296,1,0,25
2240397,1,0,28
2240497,0,0,17
2240597,0,0,22
2240697,0,0,20
2240798,1,0,20
2240898,0,0,10
2240999,1,0,18
2241099,0,0,10
2241200,1,0,23
2241301,0,0,11
2241402,0,0,37
2241503,1,0,25
2241604,1,0,28
2241705,0,0,20
2241805,1,0,27
2241906,0,0,27
2242007,1,0,27
2242108,0,0,31
2242208,1,0,22
2242309,1,0,28
2242409,1,0,11
2242510,0,0,20
2242610,1,0,17
2242711,0,0,32
2242811,0,0,17
2242911,1,0,15
2243011,1,0,20
2243112,0,0,22
2243213,0,0,20
2243314,0,0,33
2243415,0,0,17
2243516,1,0,24
2243617,5,0,38
2243718,11,0,43
2243818,18,0,65
2243918,31,0,58
2244018,46,25,96
2244119,57,11,88
2244220,65,24,109
2244320,73,27,105
2244420,74,41,105
2244521,88,39,127
2244621,87,61,127
2244722,85,44,118
2244822,81,43,119
2244923,79,33,118
2245023,76,49,126
2245124,75,29,109
2245224,75,43,118
2245325,73,36,100
2245425,69,17,101
2245525,71,36,116
2245625,68,43,111
2245726,71,39,97
2245826,72,46,120
2245926,74,35,115
2246026,73,32,106
2246127,73,36,102
2246227,73,39,119
2246328,75,29,114
2246429,73,36,101
2246530,71,32,109
2246631,70,39,100
2246732,70,23,113
2246833,71,18,107
2246934,75,40,109
2247035,78,39,114
2247135,87,33,121
2247236,99,46,132
2247337,116,88,145
2247437,123,83,155
2247538,141,108,184
2247639,148,112,170
2247740,153,114,196
2247840,166,128,217
2247940,163,130,204
2248041,184,137,202
2248141,182,132,214
2248242,179,120,223
2248343,181,144,231
2248443,182,143,223
2248543,180,156,217
2248643,177,133,230
2248744,176,131,211
2248845,172,134,219
2248945,173,125,215
2249045,174,134,219
2249146,173,141,227
2249247,173,120,216
2249348,172,135,204
2249449,170,119,195
2249549,171,139,212
2249649,170,141,205
2249750,169,126,209
2249850,171,126,219
2249950,169,128,198
2250050,169,134,216
2250151,166,119,197
2250252,164,139,184
2250352,164,138,204
2250452,166,138,197
2250553,164,115,209
2250654,164,129,202
2250754,163,128,175
2250854,162,125,204
2250955,162,110,190
2251055,166,123,209
2251155,168,123,207
2251256,168,136,199
2251356,168,143,192
2251457,168,124,200
2251558,170,128,218
2251659,169,137,202
2251759,168,126,189
2251860,167,127,212
2251960,165,123,195
2252061,164,139,182
2252162,166,136,206
2252263,164,129,196
2252364,165,117,199
2252465,163,119,204
2252565,163,133,194
2252666,164,112,198
2252766,164,140,182
2252866,165,136,178
2252966,165,139,209
2253067,165,128,204
2253168,168,138,220
2253269,175,126,237
2253369,182,133,218
2253470,193,158,233
2253571,206,166,227
2253671,216,172,264
2253772,219,182,251
2253873,230,189,264
2253973,235,191,260
2254073,223,174,272
2254174,224,171,262
2254275,226,176,254
2254375,224,186,260
2254475,226,174,249
2254575,221,183,268
2254676,221,175,257
2254777,222,173,273
2254878,224,169,265
2254979,225,180,258
2255080,223,176,256
2255180,223,188,268
2255280,225,201,268
2255381,226,182,259
2255481,226,186,260
2255582,226,182,260
2255682,229,192,257
2255783,230,171,266
2255884,232,188,271
2255985,230,177,274
2256086,233,199,267
2256186,231,176,273
2256286,235,185,256
2256387,235,204,284
2256488,234,191,264
2256589,233,200,271
2256689,236,195,274
2256789,235,196,284
2256890,235,191,276
2256990,239,191,280
2257091,239,200,292
2257191,241,208,273
2257292,241,211,279
2257392,242,214,281
2257492,242,206,293
2257592,244,207,277
2257693,247,199,296
2257794,248,202,298
2257894,247,205,278
2257994,250,205,288
2258095,253,217,288
2258196,251,208,296
2258296,251,216,289
2258396,257,204,298
2258497,257,204,301
2258598,255,226,299
2258699,253,205,279
2258800,255,213,287
2258900,259,227,291
2259001,256,211,302
2259102,253,212,284
2259203,249,216,291
2259304,251,211,285
2259405,253,217,289
2259506,261,228,309
2259606,275,235,329
2259707,282,237,321
2259807,298,264,330
2259907,308,265,343
2260008,311,272,338
2260109,318,277,362
2260209,313,268,354
2260309,311,277,350
2260410,311,272,367
2260510,312,263,347
2260611,309,275,358
2260711,310,280,359
2260812,309,275,346
2260912,307,286,345
2261013,306,271,352
2261113,303,270,328
2261214,304,274,356
2261314,298,250,344
2261415,300,261,336
2261516,297,263,323
2261617,296,246,326
2261717,294,263,342
2261818,295,261,336
2261919,295,264,329
2262020,298,254,332
2262120,303,264,332
2262221,313,270,359
2262322,324,275,360
2262422,331,284,377
2262522,342,309,378
2262623,353,321,374
2262724,362,318,401
2262824,372,349,410
2262924,368,334,404
2263025,365,328,407
2263126,365,330,411
2263226,363,322,415
2263326,361,318,412
2263427,362,323,405
2263528,363,320,394
2263629,362,332,399
2263730,364,321,416
2263830,364,321,404
2263931,364,324,414
2264031,366,332,403
2264132,368,328,404
2264232,368,334,418
2264333,367,329,402
2264434,368,336,418
2264535,370,319,406
2264635,369,337,404
2264736,370,334,396
2264836,369,345,415
2264937,369,346,400
2265038,371,340,394
2265138,372,343,409
2265239,376,321,426
2265340,377,342,411
2265441,379,330,411
2265542,387,359,430
2265643,406,371,438
2265743,425,393,465
2265843,451,420,497
2265943,476,437,514
2266043,480,448,514
2266144,481,444,514
2266245,473,436,509
2266346,467,421,496
2266446,464,437,508
2266547,467,428,513
2266648,460,417,502
2266749,468,428,509
2266850,464,429,503
2266950,459,433,506
2267051,460,435,501
2267151,463,430,510
2267252,459,420,502
2267353,461,424,505
2267453,460,418,511
2267553,461,435,504
2267653,461,425,506
2267754,467,444,508
2267854,465,415,511
2267954,472,431,495
2268054,470,412,496
2268155,473,440,493
2268255,476,434,502
2268355,480,439,522
2268455,483,430,509
2268555,483,433,519
2268655,482,457,520
2268756,483,445,519
2268857,486,442,530
2268958,486,459,512
2269059,490,450,532
2269159,493,453,540
2269260,495,448,532
2269360,493,459,535
2269460,492,443,522
2269560,493,456,535
2269661,488,446,526
2269762,492,456,530
2269863,497,451,544
2269963,500,477,534
2270063,309,274,332
2270164,80,43,102
2270264,31,0,63
2270364,3,0,13
2270464,0,0,22
2270565,0,0,17
2270666,0,0,26
2270766,0,0,14
2270866,0,0,18
2270967,1,0,19
2271067,1,0,17
2271167,0,0,18
2271267,0,0,10
2271367,0,0,21
2271468,1,0,11
2271568,0,0,33
2271669,1,0,34
2271770,0,0,16
2271871,0,0,26
2271971,0,0,32
2272072,1,0,24
2272173,0,0,17
2272274,0,0,10
2272375,0,0,24
2272476,1,0,18
2272576,0,0,26
2272677,0,0,10
2272778,1,0,32
2272879,0,0,10
2272979,0,0,28
2273080,0,0,18
2273181,0,0,33

Test14:
2367129,1,0,11
2367229,1,0,20
2367329,1,0,15
2367429,1,0,21
2367529,1,0,15
2367630,1,0,28
2367731,1,0,18
2367831,1,0,37
2367931,1,0,29
2368032,1,0,11
2368133,1,0,25
2368234,1,0,28
2368334,1,0,23
2368434,1,0,18
2368534,1,0,17
2368634,1,0,11
2368735,1,0,27
2368835,1,0,35
2368935,1,0,17
2369035,1,0,17
2369136,1,0,25
2369237,0,0,23
2369338,1,0,35
2369438,1,0,30
2369539,1,0,19
2369640,1,0,36
2369740,7,0,25
2369840,24,0,55
2369941,43,0,91
2370041,59,34,88
2370142,64,35,91
2370243,81,59,103
2370344,78,32,108
2370444,80,37,104
2370544,78,33,107
2370644,77,39,114
2370744,76,49,105
2370844,74,38,103
2370945,75,44,118
2371045,75,33,121
2371145,72,32,126
2371246,70,31,105
2371347,70,36,98
2371448,69,27,116
2371548,69,35,112
2371649,68,31,102
2371749,70,30,108
2371849,67,40,104
2371949,65,15,92
2372049,64,35,111
2372150,64,21,123
2372251,66,19,89
2372351,64,28,86
2372451,67,34,109
2372552,65,24,114
2372653,64,25,113
2372753,61,16,107
2372854,62,30,89
2372955,63,24,93
2373055,62,35,84
2373156,60,0,90
2373256,62,11,97
2373357,62,15,107
2373458,63,29,89
2373559,62,38,103
2373659,65,32,110
2373759,66,31,103
2373859,63,31,97
2373960,63,52,99
2374061,61,26,100
2374161,62,17,106
2374262,62,18,98
2374362,62,32,103
2374463,64,28,96
2374564,64,13,100
2374665,64,16,101
2374766,65,23,112
2374867,65,15,100
2374967,64,32,97
2375068,64,23,112
2375169,60,24,87
2375269,62,41,84
2375370,61,28,83
2375470,59,25,101
2375570,60,41,100
2375671,59,32,94
2375772,61,40,108
2375872,59,29,96
2375973,63,29,99
2376074,77,29,97
2376174,97,58,118
2376275,121,82,150
2376375,134,92,162
2376476,145,104,185
2376577,150,118,199
2376678,166,126,205
2376778,164,141,206
2376878,161,126,187
2376978,157,126,190
2377078,158,129,194
2377178,158,104,204
2377279,154,126,188
2377380,153,120,179
2377481,154,101,197
2377581,153,105,195
2377682,152,104,182
2377782,151,110,189
2377883,148,97,186
2377984,151,125,196
2378085,149,106,192
2378186,150,123,196
2378286,149,116,207
2378387,149,109,184
2378488,150,104,191
2378588,150,126,200
2378688,151,108,185
2378788,149,118,188
2378889,147,119,187
2378990,148,108,189
2379090,147,110,189
2379191,146,118,195
2379292,147,114,165
2379392,147,107,187
2379493,147,118,178
2379593,147,111,188
2379693,146,106,170
2379794,149,106,190
2379895,150,112,187
2379995,150,110,192
2380095,149,109,190
2380195,150,110,197
2380295,150,102,186
2380396,151,114,187
2380496,152,116,171
2380597,156,122,186
2380698,154,110,194
2380798,155,122,179
2380899,155,111,188
2381000,154,121,188
2381101,155,114,184
2381201,159,128,193
2381302,171,126,217
2381402,183,139,222
2381503,200,158,239
2381603,215,182,237
2381704,227,200,255
2381805,233,193,271
2381906,237,197,266
2382006,234,203,272
2382107,234,209,261
2382207,234,203,265
2382308,240,199,283
2382408,237,199,293
2382508,231,199,266
2382609,231,191,266
2382710,229,196,267
2382810,234,181,268
2382910,238,205,277
2383010,231,188,282
2383111,229,201,260
2383211,232,191,280
2383312,227,181,267
2383413,227,192,271
2383514,226,181,272
2383615,225,192,268
2383715,220,181,249
2383816,219,179,253
2383917,223,177,278
2384018,220,193,249
2384118,213,166,249
2384219,218,191,252
2384320,219,179,269
2384421,220,176,256
2384522,222,183,244
2384623,228,188,261
2384723,234,180,280
2384823,235,196,260
2384923,237,193,280
2385024,236,188,280
2385125,238,202,274
2385226,236,202,272
2385327,241,185,276
2385427,237,205,291
2385528,241,205,270
2385628,237,197,271
2385728,233,205,278
2385829,231,201,283
2385930,239,203,268
2386030,240,205,268
2386131,243,198,286
2386232,253,213,292
2386332,263,235,296
2386433,268,228,291
2386533,278,246,327
2386633,287,254,323
2386734,296,265,334
2386835,303,280,340
2386935,308,282,347
2387036,306,281,348
2387137,305,265,340
2387238,305,269,333
2387338,303,271,339
2387439,303,255,340
2387540,301,265,335
2387641,301,262,327
2387741,300,250,353
2387842,300,273,339
2387943,299,259,353
2388043,299,251,329
2388143,300,265,349
2388243,301,274,343
2388344,300,269,337
2388445,301,271,341
2388546,303,273,353
2388647,303,260,353
2388748,303,264,357
2388849,303,252,328
2388949,303,264,339
2389050,304,260,337
2389151,305,278,339
2389252,305,265,342
2389353,309,259,353
2389454,309,261,348
2389554,306,267,341
2389655,307,259,354
2389755,306,269,335
2389856,309,266,338
2389956,310,282,345
2390056,310,277,339
2390157,310,271,347
2390257,313,265,367
2390357,311,274,365
2390458,312,272,343
2390558,310,282,335
2390659,307,263,344
2390759,310,277,358
2390859,311,262,360
2390960,310,269,351
2391060,310,273,356
2391161,313,282,351
2391261,311,278,362
2391362,309,276,348
2391462,310,280,348
2391563,312,264,331
2391664,310,264,337
2391765,311,274,348
2391865,313,276,340
2391966,315,279,367
2392067,315,263,360
2392167,316,281,352
2392267,317,296,350
2392367,320,282,359
2392468,320,285,354
2392568,319,290,341
2392669,319,281,348
2392770,314,268,348
2392871,318,282,360
2392971,319,281,346
2393072,326,276,361
2393173,333,295,384
2393273,343,302,383
2393374,348,319,373
2393474,358,308,398
2393574,370,328,413
2393674,377,343,421
2393774,379,338,430
2393875,383,342,413
2393975,395,365,438
2394075,391,349,449
2394176,389,329,422
2394276,388,348,437
2394376,388,347,422
2394476,383,346,409
2394576,380,332,419
2394677,380,353,413
2394778,377,332,425
2394878,378,330,402
2394978,379,335,411
2395078,378,352,411
2395178,378,358,427
2395278,378,352,426
2395378,381,332,415
2395478,381,345,414
2395579,379,338,429
2395680,379,345,440
2395781,378,349,418
2395882,379,338,413
2395982,384,349,426
2396082,399,371,445
2396183,423,384,466
2396284,443,406,469
2396385,460,436,500
2396486,484,432,533
2396586,483,443,519
2396686,508,481,565
2396786,502,461,544
2396887,495,438,541
2396988,487,451,529
2397088,484,429,509
2397188,484,429,529
2397289,482,446,529
2397389,483,448,518
2397490,485,444,523
2397591,487,441,535
2397692,488,453,512
2397792,488,453,530
2397893,488,451,512
2397993,487,460,533
2398094,485,435,535
2398195,481,440,520
2398296,482,445,520
2398397,481,439,505
2398498,480,437,519
2398599,488,442,520
2398699,484,440,513
2398800,481,444,533
2398901,478,430,525
2399002,477,434,517
2399103,484,433,515
2399204,480,446,518
2399305,478,430,529
2399405,478,441,521
2399506,475,433,512
2399606,476,426,529
2399707,475,446,511
2399808,478,432,529
2399908,480,439,514
2400009,476,451,522
2400110,481,449,526
2400211,478,428,521
2400312,480,453,522
2400412,480,448,516
2400513,482,456,518
2400613,481,437,526
2400713,351,317,393
2400813,142,112,180
2400914,29,0,62
2401015,3,0,13
2401116,1,0,22
2401217,0,0,10
2401318,1,0,28
2401419,0,0,26
2401519,1,0,17
2401619,1,0,36
2401720,1,0,22
2401820,1,0,20
2401921,1,0,23
2402022,1,0,20
2402123,1,0,19
2402224,1,0,11
2402324,0,0,29
2402425,1,0,23
2402526,0,0,32
2402627,1,0,11
2402727,1,0,18
2402828,0,0,18
2402928,1,0,37
2403029,1,0,19
2403129,1,0,11
2403230,1,0,37
2403330,1,0,11
2403430,1,0,29
2403530,0,0,28
2403630,1,0,30
2403731,0,0,10
2403831,1,0,21
2403931,1,0,11
2404032,1,0,11
2404132,1,0,11
2404232,0,0,14

Test15:
2478234,0,0,26
2478335,0,0,17
2478436,0,0,10
2478537,0,0,21
2478638,0,0,12
2478739,0,0,10
2478840,0,0,28
2478941,0,0,14
2479041,0,0,10
2479141,0,0,25
2479242,0,0,16
2479342,0,0,24
2479442,0,0,28
2479543,0,0,28
2479644,0,0,20
2479745,0,0,21
2479845,0,0,37
2479946,0,0,11
2480047,0,0,10
2480147,0,0,16
2480247,0,0,27
2480347,0,0,16
2480447,0,0,10
2480547,0,0,17
2480648,0,0,38
2480748,0,0,28
2480849,0,0,24
2480949,1,0,18
2481049,0,0,19
2481149,0,0,22
2481249,0,0,15
2481350,0,0,10
2481450,0,0,31
2481551,0,0,33
2481652,0,0,26
2481752,0,0,17
2481852,0,0,17
2481952,0,0,21
2482053,0,0,13
2482154,0,0,22
2482254,0,0,16
2482355,0,0,10
2482456,0,0,20
2482557,0,0,34
2482658,0,0,16
2482759,0,0,10
2482859,0,0,21
2482959,0,0,17
2483060,0,0,23
2483160,0,0,12
2483261,0,0,16
2483361,0,0,19
2483462,0,0,20
2483563,1,0,15
2483664,8,0,45
2483765,14,0,40
2483866,22,0,59
2483966,30,0,75
2484066,39,8,84
2484167,45,12,76
2484267,57,20,82
2484367,65,26,96
2484467,66,33,100
2484567,70,29,108
2484667,85,46,120
2484767,82,45,126
2484867,83,45,106
2484968,79,43,137
2485068,79,40,121
2485169,78,25,114
2485270,79,50,124
2485371,75,28,100
2485471,71,37,104
2485572,69,35,105
2485673,67,29,101
2485774,66,32,93
2485874,62,27,100
2485974,62,20,99
2486074,61,26,96
2486174,63,25,105
2486275,64,21,92
2486376,62,28,97
2486476,64,17,100
2486577,67,40,107
2486678,69,42,107
2486779,66,7,84
2486880,61,12,89
2486981,57,16,105
2487082,57,22,79
2487183,57,22,101
2487284,60,18,94
2487384,62,13,88
2487485,63,30,77
2487585,61,28,93
2487686,62,16,100
2487787,64,35,94
2487887,62,25,97
2487988,64,29,106
2488089,65,35,104
2488190,64,38,102
2488290,64,29,111
2488391,62,21,105
2488492,63,23,101
2488592,75,35,124
2488692,85,40,130
2488792,107,66,140
2488893,130,90,175
2488993,140,103,176
2489094,146,106,180
2489194,151,114,190
2489294,163,132,193
2489395,160,112,190
2489496,160,106,196
2489597,158,102,189
2489698,156,121,169
2489798,157,129,201
2489898,157,113,187
2489999,156,111,194
2490100,155,110,189
2490201,154,117,209
2490301,151,112,204
2490401,151,127,189
2490501,151,110,171
2490602,149,102,199
2490702,149,107,193
2490802,151,109,187
2490903,151,108,173
2491004,150,108,194
2491105,149,121,186
2491205,148,98,192
2491306,148,121,191
2491406,148,110,178
2491507,150,120,191
2491608,151,101,200
2491708,148,97,188
2491808,149,109,189
2491909,151,97,189
2492010,153,118,182
2492110,152,106,185
2492210,151,118,190
2492310,150,125,188
2492411,150,121,182
2492511,149,127,181
2492612,149,125,186
2492712,146,108,190
2492812,147,113,182
2492912,147,112,190
2493013,146,86,191
2493114,147,115,173
2493215,149,110,173
2493316,151,105,171
2493417,150,123,187
2493518,149,119,198
2493618,150,108,191
2493718,151,128,188
2493818,151,111,190
2493919,148,101,182
2494019,157,120,195
2494119,169,111,206
2494220,179,156,204
2494321,191,141,237
2494422,202,167,247
2494523,209,184,260
2494624,216,168,255
2494724,221,193,258
2494824,231,194,280
2494925,228,184,261
2495025,226,195,259
2495126,224,188,276
2495227,222,183,243
2495327,220,173,268
2495427,221,176,279
2495527,219,183,272
2495627,221,163,263
2495728,221,190,258
2495828,221,175,252
2495929,219,183,261
2496030,220,182,256
2496130,216,175,265
2496230,216,187,257
2496330,218,179,254
2496431,219,176,256
2496532,220,195,244
2496632,222,180,256
2496732,226,195,269
2496832,240,196,274
2496932,246,202,284
2497033,268,217,299
2497133,279,243,314
2497234,297,245,333
2497335,311,274,349
2497435,310,278,335
2497536,327,293,368
2497637,324,271,375
2497737,322,277,351
2497838,317,280,371
2497938,313,272,356
2498038,310,273,354
2498139,308,275,353
2498239,309,276,339
2498340,307,271,358
2498441,306,270,334
2498542,306,253,325
2498643,305,260,351
2498743,306,267,343
2498844,308,277,345
2498944,311,263,350
2499045,310,275,339
2499145,308,259,347
2499246,307,272,332
2499346,308,262,348
2499446,306,257,355
2499547,305,261,344
2499648,303,259,338
2499748,303,261,327
2499848,305,266,348
2499949,307,280,342
2500049,308,270,353
2500149,309,276,349
2500250,307,267,319
2500350,310,261,348
2500450,310,269,355
2500551,310,262,335
2500651,311,271,360
2500751,314,280,350
2500852,320,290,370
2500952,323,285,369
2501053,330,290,346
2501154,341,319,389
2501254,349,320,393
2501355,356,315,382
2501455,363,339,398
2501555,373,334,425
2501656,376,332,419
2501757,374,337,395
2501858,385,343,431
2501958,383,352,415
2502058,382,330,443
2502158,380,335,429
2502258,379,351,425
2502359,382,330,421
2502459,381,341,430
2502559,381,329,443
2502659,380,345,427
2502759,379,342,403
2502859,378,339,427
2502959,378,338,413
2503060,378,339,416
2503161,380,339,409
2503261,379,327,418
2503362,379,338,426
2503462,379,345,420
2503563,378,333,428
2503664,380,347,413
2503764,380,349,425
2503864,378,338,393
2503964,378,350,411
2504064,376,331,413
2504165,374,330,421
2504266,374,339,423
2504367,374,331,427
2504467,375,347,402
2504568,376,341,415
2504669,376,326,421
2504770,375,325,407
2504871,374,336,403
2504972,375,337,414
2505072,374,342,412
2505172,374,347,403
2505272,374,336,406
2505372,371,335,411
2505472,371,326,410
2505573,372,336,412
2505674,372,337,414
2505774,373,327,415
2505875,373,339,411
2505975,372,347,410
2506075,371,331,421
2506175,371,324,411
2506275,370,341,425
2506376,370,333,411
2506476,372,339,409
2506577,371,338,418
2506678,370,323,408
2506778,371,323,413
2506878,369,338,421
2506979,369,328,415
2507079,369,340,398
2507179,368,340,396
2507279,367,320,406
2507379,369,332,391
2507479,369,326,399
2507580,368,335,414
2507680,377,348,430
2507780,396,357,444
2507881,421,392,462
2507981,450,410,499
2508081,479,434,523
2508181,479,456,517
2508281,485,443,515
2508382,468,427,491
2508482,462,426,501
2508583,457,440,494
2508683,461,421,485
2508783,463,422,501
2508883,460,422,512
2508983,454,410,501
2509083,450,406,498
2509183,453,412,493
2509284,460,417,503
2509385,469,434,495
2509486,467,416,513
2509586,467,434,505
2509686,468,424,509
2509787,472,445,530
2509888,484,460,515
2509988,488,448,520
2510089,492,446,527
2510189,486,456,524
2510290,488,447,525
2510391,489,434,529
2510491,491,455,530
2510592,488,444,512
2510692,496,465,522
2510793,375,343,430
2510894,141,114,195
2510995,24,0,57
2511095,3,0,28
2511195,1,0,21
2511295,1,0,19
2511396,1,0,18
2511496,1,0,27
2511597,0,0,15
2511698,1,0,19
2511799,1,0,15
2511899,1,0,11
2512000,0,0,41
2512101,1,0,17
2512202,1,0,22
2512303,1,0,33
2512404,1,0,12
2512505,1,0,29
2512605,0,0,22
2512705,1,0,21
2512805,1,0,26
2512906,1,0,21
2513006,1,0,37
2513106,0,0,28
2513207,0,0,10
2513308,0,0,14
2513409,1,0,18
2513510,1,0,38
2513611,1,0,11
2513712,0,0,10
2513812,1,0,18
2513913,1,0,15
2514014,1,0,34
2514114,0,0,17
2514214,1,0,15
2514315,0,0,16
2514416,1,0,11
2514516,1,0,28
2514617,1,0,24
2514717,0,0,17
2514817,0,0,16
2514918,1,0,12

Test16:
2602309,1,0,23
2602410,0,0,34
2602511,0,0,27
2602612,0,0,13
2602713,0,0,18
2602813,0,0,27
2602914,0,0,29
2603014,0,0,21
2603114,0,0,10
2603215,1,0,11
2603316,0,0,29
2603416,0,0,16
2603517,0,0,10
2603617,0,0,19
2603718,0,0,21
2603819,0,0,17
2603919,0,0,17
2604019,1,0,26
2604120,0,0,12
2604220,0,0,23
2604321,1,0,24
2604421,0,0,18
2604521,0,0,22
2604622,0,0,22
2604723,0,0,26
2604823,1,0,42
2604923,1,0,18
2605023,1,0,21
2605123,0,0,21
2605224,1,0,22
2605324,1,0,17
2605425,1,0,16
2605526,0,0,23
2605626,1,0,17
2605727,0,0,16
2605827,0,0,19
2605928,1,0,33
2606029,1,0,18
2606129,0,0,13
2606230,1,0,29
2606331,0,0,10
2606431,0,0,21
2606532,0,0,17
2606633,0,0,16
2606733,0,0,19
2606833,0,0,10
2606933,0,0,35
2607034,0,0,16
2607135,1,0,34
2607235,1,0,26
2607336,0,0,14
2607437,0,0,19
2607538,0,0,19
2607639,1,0,31
2607740,0,0,23
2607840,0,0,14
2607940,0,0,21
2608041,0,0,10
2608142,0,0,12
2608242,0,0,14
2608343,1,0,22
2608444,1,0,25
2608545,1,0,11
2608646,7,0,47
2608747,22,0,53
2608847,43,6,90
2608947,60,21,85
2609047,69,27,102
2609148,78,37,90
2609248,79,50,105
2609348,77,32,110
2609448,76,49,112
2609548,75,36,119
2609649,73,34,109
2609749,72,22,97
2609849,71,38,115
2609950,73,46,103
2610050,71,31,107
2610151,71,25,121
2610252,71,18,104
2610353,71,14,118
2610454,71,33,104
2610555,72,31,108
2610656,73,38,117
2610756,74,36,120
2610857,73,32,123
2610958,73,36,100
2611058,74,42,109
2611158,71,38,102
2611258,70,28,125
2611358,68,33,98
2611459,69,24,103
2611559,67,43,117
2611660,66,29,94
2611761,68,45,113
2611861,67,22,117
2611962,67,36,95
2612063,68,40,112
2612163,69,40,111
2612263,66,36,112
2612363,66,23,95
2612464,69,31,109
2612565,78,50,119
2612665,98,64,136
2612765,112,70,148
2612866,126,84,162
2612967,141,123,187
2613067,148,118,189
2613168,155,115,179
2613269,161,118,205
2613369,160,119,204
2613470,159,117,184
2613571,158,116,191
2613671,156,109,184
2613771,155,113,172
2613871,154,109,182
2613972,155,119,195
2614073,153,106,197
2614174,154,120,186
2614275,153,102,177
2614376,152,106,185
2614476,150,109,186
2614576,150,106,202
2614677,150,99,183
2614777,151,129,189
2614878,152,126,179
2614978,153,110,197
2615078,154,114,194
2615179,154,116,212
2615279,152,129,189
2615380,152,104,191
2615480,151,112,181
2615581,153,132,188
2615682,151,108,168
2615783,153,106,190
2615883,153,100,189
2615983,152,112,194
2616084,154,115,193
2616185,154,103,203
2616285,154,121,193
2616386,152,105,197
2616487,153,116,189
2616587,153,106,181
2616688,154,108,198
2616789,155,109,187
2616889,156,124,199
2616990,156,115,191
2617090,157,114,202
2617191,157,116,194
2617292,155,114,194
2617393,156,122,194
2617494,157,119,200
2617595,158,109,186
2617696,159,115,191
2617796,157,119,185
2617897,155,125,202
2617997,155,103,188
2618097,156,113,181
2618197,156,117,192
2618297,157,127,194
2618398,159,127,204
2618499,161,133,200
2618599,165,120,207
2618699,184,144,220
2618800,196,151,240
2618900,213,177,254
2619000,227,190,255
2619100,229,195,275
2619200,248,197,290
2619300,245,215,282
2619400,245,203,294
2619501,244,209,273
2619602,235,213,278
2619703,231,203,274
2619803,229,169,268
2619904,224,174,269
2620004,226,185,263
2620104,229,192,260
2620205,226,195,266
2620306,224,186,265
2620406,226,185,267
2620507,227,183,246
2620607,228,193,270
2620707,228,195,273
2620808,226,187,247
2620908,241,201,271
2621008,252,214,303
2621109,279,263,313
2621209,296,250,342
2621309,304,271,346
2621410,324,288,370
2621510,320,298,363
2621610,316,274,351
2621711,313,276,337
2621811,309,260,350
2621911,308,258,335
2622011,309,272,347
2622112,308,274,345
2622213,310,283,344
2622314,307,261,345
2622415,304,272,355
2622516,304,270,366
2622616,305,255,337
2622716,305,256,337
2622817,308,258,355
2622917,310,274,342
2623017,310,265,332
2623117,309,280,342
2623217,310,278,350
2623317,312,254,354
2623417,317,285,352
2623517,326,271,360
2623617,334,302,359
2623718,345,301,396
2623818,354,308,395
2623919,361,326,397
2624019,365,332,403
2624120,376,325,411
2624220,375,338,411
2624320,375,335,414
2624420,373,348,412
2624520,372,327,403
2624620,372,342,412
2624721,372,323,420
2624821,371,326,416
2624922,369,330,407
2625022,369,330,394
2625122,367,317,397
2625222,365,302,397
2625323,365,332,404
2625423,364,325,400
2625523,365,323,412
2625624,365,311,407
2625725,362,328,405
2625826,365,331,411
2625927,365,319,405
2626028,366,328,412
2626128,365,330,399
2626229,366,311,402
2626329,369,332,409
2626430,370,327,398
2626531,368,321,417
2626631,364,327,415
2626731,364,331,411
2626832,362,327,401
2626933,361,307,393
2627034,363,315,409
2627134,364,315,412
2627235,364,333,408
2627335,363,340,399
2627436,363,315,391
2627536,363,337,395
2627636,361,322,406
2627737,362,335,416
2627838,363,327,410
2627938,365,330,415
2628039,364,325,396
2628139,362,320,392
2628240,361,315,402
2628340,358,317,399
2628441,359,309,394
2628542,360,316,404
2628642,362,329,399
2628742,361,315,409
2628843,361,324,392
2628943,361,318,386
2629043,362,306,411
2629143,360,325,406
2629244,360,303,403
2629345,371,335,427
2629445,389,348,432
2629546,423,389,464
2629646,447,395,497
2629746,474,438,501
2629847,485,447,543
2629947,498,454,537
2630048,495,450,533
2630148,491,450,516
2630249,485,451,535
2630350,483,450,513
2630451,477,431,521
2630551,473,427,516
2630652,475,425,514
2630752,472,428,505
2630853,468,424,504
2630953,467,435,518
2631054,469,424,495
2631155,470,423,526
2631256,474,426,517
2631357,471,423,525
2631457,474,437,508
2631558,473,437,513
2631659,474,430,495
2631759,472,441,518
2631860,472,434,524
2631961,471,435,511
2632061,476,431,520
2632161,475,428,522
2632262,470,430,493
2632363,478,451,515
2632464,477,435,521
2632565,476,443,508
2632666,472,430,512
2632767,477,446,523
2632868,476,437,517
2632969,478,437,499
2633069,478,430,505
2633170,475,441,513
2633271,475,436,518
2633371,481,444,512
2633471,482,446,523
2633571,482,443,526
2633671,480,437,534
2633772,486,447,513
2633872,488,460,525
2633972,484,440,535
2634073,484,453,525
2634173,489,444,526
2634274,494,455,546
2634375,494,465,538
2634475,496,455,541
2634576,358,312,402
2634677,96,60,143
2634778,17,0,48
2634879,3,0,18
2634979,0,0,14
2635080,0,0,11
2635181,1,0,11
2635281,0,0,25
2635382,0,0,23
2635482,0,0,28
2635583,0,0,29
2635684,1,0,27
2635785,0,0,10
2635886,1,0,19
2635987,1,0,21
2636087,0,0,23
2636188,0,0,16
2636289,0,0,10
2636390,0,0,10
2636490,0,0,33
2636590,0,0,26
2636690,0,0,17
2636790,0,0,12
2636891,0,0,17
2636991,0,0,24
2637092,1,0,28
2637192,1,0,16
2637292,1,0,27
2637392,1,0,13
2637493,0,0,20
2637594,0,0,10
2637694,0,0,22
2637795,0,0,10
2637895,0,0,13
2637995,1,0,24
2638096,0,0,14
2638196,1,0,21
2638296,0,0,17
2638397,0,0,39

Test17:
2745782,0,0,19
2745883,0,0,31
2745983,0,0,23
2746084,0,0,30
2746185,0,0,15
2746286,0,0,21
2746386,0,0,12
2746487,0,0,24
2746588,0,0,12
2746688,0,0,14
2746788,0,0,10
2746889,0,0,18
2746990,0,0,13
2747091,0,0,11
2747192,0,0,37
2747293,0,0,27
2747394,0,0,28
2747494,0,0,28
2747594,0,0,16
2747695,0,0,10
2747796,0,0,30
2747897,0,0,12
2747997,0,0,21
2748097,0,0,23
2748197,0,0,14
2748298,0,0,10
2748399,0,0,24
2748499,0,0,28
2748599,0,0,28
2748699,0,0,26
2748800,0,0,24
2748901,0,0,24
2749002,0,0,28
2749102,0,0,46
2749202,1,0,20
2749302,0,0,10
2749402,0,0,24
2749503,1,0,22
2749604,0,0,14
2749705,0,0,31
2749806,0,0,32
2749907,0,0,13
2750007,1,0,17
2750107,0,0,12
2750207,0,0,27
2750307,0,0,13
2750408,0,0,12
2750508,0,0,26
2750609,0,0,24
2750710,0,0,18
2750811,0,0,20
2750911,0,0,18
2751011,0,0,16
2751112,0,0,10
2751212,0,0,10
2751312,0,0,14
2751413,0,0,17
2751514,0,0,32
2751615,1,0,28
2751715,0,0,18
2751816,0,0,33
2751916,0,0,27
2752017,0,0,18
2752118,0,0,15
2752218,0,0,40
2752319,0,0,13
2752419,0,0,10
2752520,0,0,16
2752620,1,0,19
2752721,0,0,19
2752822,1,0,11
2752922,0,0,26
2753022,0,0,18
2753123,0,0,21
2753223,0,0,18
2753324,0,0,13
2753425,1,0,26
2753526,0,0,18
2753626,0,0,19
2753727,0,0,10
2753827,0,0,28
2753928,0,0,12
2754029,0,0,11
2754129,0,0,15
2754230,0,0,13
2754330,0,0,17
2754431,0,0,17
2754531,0,0,19
2754631,0,0,11
2754732,1,0,14
2754833,0,0,45
2754933,0,0,10
2755034,0,0,10
2755134,0,0,29
2755234,0,0,19
2755335,4,0,44
2755435,7,0,27
2755536,17,0,48
2755636,25,0,57
2755736,37,0,67
2755836,45,6,70
2755936,56,19,87
2756037,62,16,100
2756138,63,32,113
2756239,68,32,96
2756340,72,29,108
2756441,75,52,111
2756541,72,29,109
2756642,76,41,111
2756743,72,38,116
2756844,73,41,115
2756945,70,57,113
2757046,71,32,116
2757146,70,33,106
2757246,69,29,107
2757347,72,18,101
2757447,72,20,95
2757548,72,33,108
2757649,70,29,106
2757750,71,32,98
2757850,72,37,120
2757950,74,47,115
2758050,75,30,96
2758151,75,34,109
2758252,74,22,109
2758353,74,55,128
2758454,65,39,102
2758555,66,21,110
2758656,68,27,110
2758757,67,33,106
2758858,69,33,110
2758959,67,36,112
2759060,65,38,107
2759161,65,13,98
2759262,65,36,90
2759363,69,24,114
2759464,79,34,124
2759565,88,55,128
2759666,111,75,154
2759766,126,76,172
2759866,141,116,199
2759967,151,108,196
2760068,160,120,204
2760168,158,120,199
2760268,157,124,187
2760368,156,113,208
2760469,156,132,207
2760569,154,119,189
2760670,153,104,189
2760770,153,103,194
2760871,152,127,189
2760972,152,111,196
2761072,151,126,197
2761172,152,127,196
2761272,152,112,198
2761373,151,112,190
2761473,149,97,190
2761574,148,107,184
2761675,148,126,182
2761776,148,103,184
2761876,148,107,178
2761977,148,110,187
2762078,148,135,176
2762179,147,102,183
2762280,148,109,192
2762380,148,122,190
2762481,148,103,169
2762581,147,115,207
2762682,146,108,180
2762782,146,97,190
2762882,147,98,192
2762983,147,107,175
2763083,146,110,179
2763184,147,125,172
2763284,148,108,186
2763385,149,101,189
2763485,149,109,191
2763585,150,121,179
2763685,150,116,181
2763785,151,105,193
2763886,151,115,190
2763987,150,111,183
2764088,151,113,192
2764189,153,101,197
2764289,153,122,194
2764390,153,107,196
2764491,152,115,187
2764591,151,120,194
2764692,150,99,182
2764792,151,104,192
2764893,151,91,198
2764994,151,116,190
2765094,150,112,188
2765194,150,119,195
2765295,151,109,182
2765396,153,109,184
2765496,152,103,197
2765597,158,122,198
2765697,158,120,184
2765798,170,122,199
2765899,176,133,219
2766000,190,135,227
2766101,199,176,212
2766201,210,171,256
2766302,215,178,257
2766403,223,187,259
2766503,224,166,255
2766604,248,206,283
2766705,245,209,291
2766806,240,195,273
2766907,235,191,277
2767007,238,198,282
2767107,236,178,277
2767208,235,197,286
2767309,237,191,284
2767409,234,185,276
2767510,227,188,259
2767611,228,183,264
2767712,226,192,268
2767812,229,188,259
2767912,225,192,262
2768012,226,195,278
2768112,225,186,275
2768213,222,180,270
2768314,220,168,256
2768414,223,181,268
2768515,224,182,250
2768616,224,182,271
2768717,225,181,260
2768817,222,185,260
2768917,223,185,264
2769018,222,187,272
2769119,220,172,261
2769219,218,186,262
2769319,221,170,266
2769420,222,201,256
2769521,220,187,257
2769622,219,168,240
2769723,219,195,252
2769823,223,171,248
2769923,219,177,257
2770023,216,165,245
2770124,213,180,250
2770224,214,163,263
2770325,216,180,260
2770426,220,175,252
2770526,223,177,246
2770626,226,175,259
2770727,241,212,277
2770827,253,212,285
2770928,265,219,297
2771029,270,225,305
2771130,283,250,321
2771230,293,255,335
2771331,300,254,342
2771432,294,268,335
2771532,291,256,313
2771633,291,250,327
2771734,290,261,312
2771835,290,252,322
2771935,292,250,331
2772036,291,244,334
2772137,291,247,340
2772237,291,262,328
2772338,289,242,326
2772439,289,257,321
2772539,291,258,333
2772640,288,244,322
2772740,289,252,334
2772840,289,251,320
2772941,292,252,325
2773041,290,239,339
2773142,292,262,338
2773243,291,245,328
2773344,288,241,323
2773445,290,255,339
2773545,290,248,323
2773645,292,256,326
2773745,295,265,345
2773845,295,269,336
2773946,296,248,332
2774046,299,253,334
2774146,301,260,348
2774246,301,238,351
2774347,303,260,339
2774447,304,259,343
2774548,303,283,328
2774649,302,260,338
2774750,303,268,342
2774851,303,267,352
2774951,305,282,337
2775052,306,256,351
2775153,307,268,356
2775253,307,258,350
2775354,310,262,336
2775455,315,281,368
2775556,319,278,359
2775657,330,270,367
2775758,343,317,379
2775858,361,323,394
2775958,366,323,405
2776059,378,361,416
2776160,381,338,421
2776260,393,345,437
2776360,392,346,421
2776461,390,353,436
2776561,388,355,430
2776662,387,359,430
2776763,387,342,415
2776864,387,360,419
2776965,385,358,434
2777066,382,342,422
2777167,382,334,406
2777267,381,348,421
2777367,380,355,404
2777467,380,318,402
2777568,379,336,429
2777669,378,341,420
2777769,379,333,413
2777869,377,331,419
2777970,376,330,422
2778071,376,338,417
2778172,376,345,418
2778273,375,344,411
2778374,376,338,423
2778474,376,349,427
2778574,375,329,408
2778675,375,340,403
2778776,376,331,410
2778876,378,331,420
2778977,376,336,420
2779078,378,355,408
2779179,378,334,420
2779279,377,345,426
2779379,377,334,406
2779480,376,331,437
2779581,377,336,415
2779682,374,339,422
2779782,389,353,423
2779882,401,356,434
2779982,425,379,456
2780083,460,429,490
2780183,471,441,526
2780283,479,445,519
2780383,504,460,540
2780483,508,465,538
2780583,501,459,540
2780684,500,471,545
2780784,497,465,533
2780885,495,460,539
2780985,490,452,538
2781085,485,457,525
2781186,481,451,526
2781287,477,425,531
2781387,482,433,539
2781488,482,446,513
2781589,484,444,516
2781690,483,436,513
2781791,480,434,531
2781891,477,435,522
2781991,474,415,517
2782091,476,433,505
2782192,474,438,523
2782293,474,415,502
2782393,470,428,515
2782494,469,427,520
2782595,466,432,512
2782696,471,441,504
2782797,471,428,513
2782898,474,443,515
2782998,473,426,515
2783099,472,430,501
2783200,470,427,519
2783300,464,419,509
2783401,467,435,506
2783502,469,427,496
2783602,467,431,502
2783702,467,410,495
2783803,469,411,513
2783904,471,428,516
2784005,473,435,522
2784105,470,438,505
2784205,474,451,528
2784305,476,419,519
2784405,473,438,522
2784506,472,423,512
2784607,477,437,521
2784708,474,451,518
2784809,472,416,515
2784909,469,418,515
2785009,468,443,499
2785110,469,421,503
2785211,471,427,506
2785312,469,419,490
2785413,465,431,514
2785514,292,247,341
2785615,83,44,112
2785716,35,0,56
2785816,3,0,34
2785917,1,0,29
2786018,1,0,22
2786118,0,0,27
2786219,1,0,11
2786320,0,0,31
2786421,0,0,17
2786522,1,0,30
2786622,1,0,29
2786722,1,0,27
2786822,0,0,10
2786922,1,0,27
2787022,1,0,18
2787123,1,0,29
2787223,0,0,15
2787323,0,0,17
2787423,1,0,39
2787524,1,0,27
2787624,1,0,22
2787724,1,0,23
2787825,1,0,37
2787925,1,0,13
2788025,1,0,21
2788126,1,0,19
2788226,1,0,22
2788327,1,0,19
2788427,1,0,21

Test18:
2916844,1,0,20
2916945,0,0,20
2917046,0,0,20
2917147,0,0,26
2917248,1,0,32
2917349,1,0,25
2917449,1,0,32
2917549,0,0,32
2917650,0,0,27
2917750,0,0,29
2917851,0,0,16
2917951,1,0,29
2918051,1,0,11
2918152,0,0,29
2918252,0,0,18
2918353,0,0,15
2918453,0,0,29
2918553,0,0,25
2918653,0,0,10
2918754,0,0,14
2918855,0,0,28
2918956,1,0,37
2919056,1,0,16
2919157,0,0,22
2919258,1,0,29
2919359,0,0,22
2919460,1,0,22
2919560,0,0,27
2919661,0,0,10
2919761,0,0,18
2919862,0,0,25
2919963,0,0,22
2920064,1,0,23
2920164,0,0,14
2920264,0,0,10
2920364,1,0,28
2920465,0,0,21
2920566,1,0,21
2920666,0,0,14
2920766,0,0,18
2920866,0,0,20
2920967,0,0,22
2921067,1,0,23
2921168,0,0,10
2921269,0,0,17
2921370,0,0,16
2921470,0,0,10
2921571,1,0,27
2921672,1,0,11
2921773,1,0,24
2921874,0,0,22
2921974,0,0,14
2922074,0,0,10
2922175,0,0,38
2922275,1,0,20
2922376,0,0,10
2922477,0,0,24
2922577,0,0,15
2922678,1,0,11
2922779,0,0,28
2922880,1,0,29
2922980,1,0,16
2923081,0,0,24
2923182,3,0,45
2923283,11,0,46
2923384,20,0,65
2923485,31,0,74
2923585,42,3,64
2923686,52,27,79
2923786,66,37,96
2923887,75,31,106
2923988,76,37,122
2924088,96,53,124
2924189,89,57,128
2924290,89,51,126
2924391,86,44,121
2924492,85,50,104
2924593,83,38,121
2924694,79,41,110
2924794,77,44,110
2924895,76,36,114
2924996,76,32,114
2925097,75,37,114
2925197,74,39,107
2925297,76,48,103
2925398,78,46,110
2925498,80,43,118
2925599,77,39,110
2925699,75,29,117
2925800,76,43,114
2925900,75,40,111
2926001,74,43,113
2926102,74,33,96
2926202,76,52,125
2926302,77,60,120
2926403,75,36,126
2926504,74,33,117
2926605,71,33,88
2926705,70,16,104
2926805,69,39,115
2926906,69,32,103
2927006,74,49,122
2927106,78,52,116
2927207,78,36,119
2927307,77,38,103
2927408,77,33,112
2927509,78,32,119
2927610,79,33,120
2927710,78,35,108
2927811,77,40,112
2927911,77,39,109
2928012,74,24,97
2928113,73,32,116
2928214,70,38,111
2928314,72,47,111
2928414,72,35,84
2928514,74,43,100
2928615,72,26,113
2928716,79,38,113
2928817,95,62,125
2928917,114,75,158
2929017,134,89,175
2929118,160,112,207
2929219,155,113,195
2929320,172,136,185
2929421,170,119,217
2929522,168,130,207
2929623,167,121,204
2929724,165,129,208
2929824,164,135,216
2929925,166,125,186
2930025,166,124,200
2930126,166,122,214
2930227,163,122,188
2930328,162,131,201
2930429,159,138,199
2930529,158,112,190
2930630,159,128,192
2930730,159,127,211
2930830,159,127,199
2930930,161,122,208
2931030,161,110,211
2931131,160,130,204
2931231,161,117,211
2931331,160,131,197
2931431,159,100,198
2931532,159,118,184
2931633,159,113,185
2931734,158,104,179
2931834,163,127,198
2931934,167,132,193
2932035,184,137,207
2932136,187,153,230
2932237,206,168,246
2932338,216,163,245
2932439,224,192,269
2932539,235,190,278
2932640,239,201,274
2932740,259,216,298
2932840,256,223,280
2932941,252,211,281
2933042,248,198,290
2933142,246,216,295
2933242,243,193,264
2933342,245,191,276
2933443,244,203,288
2933544,242,210,279
2933644,239,205,271
2933745,233,191,268
2933845,231,187,275
2933946,232,197,272
2934047,231,172,267
2934148,230,187,272
2934249,228,193,265
2934349,227,193,259
2934450,228,182,271
2934551,228,174,268
2934652,230,181,274
2934753,236,199,281
2934853,238,180,272
2934953,241,192,275
2935053,243,200,281
2935154,243,191,268
2935254,244,206,284
2935355,246,201,285
2935455,250,215,293
2935556,255,218,284
2935657,268,238,307
2935758,273,226,307
2935858,289,240,321
2935959,298,267,346
2936059,306,260,337
2936160,308,280,352
2936261,325,290,364
2936361,322,294,355
2936462,319,279,346
2936562,315,250,329
2936662,314,290,358
2936762,314,265,364
2936863,313,275,355
2936964,315,258,343
2937064,315,285,350
2937164,314,260,349
2937265,310,276,346
2937366,309,273,347
2937467,308,266,340
2937567,305,271,342
2937668,301,257,343
2937768,298,248,346
2937868,298,258,329
2937968,299,258,332
2938069,301,261,331
2938169,303,267,331
2938270,303,284,356
2938370,301,256,327
2938470,296,235,338
2938571,297,251,335
2938671,298,253,328
2938772,302,265,340
2938872,299,257,345
2938972,299,255,331
2939072,297,269,332
2939172,297,249,333
2939273,301,274,345
2939373,307,257,346
2939474,314,296,348
2939574,321,284,349
2939674,338,299,379
2939774,346,300,381
2939874,362,327,401
2939975,374,337,405
2940075,375,347,422
2940176,370,321,413
2940277,396,355,446
2940377,395,358,440
2940477,393,341,432
2940577,393,354,439
2940678,391,341,419
2940779,390,355,448
2940880,387,335,423
2940980,381,337,416
2941080,382,346,419
2941180,382,352,404
2941280,378,336,417
2941380,378,345,413
2941481,378,346,420
2941582,377,330,407
2941683,378,324,415
2941784,376,346,415
2941885,377,337,415
2941985,375,341,433
2942086,376,332,417
2942186,378,339,407
2942286,376,338,418
2942386,376,321,411
2942487,376,341,407
2942587,378,329,421
2942688,374,327,397
2942788,376,337,412
2942889,376,328,403
2942990,376,337,408
2943090,374,337,417
2943191,375,330,407
2943292,376,338,427
2943393,375,332,412
2943494,376,335,419
2943594,375,342,407
2943694,378,335,416
2943794,379,330,411
2943895,375,332,415
2943995,373,338,409
2944096,373,328,420
2944197,370,322,410
2944298,368,318,400
2944399,367,339,402
2944500,368,319,410
2944601,368,342,412
2944701,368,330,403
2944802,372,346,413
2944903,376,337,413
2945004,388,355,432
2945105,397,359,439
2945206,415,371,462
2945307,426,383,462
2945407,444,403,487
2945508,455,412,497
2945608,472,436,513
2945709,484,434,516
2945809,485,435,529
2945909,500,459,543
2946009,492,447,520
2946109,489,447,528
2946209,490,460,543
2946310,488,446,539
2946410,486,429,514
2946511,487,442,523
2946612,482,443,521
2946713,479,451,522
2946813,476,448,507
2946914,472,429,488
2947015,474,435,513
2947116,474,433,525
2947217,473,428,509
2947318,474,427,506
2947419,474,424,517
2947520,280,244,317
2947621,98,48,152
2947721,16,0,37
2947821,3,0,31
2947922,1,0,13
2948022,0,0,18
2948122,1,0,19
2948223,1,0,18
2948324,1,0,11
2948425,0,0,11
2948525,1,0,11
2948625,0,0,16
2948725,1,0,23
2948826,0,0,24
2948926,0,0,27
2949027,0,0,24
2949128,0,0,19
2949229,0,0,10
2949329,0,0,24
2949430,0,0,30
2949531,1,0,16
2949632,0,0,23
2949732,1,0,18
2949832,1,0,29
2949933,1,0,25
2950034,1,0,19
2950134,0,0,10
2950235,1,0,15
2950335,1,0,23
2950436,0,0,18
2950536,0,0,11
2950636,0,0,15
2950736,0,0,10
2950836,0,0,23
2950936,1,0,27
2951037,0,0,10
2951137,0,0,11
2951237,1,0,20
2951337,1,0,28
2951437,1,0,14
2951537,0,0,36

Test19:
3035295,0,0,25
3035396,1,0,20
3035497,1,0,11
3035598,1,0,29
3035699,1,0,11
3035800,1,0,19
3035901,1,0,24
3036001,1,0,25
3036101,1,0,24
3036202,1,0,20
3036302,1,0,26
3036402,1,0,19
3036502,0,0,28
3036603,1,0,29
3036704,0,0,22
3036804,1,0,24
3036904,0,0,12
3037004,1,0,20
3037104,0,0,12
3037205,1,0,40
3037305,1,0,21
3037406,1,0,15
3037507,1,0,28
3037608,1,0,19
3037708,1,0,27
3037809,1,0,21
3037910,1,0,20
3038010,0,0,11
3038110,0,0,16
3038210,1,0,33
3038310,1,0,16
3038410,1,0,20
3038511,1,0,22
3038612,0,0,24
3038712,1,0,11
3038812,0,0,15
3038912,1,0,27
3039012,1,0,17
3039113,1,0,17
3039214,1,0,12
3039315,0,0,26
3039416,1,0,28
3039517,1,0,11
3039618,1,0,11
3039718,1,0,11
3039819,1,0,24
3039920,1,0,16
3040020,1,0,11
3040121,12,0,52
3040222,25,0,53
3040323,47,30,89
3040423,63,24,98
3040523,71,31,99
3040623,93,59,136
3040724,90,33,140
3040824,88,42,132
3040924,85,46,125
3041024,82,56,115
3041124,81,43,116
3041225,79,51,118
3041326,77,46,109
3041427,78,44,116
3041527,81,46,124
3041628,83,51,111
3041729,85,53,126
3041830,85,48,118
3041931,80,34,105
3042032,80,44,106
3042133,82,51,114
3042233,82,43,115
3042333,80,48,123
3042434,79,51,105
3042534,76,43,124
3042635,76,47,93
3042735,77,44,118
3042835,72,35,103
3042936,69,37,106
3043036,68,23,111
3043136,66,33,109
3043236,68,28,98
3043336,69,43,106
3043437,67,33,85
3043538,70,28,96
3043639,70,37,104
3043740,67,43,93
3043840,68,21,119
3043940,66,23,116
3044041,65,22,101
3044142,65,30,104
3044243,66,29,120
3044343,65,18,97
3044443,66,18,116
3044543,66,29,95
3044643,66,34,101
3044743,68,32,80
3044843,68,20,117
3044943,69,46,99
3045044,66,33,110
3045145,69,43,97
3045245,67,33,110
3045345,67,44,118
3045445,63,27,126
3045546,66,33,120
3045646,65,39,99
3045747,72,32,107
3045848,97,48,132
3045948,120,79,141
3046048,140,93,183
3046148,150,93,185
3046248,148,120,174
3046349,147,97,189
3046449,147,112,185
3046549,146,94,174
3046650,147,101,185
3046751,149,123,202
3046852,148,106,179
3046952,146,104,185
3047052,146,93,194
3047152,148,104,199
3047252,149,108,191
3047352,151,121,188
3047453,152,110,196
3047554,152,114,199
3047655,154,113,197
3047756,156,125,192
3047856,157,114,214
3047957,158,114,205
3048058,158,116,201
3048158,159,140,197
3048258,158,124,187
3048358,157,124,181
3048458,158,130,194
3048559,155,123,187
3048659,155,109,198
3048760,155,112,194
3048861,156,103,206
3048962,159,105,196
3049063,159,119,198
3049163,162,131,188
3049264,165,127,201
3049365,170,129,196
3049466,175,137,200
3049567,179,135,206
3049668,183,152,222
3049769,192,140,216
3049869,199,162,235
3049970,202,166,243
3050070,206,165,241
3050170,208,170,237
3050271,211,166,242
3050371,206,166,247
3050471,208,177,265
3050571,206,159,236
3050672,209,161,257
3050772,208,164,249
3050873,205,163,245
3050973,203,164,218
3051074,205,175,246
3051174,207,172,245
3051274,207,171,257
3051374,206,174,249
3051475,206,153,242
3051576,205,170,240
3051677,206,162,260
3051777,211,167,258
3051878,210,159,260
3051979,209,178,248
3052080,208,164,251
3052181,211,189,249
3052282,210,181,248
3052383,214,178,262
3052483,216,153,246
3052583,214,176,265
3052684,215,178,248
3052784,216,169,252
3052885,217,176,276
3052986,216,179,260
3053087,218,185,265
3053188,220,184,269
3053289,218,173,260
3053389,218,168,260
3053490,215,174,254
3053590,215,177,248
3053690,217,177,271
3053791,219,191,253
3053892,218,186,269
3053993,219,174,247
3054094,218,184,268
3054195,217,176,247
3054296,215,190,269
3054397,215,174,257
3054497,217,193,252
3054598,216,176,255
3054698,218,193,265
3054799,217,181,266
3054899,220,180,276
3055000,219,201,270
3055100,217,188,246
3055201,217,172,259
3055302,222,187,262
3055402,227,179,254
3055503,243,204,274
3055604,261,210,302
3055705,275,225,312
3055806,287,260,332
3055907,294,251,330
3056007,295,260,335
3056107,314,274,338
3056207,313,271,348
3056308,312,252,349
3056408,307,257,332
3056509,309,261,356
3056609,308,271,348
3056710,303,279,340
3056810,303,269,336
3056911,306,259,355
3057012,310,268,336
3057113,309,272,343
3057213,309,275,347
3057313,306,265,339
3057414,307,258,348
3057514,306,275,351
3057614,298,260,346
3057715,299,275,332
3057816,299,254,339
3057916,300,261,339
3058017,299,261,336
3058118,300,251,324
3058219,301,250,337
3058320,299,259,332
3058421,300,254,332
3058522,300,254,337
3058623,301,269,328
3058723,303,267,349
3058823,304,259,344
3058924,304,263,352
3059025,303,264,353
3059126,304,260,332
3059227,306,267,347
3059328,309,258,343
3059428,310,284,338
3059528,311,269,341
3059629,321,277,342
3059729,341,302,367
3059830,353,305,386
3059931,365,331,402
3060032,377,330,436
3060132,380,330,419
3060233,389,341,427
3060333,385,348,424
3060433,385,346,418
3060534,385,337,437
3060635,384,360,436
3060736,381,336,421
3060837,380,343,425
3060937,381,332,412
3061038,383,345,411
3061139,382,338,411
3061239,381,346,436
3061339,380,336,425
3061439,379,340,424
3061540,379,349,418
3061640,380,350,422
3061741,377,354,416
3061842,376,351,421
3061942,378,323,407
3062043,376,336,427
3062144,376,330,419
3062245,374,328,422
3062345,377,336,427
3062446,392,367,430
3062547,411,372,462
3062648,434,394,479
3062749,452,417,488
3062850,467,432,499
3062950,474,422,524
3063050,497,447,525
3063150,497,458,536
3063251,494,460,531
3063352,487,439,532
3063452,484,446,521
3063552,478,438,526
3063653,470,414,523
3063754,467,424,499
3063854,465,432,492
3063954,471,437,511
3064054,471,429,511
3064155,467,437,506
3064256,469,441,509
3064357,471,431,516
3064457,469,421,515
3064557,469,418,513
3064657,467,427,494
3064757,467,424,514
3064858,469,412,495
3064959,471,429,508
3065060,467,428,501
3065160,466,433,509
3065261,470,428,509
3065361,469,419,502
3065462,472,435,510
3065563,472,441,498
3065663,469,441,511
3065763,468,424,516
3065863,469,425,518
3065964,468,427,512
3066065,470,432,518
3066166,473,435,526
3066267,469,433,509
3066367,470,431,518
3066467,472,444,523
3066568,471,421,506
3066669,351,321,388
3066770,126,82,160
3066871,24,1,62
3066972,3,0,25
3067073,1,0,30
3067173,1,0,27
3067274,1,0,20
3067374,1,0,11
3067474,1,0,27
3067574,1,0,11
3067674,1,0,22
3067775,1,0,27
3067876,1,0,11
3067977,1,0,22
3068078,0,0,16
3068178,1,0,30
3068279,1,0,11
3068380,1,0,22
3068481,1,0,26
3068582,1,0,13
3068683,1,0,29
3068783,1,0,14
3068884,1,0,21
3068985,1,0,11
3069086,1,0,21
3069187,1,0,28
3069288,0,0,19
3069388,1,0,11
3069488,1,0,26
3069588,1,0,18
3069689,1,0,22
3069790,1,0,11
3069890,1,0,11
3069991,1,0,28
3070092,1,0,23
3070193,1,0,21
3070294,1,0,15
3070395,1,0,22
3070496,1,0,24
3070597,1,0,22
3070698,1,0,27

Test20:
3219450,1,0,26
3219550,0,0,10
3219650,0,0,22
3219751,0,0,10
3219852,0,0,20
3219953,0,0,32
3220054,0,0,23
3220154,0,0,23
3220254,0,0,11
3220354,0,0,20
3220455,0,0,14
3220556,0,0,21
3220656,0,0,28
3220757,0,0,10
3220857,0,0,20
3220958,0,0,27
3221058,0,0,15
3221158,0,0,10
3221258,0,0,10
3221358,1,0,16
3221458,0,0,27
3221559,0,0,24
3221659,1,0,11
3221760,0,0,13
3221861,0,0,25
3221961,0,0,42
3222062,0,0,21
3222163,0,0,18
3222263,0,0,15
3222364,0,0,12
3222465,0,0,20
3222566,0,0,13
3222666,0,0,21
3222767,0,0,28
3222868,0,0,10
3222969,0,0,18
3223070,0,0,11
3223170,0,0,16
3223270,1,0,23
3223370,0,0,10
3223470,0,0,20
3223570,0,0,18
3223670,0,0,10
3223770,0,0,11
3223871,0,0,10
3223972,0,0,10
3224073,0,0,23
3224174,0,0,10
3224275,0,0,22
3224375,0,0,19
3224475,0,0,20
3224575,0,0,19
3224676,0,0,10
3224776,0,0,25
3224876,0,0,12
3224977,0,0,19
3225077,0,0,14
3225177,2,0,32
3225278,8,0,20
3225378,15,0,44
3225478,25,0,51
3225579,32,0,69
3225680,43,4,80
3225780,55,15,96
3225880,64,29,108
3225981,70,49,117
3226081,71,33,114
3226182,73,37,109
3226282,95,61,125
3226383,91,54,117
3226483,84,50,133
3226584,81,57,107
3226684,80,48,114
3226784,77,29,112
3226885,78,30,119
3226986,75,48,95
3227086,75,39,118
3227186,72,27,93
3227286,72,28,102
3227386,70,39,120
3227486,68,48,97
3227586,68,24,110
3227687,69,37,98
3227788,70,35,111
3227889,70,8,118
3227989,71,35,106
3228090,74,38,112
3228191,74,33,107
3228291,75,39,102
3228391,78,46,111
3228491,77,39,112
3228592,76,37,104
3228693,75,29,121
3228793,76,30,106
3228893,77,13,114
3228994,78,47,119
3229094,77,45,113
3229195,77,30,105
3229295,78,36,119
3229396,77,39,118
3229496,78,43,112
3229597,76,36,105
3229697,73,36,94
3229798,75,35,106
3229899,77,32,120
3229999,79,58,111
3230100,80,57,128
3230200,78,34,107
3230301,78,40,116
3230402,78,44,109
3230503,79,43,105
3230603,79,51,122
3230704,79,44,113
3230804,77,42,118
3230905,77,35,108
3231006,76,39,104
3231107,78,44,113
3231207,78,26,109
3231308,85,60,138
3231409,103,61,136
3231510,128,91,149
3231611,146,99,187
3231712,151,114,163
3231812,148,109,187
3231912,148,109,179
3232013,148,106,173
3232114,148,111,188
3232214,149,103,197
3232314,148,107,182
3232414,149,92,181
3232515,149,108,196
3232616,150,119,177
3232716,151,111,193
3232817,154,114,201
3232918,153,108,187
3233018,155,111,201
3233119,154,103,202
3233220,155,118,190
3233320,156,126,197
3233420,156,117,186
3233521,161,126,192
3233622,160,106,201
3233722,168,128,205
3233823,175,132,217
3233923,187,170,216
3234024,193,148,217
3234125,200,158,226
3234226,211,177,242
3234326,212,166,248
3234426,220,179,270
3234527,222,168,268
3234628,227,176,268
3234729,221,177,250
3234829,218,178,258
3234930,214,162,246
3235031,214,172,252
3235132,214,171,258
3235233,213,164,249
3235333,215,180,256
3235433,215,172,235
3235534,216,183,254
3235635,216,180,245
3235736,214,177,256
3235837,217,172,242
3235937,219,189,263
3236038,214,184,246
3236139,214,161,259
3236240,214,173,253
3236341,216,162,254
3236442,218,183,242
3236543,217,174,255
3236643,219,184,253
3236743,219,181,254
3236843,217,184,260
3236944,220,185,258
3237044,222,166,255
3237144,223,193,266
3237244,221,182,279
3237345,223,183,246
3237445,220,190,273
3237546,219,173,261
3237647,220,193,258
3237747,222,177,253
3237848,226,195,275
3237948,223,173,253
3238049,223,182,268
3238150,226,169,267
3238251,228,196,265
3238351,228,187,265
3238452,227,193,274
3238552,226,195,263
3238652,228,186,265
3238753,231,190,266
3238853,232,194,267
3238953,232,192,268
3239054,232,199,272
3239155,232,196,279
3239255,233,195,266
3239356,233,211,263
3239456,232,194,273
3239556,230,183,263
3239657,229,194,274
3239758,238,187,281
3239858,243,202,268
3239958,252,205,297
3240059,266,220,303
3240159,273,242,304
3240259,285,255,322
3240359,296,255,334
3240460,302,259,323
3240561,304,272,342
3240661,304,269,350
3240761,310,252,345
3240861,308,269,354
3240962,306,273,332
3241062,305,262,319
3241162,305,264,338
3241263,302,257,348
3241364,299,255,335
3241465,297,257,322
3241566,298,255,348
3241666,298,268,330
3241767,298,266,343
3241868,297,241,339
3241969,297,271,342
3242070,298,248,336
3242170,301,261,362
3242270,299,265,333
3242370,302,277,364
3242471,301,256,347
3242572,301,251,335
3242672,302,254,348
3242773,302,257,343
3242873,302,263,340
3242974,304,265,346
3243075,303,269,349
3243176,305,259,344
3243276,304,270,342
3243376,303,251,343
3243477,304,256,351
3243578,305,261,346
3243679,306,262,350
3243779,307,255,353
3243880,307,262,345
3243980,307,275,346
3244081,307,250,342
3244182,310,267,350
3244283,311,271,347
3244384,310,276,339
3244485,311,285,330
3244586,310,284,354
3244686,311,274,338
3244787,313,254,352
3244888,311,280,351
3244988,310,275,351
3245088,310,272,349
3245188,309,264,355
3245289,307,266,350
3245389,308,265,342
3245490,312,260,350
3245590,315,285,369
3245691,329,288,361
3245792,347,298,376
3245892,370,320,403
3245993,384,344,413
3246093,391,347,410
3246193,397,365,433
3246294,396,353,428
3246395,393,356,426
3246496,393,358,426
3246597,396,357,440
3246697,391,342,439
3246797,393,360,431
3246897,391,349,425
3246997,389,367,413
3247098,386,336,425
3247199,387,344,425
3247300,386,345,413
3247400,387,346,438
3247501,388,339,426
3247602,389,339,429
3247702,388,346,447
3247802,387,351,437
3247902,387,350,428
3248003,386,334,433
3248103,388,340,445
3248203,391,351,416
3248304,403,369,427
3248405,414,376,438
3248506,422,384,459
3248607,438,401,475
3248708,448,404,486
3248809,462,416,492
3248910,466,438,494
3249011,473,427,512
3249111,479,445,516
3249212,499,457,533
3249313,495,452,529
3249413,489,442,519
3249513,484,434,515
3249614,480,452,530
3249715,479,420,539
3249816,472,436,504
3249917,469,440,513
3250018,466,419,526
3250118,465,423,507
3250219,469,408,511
3250320,470,440,501
3250421,478,455,505
3250522,476,444,519
3250623,473,433,520
3250723,469,438,521
3250823,471,430,511
3250923,473,443,509
3251023,473,429,508
3251124,471,431,498
3251225,467,434,489
3251325,470,436,507
3251426,472,425,504
3251527,473,428,514
3251628,472,431,504
3251728,474,431,502
3251829,477,432,526
3251930,474,428,501
3252030,476,443,514
3252131,473,444,513
3252231,472,426,496
3252331,472,440,516
3252431,470,443,500
3252532,466,430,502
3252632,465,428,505
3252732,465,428,497
3252832,465,419,504
3252932,465,408,497
3253033,461,435,508
3253134,459,405,478
3253235,461,406,488
3253335,465,425,505
3253436,464,415,493
3253537,462,411,506
3253638,462,420,498
3253738,463,428,498
3253839,464,414,497
3253939,462,412,511
3254040,464,424,505
3254141,467,422,508
3254241,470,421,515
3254342,466,429,508
3254443,467,417,512
3254544,467,424,488
3254644,469,437,514
3254744,470,429,514
3254845,470,427,501
3254945,293,256,314
3255045,111,69,152
3255146,16,0,59
3255247,3,0,25
3255348,0,0,18
3255448,0,0,17
3255548,0,0,20
3255649,0,0,22
3255749,0,0,10
3255850,1,0,23
3255951,0,0,14
3256052,0,0,25
3256153,0,0,18
3256254,1,0,17
3256355,0,0,20
3256456,0,0,10
3256556,0,0,26
3256657,0,0,24
3256757,0,0,10
3256858,0,0,10
3256958,1,0,15
3257058,0,0,10
3257158,0,0,22
3257258,0,0,10
3257358,0,0,10
3257459,0,0,31
3257559,0,0,11
3257659,0,0,18
3257760,0,0,31
3257861,0,0,21
3257962,0,0,23
3258062,0,0,13
3258163,0,0,19
3258264,0,0,30
3258365,0,0,17
3258465,0,0,13
3258565,0,0,21
3258665,0,0,18
3258765,0,0,12
3258865,0,0,28